acc_x, acc_y, angular_z, stamp, 
-0.040107211302920165, -0.004673459275376128, 0.12033628835246131, 277816000000, 
-0.059103371454957754, 0.043141454956133446, 0.12011798292018361, 277821000000, 
-0.032405358258126765, 0.04137849105916338, 0.12015235935704886, 277826000000, 
-0.0711573358686967, 0.05903452429651675, 0.11991643483987058, 277831000000, 
-0.06709064469330055, 0.07068339839926416, 0.12006344235705735, 277836000000, 
-0.08467256686286098, -0.009616630834940975, 0.11981129248090443, 277841000000, 
-0.044810954707636116, 0.11123567480434746, 0.12000154527644327, 277846000000, 
-0.05257372296688076, -0.0022917652013646197, 0.12005999713409096, 277851000000, 
-0.07428248163384532, 0.03351457155389116, 0.12012511551588377, 277856000000, 
-0.04900771068619451, -0.005752066634740677, 0.11964163361285071, 277861000000, 
-0.04229509421105467, 0.0362002011386969, 0.12001790950335194, 277866000000, 
-0.049704653501074336, 0.01919948551091029, 0.11994335047068393, 277871000000, 
-0.07731330251061955, -0.006148496928562091, 0.11996837810251243, 277876000000, 
-0.05752609690698343, 0.06204728344251736, 0.12017263464179524, 277881000000, 
-0.050254818203340754, -0.013904897037673343, 0.12013909327840076, 277887000000, 
-0.053038208985357736, 0.058882233292736647, 0.12017556732413798, 277892000000, 
-0.04822218736656962, 0.0036952116092538977, 0.11981718063527917, 277897000000, 
-0.0623192558707522, 0.00193379590662255, 0.11974853413611046, 277902000000, 
-0.03824558870009409, 0.09295027390977478, 0.11977704268088704, 277908000000, 
-0.07351080091158389, -0.029115178886107464, 0.12014125303017369, 277913000000, 
-0.06075905473109521, 0.05281829993833277, 0.1201105126634968, 277919000000, 
-0.079911431148317, 0.020002909962500197, 0.1197421792908439, 277924000000, 
-0.08001826458500408, 0.11149612491620164, 0.11990324726222203, 277929000000, 
-0.06901641843423804, 0.00900181706781461, 0.11976683758410357, 277934000000, 
-0.051856522795582186, 0.03577714539427781, 0.119853254898478, 277940000000, 
-0.04755391848380668, 0.03778022684701556, 0.11995658465237657, 277945000000, 
-0.06381329740103137, 0.019840025269780678, 0.11995398261794958, 277950000000, 
-0.031194558226578184, 0.08176674512589391, 0.12001570677391432, 277955000000, 
-0.0542654616647869, 0.021608713959174866, 0.12028886342515309, 277960000000, 
-0.06528263996138703, 0.07447603246930919, 0.12006460477977686, 277965000000, 
-0.01712658657071451, 0.004975838610538529, 0.11994946002746507, 277972000000, 
-0.04685837394793961, 0.05783507261433899, 0.11999149270989277, 277977000000, 
-0.07804697785837789, 0.0031976924954545535, 0.12003171119126595, 277983000000, 
-0.061335352459397315, 0.027775619418558953, 0.11991355367983704, 277988000000, 
-0.07002469874210804, 0.08621496071075917, 0.11992685160284094, 277993000000, 
-0.06615676287392235, 0.01529497751227351, 0.11995114213455167, 277998000000, 
-0.06508957676836463, 0.036436788566042655, 0.12039972674930281, 278003000000, 
-0.04095311350034707, 0.05272669233377819, 0.11987411911589552, 278009000000, 
-0.05075140227032017, 0.018754317521479765, 0.11993935000747896, 278016000000, 
-5.058088349720112, 0.11163162881574566, 0.15966434070699811, 278021000000, 
-0.1330687535951411, -0.0037982687678511616, 0.3129972041931592, 278026000000, 
0.5477330071666896, 0.0733544132343169, 0.5048192432842524, 278031000000, 
-0.12905401923685636, 0.14399973760653764, 0.6816266315423976, 278036000000, 
0.175407806193714, 0.19701975855847498, 0.8608806168431624, 278041000000, 
0.029051149218642894, -0.0906939347449414, 1.0049037434373802, 278046000000, 
-0.21191730662207298, 0.26281371361198624, 1.2192110937172171, 278051000000, 
-2.9241739965473745, 0.14596396676678755, 1.3814814877902208, 278057000000, 
-0.2789565108143701, 0.052713327675246585, 1.5354846907255157, 278062000000, 
-0.0613271705304109, 0.3032053676501199, 1.6387133392571052, 278067000000, 
-0.05270737663479701, -0.005605041190253911, 1.6700711075572283, 278072000000, 
-0.0560417283630492, 0.25428770138094614, 1.6937318408007864, 278077000000, 
-0.07285081181977054, 0.18526061038406072, 1.6743652735830266, 278082000000, 
-0.0032934615013488827, 0.0693213352069134, 1.6248888895168716, 278087000000, 
0.20205285155691272, 0.3838261914109278, 1.5614249247815548, 278092000000, 
0.07833032206027311, 0.0858974145052562, 1.3540348227566685, 278097000000, 
0.15543386129250317, 0.12926080545070232, 1.2831196362505586, 278102000000, 
0.13692878308663634, 0.2392580679257658, 0.9863644929885652, 278107000000, 
-0.04563911249359423, 0.005868725652000216, 0.8107108413354658, 278112000000, 
0.032738298411644995, 0.04044077084885237, 0.585416514720396, 278118000000, 
-0.226314911119423, 0.12050003057643231, 0.3062853560738885, 278129000000, 
0.1603703568118029, 0.06446857093050974, 0.1911111101008713, 278134000000, 
-0.227054054789919, 0.03663357292218752, 0.04546176371023051, 278139000000, 
-0.07233233724693723, -0.026898576586128077, -0.058760796130240635, 278144000000, 
-0.16484159007066226, 0.06203567079954045, -0.10890255835196064, 278149000000, 
-2.2504558880599568, 0.022628354366952114, -0.1266546229371678, 278156000000, 
-0.4076667487343032, 0.014300842637838651, -0.12362914855797348, 278161000000, 
-0.027771582297754654, 0.008378922471778067, -0.10519556889347031, 278166000000, 
0.025288739327473896, 0.02625284346936056, -0.04655772278006278, 278172000000, 
-0.28720620825750165, -0.002629191874571654, -0.008071665247438119, 278177000000, 
-0.08499948042555894, -0.012176153660349964, 0.0018444894915510023, 278182000000, 
0.058121510034231785, 0.04565940237318507, 0.07776402458080169, 278187000000, 
1.8149828599715243, -0.04096734090992563, 0.14643039236020314, 278192000000, 
-0.08839224915383286, 0.005350687295957807, 0.17853548230052538, 278197000000, 
0.08310367651099888, 0.03554708534668116, 0.1973534389866189, 278202000000, 
-0.24619192745187274, 0.022714849606309248, 0.2025293786780974, 278207000000, 
-0.056433859605228606, 0.011603817678045365, 0.19478926997096796, 278212000000, 
0.11223288100012611, 0.05142194154957729, 0.1767671470575087, 278217000000, 
-0.24065625522132705, 0.040011833221154494, 0.14263099535207993, 278224000000, 
3.5685146721042376, 0.023445735640927022, 0.09025260125221492, 278230000000, 
-0.06442780212935936, 0.02530097639257725, 0.05641418622014312, 278235000000, 
-0.08901375518263643, -0.07213066155231802, -0.009639132500634874, 278241000000, 
0.06470678526896938, 0.29676792151753606, -0.03317229144807196, 278246000000, 
-0.06083690593502363, -0.11067354482401556, -0.07936074389210183, 278251000000, 
-0.08446325230722745, 0.012631861964486506, -0.09969599473687946, 278256000000, 
0.007895575031157093, 0.20305926029583748, -0.11784595479953537, 278261000000, 
-0.13574143756644627, -0.23824434519243515, -0.12540877942320997, 278266000000, 
-0.02031793023786694, 0.11476211081894172, -0.12430620841866447, 278271000000, 
-0.04955337052766041, 0.03468308462946686, -0.11714068038695002, 278276000000, 
-0.176679047189177, -0.18881197344059136, -0.10179350247923617, 278281000000, 
-0.05180951284643755, 0.051405762539876, -0.09802669303854776, 278286000000, 
0.007140443511909157, 0.1243132527316336, -0.06705519249911651, 278291000000, 
4.2152790826209, -0.17568738573545525, -0.036419169337389264, 278296000000, 
-0.16554087592359745, 0.037717515496611544, -0.005631399379272937, 278301000000, 
-0.07487554885246994, 0.19648350970921813, 0.018419462775960887, 278306000000, 
-0.12142551230030413, -0.1864802315222909, 0.03502313979697087, 278312000000, 
-0.0491355148508692, 0.13564358175979496, 0.05784451352635413, 278317000000, 
-0.10369056823110978, -0.14142062626646285, 0.06771207804329901, 278323000000, 
-0.05842719812126482, 0.012939517426750192, 0.07357492908916566, 278329000000, 
-0.007276318889798341, 0.17422873504613215, 0.07249148588851966, 278334000000, 
-0.08827646980305225, -0.09193191591279827, 0.06155987045295353, 278341000000, 
-0.05253380766329831, 0.03953993619470434, 0.05082708761843346, 278346000000, 
-0.07339840616861824, 0.03837055866598903, 0.03990632197780163, 278351000000, 
-0.03668390775591894, 0.01607232114599761, 0.016345318825740352, 278357000000, 
6.314295078168435, 0.19424705065623263, 0.003495828191096759, 278362000000, 
-0.11426450759425642, 0.004877254825086533, -0.008025682894994461, 278367000000, 
-0.05311369191979511, -0.020073141168836503, -0.02170709122488288, 278372000000, 
-0.05266345842335796, -0.019290031985926503, -0.033206398502333895, 278377000000, 
-0.03368369854900837, 0.048994550364812414, -0.04499486492034405, 278382000000, 
-0.07991266340911347, -0.0012446205286781404, -0.04931552391986716, 278389000000, 
-0.0598613474226492, 0.010770038509625286, -0.05023685327657702, 278394000000, 
4.120499621534441, 0.08511934704211833, -0.047456631166596284, 278399000000, 
-0.10826678343988387, -0.0024571735331042547, -0.04347058875269349, 278404000000, 
-0.06340253462959938, -0.005870966763658442, -0.03288002637358021, 278409000000, 
-0.05634328950173424, 0.024200616251327665, -0.02544691221700962, 278414000000, 
-0.07551686330964313, 0.031289777926741695, -0.015569408088586187, 278419000000, 
-0.06180754484712121, -0.006437472112325192, -0.004916320900817505, 278424000000, 
-0.028985256673459536, 0.01608574147420475, 0.004506890901728283, 278429000000, 
-0.06879455483614333, -0.0032296897785370933, 0.013053605614317879, 278434000000, 
-0.05750534060086955, 0.03463833535713971, 0.02049270614559796, 278441000000, 
-0.08032966150950058, -0.002173624435123818, 0.027156523884089474, 278446000000, 
-0.027377250412444484, 0.02589382683164946, 0.029618914485677043, 278451000000, 
-0.0784349630158896, 0.0305139272524002, 0.028887523880834366, 278458000000, 
-0.0051567596929216405, 0.02557724989862742, 0.026766780424722907, 278463000000, 
-0.032247339883846635, 0.021982795076259675, 0.02296519762847213, 278468000000, 
-0.03902002751218083, 0.01781745076528566, 0.01685791633264505, 278473000000, 
-0.05740411697257249, 0.013677315340525716, 0.012251498763380716, 278478000000, 
-0.01057349568062962, 0.0512153087652559, 0.006477666680020336, 278483000000, 
-0.04769378813322078, 0.009843960198278861, 0.00028050813663904183, 278489000000, 
-0.07366022676743234, 0.0023934168681022175, -0.005904227562721337, 278494000000, 
5.090163720089229, 0.04975172205114698, -0.010544385578281431, 278499000000, 
-0.10817000718095121, -0.009625236199386256, -0.014548412708610837, 278504000000, 
-0.09489079423553722, 0.0030933266255802703, -0.017541171193811773, 278509000000, 
-0.04467584674211392, 0.01544894121347482, -0.018083700641665416, 278514000000, 
-0.01350272654417451, 0.009377967581228663, -0.018224376942257547, 278523000000, 
-0.055826604067165636, 0.01037069035191584, -0.016623506181475164, 278528000000, 
-0.04005873693455386, 0.016479691998617575, -0.013669745859726681, 278533000000, 
-0.04748574490054383, 0.024032568461062772, -0.010643143166139474, 278538000000, 
-0.03375789880827131, 0.023565947587198405, -0.0067183479671681385, 278543000000, 
-0.07014432994747015, 0.016815699374886032, -0.003106933057973071, 278548000000, 
-0.02032588474520029, 0.01715114867441416, 0.0006737426976540486, 278553000000, 
-0.047961975576287154, 0.042200364982708696, 0.004384861894769778, 278558000000, 
-0.07176782343070576, 0.032466848953303706, 0.007005183060435174, 278563000000, 
5.115572979286833, -0.05569690392571817, 0.00916141525016649, 278568000000, 
-0.1255395739267533, 0.010355829572222225, 0.01039878081853517, 278574000000, 
-0.08982328955268253, -0.011878463992939247, 0.01083746466055912, 278579000000, 
-0.03605136245775217, 0.01284676477068471, 0.010124282601909505, 278585000000, 
-0.04677078682883921, 0.01651239629864121, 0.009145174366681065, 278590000000, 
-0.05308693160941836, 0.029854393191761523, 0.00706729904557363, 278595000000, 
-0.044475488634812425, 0.044425770722242075, 0.004968368535516528, 278600000000, 
-0.03723825645255494, 0.07295100443650551, 0.002675976600626772, 278605000000, 
-0.04140494992424647, 0.05539033839038092, 0.0003815941727995429, 278611000000, 
-0.017750046696479824, 0.019319353681655573, -0.0020646448275933155, 278616000000, 
-0.028304074256930566, -0.00015936006214063367, -0.00400815313588601, 278621000000, 
-0.0437129723742947, 0.025994006119194897, -0.005256873132727893, 278626000000, 
-0.024318612914799552, 0.014842132701681577, -0.0062810457386575196, 278632000000, 
-0.06477345505280346, 0.019325503612840977, -0.006286924577661557, 278637000000, 
-0.04626073587135756, 0.009661886717663187, -0.006703175462454796, 278642000000, 
-0.018353806487464805, 0.031032468460063807, -0.006258429984267716, 278647000000, 
-0.04239820667738842, 0.0013133837649899251, -0.0045407364553754015, 278652000000, 
-0.018893254915724803, 0.028882581206617252, -0.004331501217972584, 278657000000, 
-0.05037139406647052, 0.015426406672949613, -0.003959788899438749, 278662000000, 
2.8312518720316686, -0.0102851255374106, -0.001119677212412614, 278668000000, 
-0.13044628564747043, 0.02400727772633917, -8.515560808676038e-05, 278673000000, 
-0.032722996652424896, 0.0003624143548546545, 0.0009262720345054726, 278678000000, 
-0.028599818888667528, 0.010544845768718926, 0.0015193740851640596, 278683000000, 
-0.039671420541117705, -0.005870474942058588, 0.0029690189579742073, 278688000000, 
-0.07249883419678169, 0.019191833390914778, 0.0032571217099550786, 278693000000, 
-0.053688613140256455, 0.0064951633585119545, 0.003496757636828918, 278698000000, 
3.656610915142484, 0.030394179605581245, 0.003319291032082304, 278703000000, 
-0.09509919368982216, 0.03697119180331529, 0.003308396806563656, 278708000000, 
-0.08357122694371619, 0.03266828953075007, 0.0028303314889412835, 278713000000, 
-0.02850087888996824, 0.014934006679329528, 0.001941090851518053, 278718000000, 
-0.02225953986343713, 0.02875706626054493, 0.0014967795081831372, 278724000000, 
-0.04831471076564561, 0.03018391498788809, 0.0005742916117587735, 278732000000, 
-0.061802284995422105, 0.026143772357435896, -0.0005914010747750392, 278737000000, 
-0.03361012233310376, 0.026743610337248175, -0.001304714066519451, 278742000000, 
-0.024217420867154983, 0.003716699867768951, -0.0020693220958053417, 278751000000, 
-0.04047194660111834, 0.024504744034736313, -0.0020794682094242545, 278756000000, 
-0.02979894416897167, 0.003579758422614248, -0.002349744893518345, 278761000000, 
-0.03304702042322881, 0.02456709892126726, -0.002202309412832072, 278767000000, 
6.389175077245584, -0.007690294619706772, -0.001741775530998605, 278772000000, 
-0.10288712836339133, 0.020706177979685818, -0.0015044182748369852, 278777000000, 
-0.0639798198081224, 0.024569312602534914, -0.0006965178291703164, 278783000000, 
-0.02339333458686544, -0.0024208163938742276, -4.146341133260886e-05, 278789000000, 
-0.05788643520386526, 0.04309475284802517, -6.75540205592311e-05, 278794000000, 
-0.02780761499730384, 0.015216714575237485, 0.0004814347306750336, 278799000000, 
5.118468699910792, 0.022404276013432638, 0.0008044610644444119, 278804000000, 
-0.0778717159247703, 0.05025293285819203, 0.0008854844212746625, 278809000000, 
-0.0664341704440195, 0.017107584985277126, 0.0014338616830150332, 278814000000, 
-0.04516965526867893, 0.0035132376030694266, 0.0015926133570023805, 278819000000, 
-0.031079591596823, 0.002327657511804717, 0.0012059208219649994, 278824000000, 
-0.010801645444512165, 0.000982133857532163, 0.0012723244925918426, 278832000000, 
-0.03799337062697668, -0.022652122867175745, 0.001223848018555242, 278837000000, 
-0.013897907680225769, 0.018580533744537386, 0.0007542031830773097, 278842000000, 
-0.021990919584312214, 0.0006036880240958865, 0.0005141662645319549, 278847000000, 
-0.01951248413927931, 0.003839875333098545, 0.0003109658947880585, 278852000000, 
-0.037155661743180225, 0.030673651135943353, -0.00014245557243554955, 278857000000, 
-0.004638706076054069, 0.006847673556576444, -0.000412361649907665, 278862000000, 
-0.04211606311226475, 0.01606475918708849, -0.0002884963919351967, 278868000000, 
-0.03071614014206898, 0.02716170444752957, -0.0010815774598808409, 278874000000, 
-0.01099622237911321, 0.021370508581699105, -0.0009114650026183181, 278881000000, 
-0.04923628616250611, -0.011000299176468602, -0.0009499501384707976, 278886000000, 
0.012235859254801397, 0.030330496489484618, -0.0009437070912746502, 278892000000, 
-0.028884082056419246, 0.026926522341300343, -0.0006727475099284225, 278899000000, 
-0.044683417887902005, 0.021986423741198774, -0.0008069552074248152, 278905000000, 
-0.02127581203492774, -0.024741412247137946, -0.0003112899807723047, 278910000000, 
-0.03812982731249975, 0.020202058643943685, -9.843265127251213e-05, 278915000000, 
-0.021376822786253764, 0.04792468999863938, 0.00011164022688762136, 278920000000, 
0.010222522388307526, 0.012264313260978713, 0.00022208267014103806, 278926000000, 
-0.005385264003962678, 0.025647265076019915, 0.00038647773736783723, 278932000000, 
-0.017141601683057762, 0.025022122266037162, 0.0002787060203139161, 278938000000, 
-0.031910961660402, 0.003552773580691398, 0.0006513443628707907, 278945000000, 
-0.029886236894604838, -0.001900128216490854, 2.537924764550682e-06, 278950000000, 
-0.04176362895464869, 0.017011967916456847, 0.0001745253497828781, 278955000000, 
-0.037766107825195405, 0.026153542213212887, 0.00045716987072953725, 278960000000, 
-0.0388900210527546, 0.0012840001260484325, 5.303892559826919e-05, 278965000000, 
-0.0036959064380059775, 0.01674516923150999, 6.068741514022265e-05, 278970000000, 
-0.022902389519311565, -0.008357168509718302, 0.00047482942164762314, 278975000000, 
-0.029093422432173166, 0.004623733236066316, -5.053979632018335e-06, 278980000000, 
-0.029378017670973387, -0.0052833602965496225, 2.527879429803045e-05, 278987000000, 
-0.01504363352079432, -0.011631925774033465, -0.0004016368813963882, 278992000000, 
-0.01470140225138583, 0.005652514638352936, -0.000182905391538733, 278999000000, 
0.012092237040692618, 0.013128672180055902, -0.00020530290208760284, 279005000000, 
-0.021461830473459904, 0.01138809868000233, -0.00015518349501453827, 279010000000, 
-0.02406949442094356, -0.01604098560253194, -0.00016727056588996191, 279015000000, 
-0.02678889565063498, 0.025664997216468248, -0.00013140179808847848, 279020000000, 
-0.052252245222638674, 0.02339922066524048, -0.00024945018132106777, 279025000000, 
0.002946922184712389, -0.008346002540497393, -0.0002658395054232084, 279030000000, 
0.01737680104554476, -0.0036994339512502958, -0.00012715710109663972, 279035000000, 
0.007499612342098297, 0.012893516628281844, -6.955671344594758e-05, 279047000000, 
-0.02947670995568733, 0.028370336866353797, 0.0003763158230016937, 279052000000, 
-0.004612469508627924, 0.03240976212301876, 0.00026190256681105366, 279057000000, 
-0.012780729022118475, -0.023418870440322564, 6.983889511365834e-06, 279063000000, 
0.0014526257155663275, 0.017553261878589514, -7.803776328094484e-05, 279068000000, 
-0.014806696977270464, 0.0001642662199335173, 1.6262673757575936e-05, 279074000000, 
0.0023842006716603553, 0.025669190973806513, 0.00038193820849584723, 279080000000, 
-0.028890618379581998, 0.0066398973216032515, 6.268792456745538e-05, 279086000000, 
-0.0011322532278875107, -0.01717577327598351, 0.00017727183310500594, 279092000000, 
-0.004571120378994653, 0.0376380115031424, 0.00045670849631181685, 279099000000, 
-0.012453500256508862, 0.04163435382478017, -0.0003209634886414307, 279106000000, 
0.010580495202536594, 0.012914503160504853, 0.00019568240511796183, 279111000000, 
-0.02938482861948394, -0.007346120265278044, 9.916985280560622e-05, 279116000000, 
-0.019741715488165706, 0.006714194903792846, -3.7926113403045176e-05, 279121000000, 
-0.019946407734899668, 0.028254274428534502, 0.00012459720319223056, 279126000000, 
-0.010732661460409552, 0.0249552729377292, -0.00029760049250405964, 279131000000, 
-0.004024040622965387, 0.005732389182091333, -0.00041898475495411616, 279136000000, 
-0.004161665177214377, -0.003733620267820134, -0.00045659586559917856, 279141000000, 
-0.051606337585494565, -0.020768123925260267, -0.00016674834742962748, 279149000000, 
-0.02722135260004002, 0.00712614736948506, 0.00034302029120164394, 279155000000, 
-0.01573321219012678, 0.059630570009395326, -2.2686774916739995e-05, 279160000000, 
-0.03390860589459526, 0.014024562769827985, -6.599854021558139e-05, 279165000000, 
-0.01991836882110625, 0.0010888847249149146, -0.00010399617851760609, 279170000000, 
-0.065296712505513, 0.010261296302557541, -0.00010813529486202035, 279177000000, 
-0.04279559130342085, 0.018636118685968046, 0.00016831408171536782, 279188000000, 
-0.028460866027748694, -0.0026737722088488727, -0.00025438616557861663, 279193000000, 
-6.145184137441168e-05, -0.0004991780425282681, 0.00017708185952827705, 279199000000, 
0.019823973522060806, 0.013826989982751777, 0.0006093939997170162, 279204000000, 
-0.022968172966268328, -0.04729945901601969, -0.00020377394157674515, 279211000000, 
-0.009824084485777719, -0.02966098842864855, 7.033335796392573e-05, 279216000000, 
-0.034249790656454684, -0.0394342017679346, 0.0005533805979700489, 279223000000, 
-0.030931031224192364, 0.03952939863858079, 0.00024658669898168663, 279231000000, 
-0.006917556117154586, -0.003792376881681444, 0.000310696638540997, 279236000000, 
-0.0468456193726013, -0.002192783078646843, 0.00036034107813209945, 279242000000, 
-0.025297552544620197, 0.03147615543862585, 0.00018660834497008673, 279247000000, 
-0.02431792559676353, 0.0026360806295200262, 0.0001886785558889873, 279254000000, 
-0.03777715414566952, 0.03047454908427555, 0.0006115701002501919, 279260000000, 
-0.01756678668928027, 0.011831347732275156, 0.00031190067618666405, 279266000000, 
-0.010581026907583693, 0.00047101637763827687, 4.449628562316091e-05, 279271000000, 
-0.006862079209943219, 0.022702978619142777, -8.510485685513336e-05, 279277000000, 
-0.02704483258732329, -0.0034432388875631687, -0.00016306305112947177, 279282000000, 
-0.013574634359474702, 0.012082008421658377, -6.0767877574437364e-05, 279287000000, 
-0.02026652356550544, -0.014710291923921023, 5.921572126171635e-05, 279292000000, 
-0.013166560082724044, -0.0044931578749418544, 0.00010075123618675475, 279298000000, 
-0.008477021339572562, -0.0026391509704524582, 1.2619019005449431e-05, 279303000000, 
-0.01964492122686037, -0.018500817838427285, 5.7769122585633046e-05, 279308000000, 
-0.006588103222054699, 0.013627067199235475, 0.00013595988970609344, 279314000000, 
0.020679400583421447, 0.008161617388088904, 0.0003032858633927468, 279320000000, 
-0.005698906388350012, -0.0005665017447960873, 0.0002160119131456402, 279325000000, 
-0.026806392533390535, -0.017051743930545624, 0.00023803379873839489, 279330000000, 
-0.029600631493273626, 0.0025899692308692084, 0.00026374508238618264, 279336000000, 
-0.02196319899818374, -0.008342234271371728, 0.0001491065982921626, 279348000000, 
-0.05349879668125905, 0.0013112757558907447, 0.00047408834309357726, 279354000000, 
-0.00010403044799600983, -0.021207152944025975, 0.000405822236100436, 279360000000, 
-0.02608306914700604, -0.027697670507324572, -2.978062447958499e-05, 279370000000, 
-0.02609388160034619, -0.032596312029145605, -0.00011924480838387195, 279375000000, 
-0.04765498322934249, 0.008019805550353622, -0.00011672088800298978, 279381000000, 
-0.031221863785678344, 0.027982275333585428, -0.0001893559326628958, 279386000000, 
-0.03448484610020221, 0.011988543931308946, 7.61343043685017e-05, 279391000000, 
-0.024931281617047902, -0.005623110684394983, 0.00026008094414074436, 279396000000, 
-0.013153726163316396, -0.026387572727012223, -4.23471999634047e-05, 279401000000, 
-0.04283964714636489, -0.004426752429090738, 0.00017032057275868852, 279406000000, 
-0.02091574489839241, -0.03247906818690824, 0.0003770207664511027, 279411000000, 
-0.039086080181343505, 0.011740702004191965, 0.0002455023576846047, 279416000000, 
-0.02864981683007875, 0.02559983120586234, 0.00041901429539635646, 279421000000, 
-0.056672472184541176, -0.011846410873699535, 0.00010658083018761532, 279426000000, 
-0.022125824164434035, 0.019618169354897224, 0.00023639040281705313, 279431000000, 
-0.04877885209515575, -0.004559058571859998, 0.0003592616659787921, 279437000000, 
-0.048238720095565145, -0.011320469903641396, 0.00040061430608799467, 279442000000, 
-0.034894852490810896, -0.013164961549927228, 0.00025700319880154576, 279447000000, 
-0.0509938235153206, 0.006554606679752535, 0.0002952640706082214, 279452000000, 
-0.01627733882734906, 0.01485882507027041, 0.0001886274204956953, 279457000000, 
-0.03934921245630724, -0.02282365078286918, 0.00015388655213354691, 279462000000, 
-0.046641747464778435, -0.0011072354773590514, 0.00025840845046069393, 279467000000, 
-0.0216138239869317, 0.004068382849431416, 0.00022487130054128952, 279472000000, 
-0.020671488364677654, 0.012731236589462647, -1.074350188692334e-05, 279477000000, 
-0.04391531235464066, -0.0011425316252382826, -9.137295219425876e-05, 279484000000, 
-0.0030393421736990694, -0.014110443656620467, 0.00020070849617934326, 279489000000, 
-0.04764069830564605, 0.017804962959580263, -0.00014993526314723406, 279494000000, 
-0.017278561096618746, 0.04377539061057444, 8.681251324790508e-05, 279499000000, 
-0.038169605716470725, -0.017095541590977523, 5.5970798469290924e-05, 279504000000, 
-0.039375529933993715, 0.011192740930886314, 0.0005785189068319882, 279509000000, 
-0.03688821301600122, 0.005988166969807689, 6.801738719892938e-05, 279514000000, 
-0.0427646659480154, -5.535229496502836e-05, 0.00012073768279652492, 279519000000, 
-0.04691832569780844, -0.002714655357952286, 2.3426641058416612e-05, 279524000000, 
-0.045668180814515756, -0.011295754939472795, 0.00045986737965305745, 279529000000, 
-0.0351752252119214, 0.01073055079405711, 0.00010974990325097787, 279534000000, 
-0.028304277028300868, 0.012712761579853925, 0.00034822514735342126, 279540000000, 
-0.04374301378072992, 0.025068043172127092, 0.0004580522765155677, 279545000000, 
-0.05234376688390693, 0.01648174107467059, 0.00025905732753622306, 279550000000, 
-0.045622914903400875, 0.007342649059765749, -0.00013865228072216973, 279555000000, 
-0.0641074573922657, -0.00160556910787604, -0.00020061535658166073, 279560000000, 
0.02527392127119604, 0.03106229124578048, 0.0003368493939775131, 279565000000, 
-0.1425964105703859, -0.07053621359437014, -1.2783576478932545e-05, 279570000000, 
-0.024319944328026668, 0.00025594891017428206, -0.00017146412314958617, 279575000000, 
0.02198338596698647, 0.06264693084688998, -0.00029382298504742623, 279580000000, 
-0.22025596398003147, -0.08137676016700873, -0.0006165855157732397, 279585000000, 
0.05502891376213567, 0.0672931099531103, -0.0004626147370777377, 279590000000, 
-0.15526491248991786, -0.06928810139369357, -0.00045439077793419215, 279595000000, 
0.037762827643719486, 0.061108239788310016, -0.00022503746048411615, 279600000000, 
-0.1255405469753064, -0.06171412813942567, -0.0003535142436544309, 279607000000, 
0.02779385956676074, 0.08709111684642183, -0.0005090314601210396, 279612000000, 
-0.03339256391883737, 0.0062859348538136075, -0.0007544106696020776, 279617000000, 
-0.05805213082004846, 0.013734134447284245, -0.00045176272218663474, 279622000000, 
-0.06435910668218833, 0.018277606771190766, -0.0005551238939493577, 279627000000, 
-0.11659421014816534, -0.004991852622219039, -0.0003764872616882972, 279632000000, 
-0.04198386229718391, 0.0071399925204777455, -0.00031863666690583336, 279637000000, 
-0.09640992476830945, 0.019083722964851942, -0.00038093393596801617, 279642000000, 
-0.0957308519898981, -0.006656679555669873, -4.9300075223769764e-06, 279647000000, 
-0.06145155295215058, -0.01964100300051641, -0.000179622384755013, 279652000000, 
-0.03313092011838852, 0.0008549477222857989, 0.00016672065097921075, 279657000000, 
-0.053330836920339866, -0.0010819500631516496, -0.00015280752924155076, 279662000000, 
-0.08681704156228565, -0.006087009557952937, -0.00020726411170192825, 279667000000, 
-0.057619148069829366, 0.006141191473689293, 6.113599335990477e-05, 279672000000, 
-0.043634002927046195, -0.006665259530793378, 0.0003541880948814692, 279677000000, 
-0.04993238307191093, 0.00934840225246969, 0.00033991405863495017, 279682000000, 
-0.06590536815788946, -0.04432468076709466, -0.00014111203362096483, 279687000000, 
-0.07979784036608553, -0.009722812652603935, 0.00030945091167878977, 279692000000, 
-0.07750786954196301, -0.024417559458489644, 0.00028100245911321216, 279697000000, 
-0.07101462021208614, 0.008842087150203671, 2.113691073035053e-05, 279702000000, 
-0.0649197445683777, -0.00649574332497896, 0.00018914307103861126, 279707000000, 
-0.09130404659818003, 0.007428780728935082, 0.0001230835525406014, 279712000000, 
-0.05793886355501441, -0.015874517079839664, 0.0003197360758937066, 279717000000, 
-0.0887344636526341, 0.0005316027428243575, -0.00026162153357651654, 279722000000, 
-0.055038635747058556, -0.030409002606872175, 5.462969348085933e-05, 279727000000, 
-0.07999708585983382, 0.0002959118879599823, 0.0002331057592892956, 279732000000, 
-0.06822049986086248, -0.01790920379627167, -0.00027509021379112366, 279737000000, 
-0.0616639648050001, 0.01106411078174085, -0.0004484671373858783, 279742000000, 
-0.021491414473823925, -0.019349943167054264, -0.0006709296036500323, 279747000000, 
-0.05854959564331404, 0.021073170908424435, -0.00028708231289530214, 279752000000, 
-0.0805337063607007, -0.006096151380140308, -0.00024507068000051164, 279757000000, 
-0.08433435324761651, -0.013283847269597948, 1.951268764751636e-05, 279762000000, 
-0.06824365989191235, 0.011209504047286042, -0.00048442920966530127, 279767000000, 
-0.07852698718447056, 0.01791147270045207, -0.0001503994909563969, 279772000000, 
-0.05956919279068329, -0.009005673778488616, 9.653576531767247e-05, 279777000000, 
-0.08316809620577958, 0.0023909181613851675, -5.887902793605228e-05, 279782000000, 
-0.06780940383951625, -0.02740880775883196, 0.00010845946341694719, 279787000000, 
-0.05794740328248157, -0.016409519532833407, 0.000360249066539035, 279792000000, 
-0.056896932744086866, 0.00795484933154591, 0.00017014595424812547, 279797000000, 
-0.0893017819045261, 0.00282815531477876, 0.00021911607447499528, 279802000000, 
-0.07380848498168914, -0.0066133472851784055, 0.0003540722865827511, 279808000000, 
-0.04300908375703673, 0.00820503108891802, -0.00014614209888152033, 279813000000, 
-0.08166555708321863, 0.0032534497282877143, 0.00016191595955688767, 279818000000, 
-0.050501648592525344, 0.010442884677902546, 9.465435664129076e-05, 279824000000, 
-0.07829970841612291, -0.003252967999222989, 0.0001476575509317169, 279829000000, 
-0.19055278289862876, -0.08236530724660547, -7.48599478998238e-05, 279834000000, 
0.10196442255675109, 0.13506515472414327, 0.00025601307566283985, 279839000000, 
-0.01780758694340503, -0.005802382672012876, 0.0003185620433002039, 279844000000, 
-0.06462453806482552, 0.02612589035295166, -0.0001459241509062086, 279849000000, 
-0.1771614417097411, -0.0880367369961732, 0.0007155768269810655, 279854000000, 
0.07970015447378553, 0.10050377768151526, 0.0005652025193981844, 279859000000, 
-0.08880841614827902, 0.01103459577260163, 0.00021839938982891655, 279864000000, 
-0.1366041911601867, -0.09018259435539945, 0.0005924700890521105, 279869000000, 
0.08157659953541845, 0.09782785069438686, 0.00025343283999271216, 279874000000, 
-0.21640588136068056, -0.1274701758113357, 0.00017259983992329032, 279879000000, 
-0.05896502954512181, 0.01922692088902016, 0.00030801172015424046, 279884000000, 
0.04497103950030518, 0.1108247213197445, 0.0005752166677207233, 279889000000, 
-0.19353328923936788, -0.095457218216442, 0.0007932477507990435, 279894000000, 
-0.013960285486211886, 0.020790080129627252, 0.0008312562649618944, 279899000000, 
-0.07019332521631574, -0.012788018594868764, 0.00047065971570342015, 279904000000, 
-0.05715806199443528, 0.006682712133692684, 0.0006431924711448332, 279909000000, 
-0.04020963347377204, -0.0052295149992409445, 0.0007470832998608264, 279914000000, 
-0.0724378413626218, 0.008109198265764388, 0.0007471141412925993, 279919000000, 
-0.06806398897484459, -0.02008933422954316, 0.0006882417210898062, 279925000000, 
-0.06554636912010983, -0.02284644801825072, 0.0008075025568809388, 279930000000, 
-0.09147806725443591, -0.016533340855113647, 0.00029645559998329465, 279935000000, 
-0.03162659826510793, 0.015478875476819467, 0.00038913816132330506, 279940000000, 
-0.03616306818729014, 0.01559376828674406, 0.00042470769904871385, 279945000000, 
-0.03901510754206418, 0.007334605038135218, 0.0002458869637609841, 279950000000, 
-0.05707643194357467, 0.047707720175346295, 0.00046975982348701955, 279955000000, 
-0.09070063964243805, 0.007014536039937065, 9.118797252691362e-05, 279960000000, 
-0.05790470523208107, -0.0007266684754799564, -6.88937795846499e-05, 279965000000, 
-0.04870924646181284, 0.027528475674452924, -0.0003478582976669894, 279970000000, 
-0.0618605926099757, 0.010745212641809452, -0.0005112288850173967, 279975000000, 
-0.03298816329983463, 0.020586094072794762, -0.0003270745746401462, 279980000000, 
-0.04392792112895031, -0.027673159774472114, -0.00016357443581994875, 279985000000, 
-0.06545356279688248, 0.02815464322178788, -0.0004118483837569169, 279990000000, 
-0.024778209835429412, 0.012025143502468541, -0.0006199515445778243, 279995000000, 
-0.02883469591350516, -0.004680802602216687, -0.00038005706237375877, 280001000000, 
-0.0015868246656288582, 0.030011325887305762, -0.0001737956761249363, 280006000000, 
-0.05257393291362389, 0.026840956144700445, -0.00016106349121895367, 280011000000, 
-0.024456522017741365, 0.010399215142574619, 0.00034635604526131583, 280016000000, 
-0.041062917695406556, 0.04152360138484393, -0.00014063808806543085, 280021000000, 
-0.03617214877234351, -0.007071124327596389, 0.00012219907596269325, 280026000000, 
-0.020402561872967302, -0.001249984876155393, 0.00012187912617389206, 280031000000, 
-0.039829591417992645, -0.0047298072014699336, -5.530369561979539e-05, 280036000000, 
-0.028828463159526994, -0.018748679963539565, 7.983179201906088e-05, 280041000000, 
-0.00881529362044093, -0.007760657441564498, 0.00043878687985833326, 280046000000, 
-0.04409493803501962, -0.002717156779344413, 4.1476945085705584e-05, 280051000000, 
-0.04951856112828854, 0.02025112601530528, 0.00025757714155312853, 280057000000, 
-0.04040724005199143, 0.025862478099085144, 0.00022524073656867802, 280062000000, 
-0.042740471947074886, 0.02276328168650907, 0.0003258867479159558, 280067000000, 
-0.03646081702583198, -0.004897787970612227, -1.6563831710595466e-05, 280072000000, 
-0.02737474106873447, 0.01282839116315795, 0.0003028503302446508, 280077000000, 
-0.04511016425367767, 0.011279565189053625, 1.1216722519987815e-06, 280082000000, 
-0.05381964880559431, 0.01327710323158696, -0.0004034005146700703, 280087000000, 
-0.07942520354411797, 0.000305590881748731, -7.622045062923453e-05, 280092000000, 
-0.05400026425226598, 0.036148494258113735, -0.00021655914586098172, 280097000000, 
-0.040601648058495636, 0.026582289499626703, -7.609815954072283e-05, 280102000000, 
-0.001484512857373832, 0.01055902831829707, 9.681737127399518e-05, 280108000000, 
-0.01773877205279186, 0.01838836757130776, -0.00012932897375326233, 280113000000, 
-0.03707252771959358, 0.011092570140354321, -0.0001244478962146286, 280118000000, 
-0.06774346246381442, 0.04026231068356913, 2.8776269059472385e-05, 280123000000, 
-0.03062531687267698, 0.01951905692328873, -0.0002662872853081536, 280128000000, 
-0.040117988543086604, -0.004134297072970073, -4.5756894263385355e-05, 280133000000, 
-0.023495562716646254, 0.0037511854413677667, 1.8358922148013165e-05, 280138000000, 
-0.03934365703206526, 0.010241258773265068, 0.00032138449589975515, 280143000000, 
-0.060521428618789355, -0.00021346710168589512, 0.0001383925837215476, 280148000000, 
-0.03312572545414459, -0.008284321842967624, 0.00017461479625393742, 280153000000, 
-0.003431085671911624, 0.009267936412519471, 8.963891386044355e-05, 280158000000, 
-0.005992391943438192, 0.028425242073626532, 0.0002557674235160086, 280163000000, 
-0.04663314187028733, -0.007214999898552615, 0.00013068685668686937, 280168000000, 
-0.04616598185016229, -0.015482094698524934, 0.0003318358323502307, 280174000000, 
-0.0587410272821068, -0.0105388475348564, 0.00016990942308069568, 280179000000, 
-0.0445947740390753, -0.000271626211403502, -4.745816183963167e-05, 280184000000, 
-0.05523690545521749, 0.010034042696056763, 0.000213574464478173, 280189000000, 
-0.03696683961223903, 0.019543529062810247, -3.6685234675627074e-05, 280195000000, 
-0.03901987799328843, -0.0006597255507057986, 0.00013358526890281603, 280200000000, 
-0.05358794196988484, -0.015125108719036925, -0.0002289222740063652, 280205000000, 
-0.05312576451532294, 0.023646954996457505, 0.0002758322384682849, 280211000000, 
-0.06731755267069066, -0.02347729844060356, 5.9485258946634253e-05, 280217000000, 
-0.048547409795235356, 0.014230302247255567, 0.00013695773848540775, 280222000000, 
-0.034017160839020524, -0.0019844648362424347, -0.00024082396472521777, 280228000000, 
0.00605403181709336, -0.0034170554258704626, 0.00011430795102246067, 280235000000, 
-0.026708341380192673, -0.0014145018416492237, -0.00035142161061535514, 280240000000, 
-0.0441242423098443, 0.017684372137025898, 7.420321269032353e-06, 280245000000, 
-0.04375361055686926, 0.05094080940453772, 0.0003265806562226032, 280250000000, 
-0.04034291015783575, -0.003819387309279723, 9.78407372320603e-05, 280255000000, 
-0.026573843588635633, 0.0044078682939176165, 0.00023366154295507665, 280260000000, 
-0.030819910694968686, 0.02207575560417065, -0.00014726991930132677, 280265000000, 
-0.03671098103011523, 0.02041272206567862, 9.278949271172561e-05, 280270000000, 
-0.047457341025468745, 0.012191918144668353, -0.00033296725645977273, 280275000000, 
-0.014309375275980422, 0.002329114315800831, -0.00012093353295353934, 280280000000, 
-0.028412591227203497, 0.028948217141374, -0.00013049934584361296, 280285000000, 
-0.0617868056582307, 0.007729422435767285, 0.0002693238427131581, 280290000000, 
-0.041656434444190885, 0.027894459522311302, -6.341949850859104e-05, 280295000000, 
-0.06492415672579971, -0.025532727457329495, 0.0006417221075463409, 280300000000, 
-0.046145619655361694, -0.0068509348742877355, 0.00026456583898328077, 280305000000, 
-0.04350383164634345, 0.015628978661422516, 0.0002842558224328437, 280310000000, 
-0.021852979341210013, 0.022144254514317344, -0.00011912842959914073, 280315000000, 
-0.011711953943988426, 0.015508254708620833, 0.0001492595232590836, 280320000000, 
-0.011324264561311765, -0.009343128624749304, -0.00023600904654405696, 280327000000, 
-0.09389111622671459, 0.009109727123437359, 0.00014492726598861925, 280333000000, 
-0.024176558344885676, 0.021952058059494572, 0.00010097100317586003, 280338000000, 
-0.054168091467535484, 0.005128225114098991, 7.605722290639414e-05, 280343000000, 
-0.0624801846568097, 0.01896688603916008, -5.931020915118524e-05, 280349000000, 
-0.05135196833143268, 0.014067960786872894, 0.00019686956340523692, 280354000000, 
-0.008712439139374459, -0.016375520510097722, 0.0001831290720651225, 280360000000, 
-0.014762518054559855, 0.019049755982082143, 8.68960685174755e-05, 280365000000, 
-0.019848508080674603, 0.03298246134367589, -8.227482064237493e-05, 280370000000, 
-0.0546243505711688, 0.006026822944446067, 0.0003749550577851571, 280375000000, 
-0.07013859067980668, 0.018029033876722257, 0.00018050666929659252, 280380000000, 
-0.04321478615131081, -0.010554135940479607, -3.531530199290666e-05, 280385000000, 
-0.04331358874079205, 0.008537337629227398, -0.00014765358589843868, 280390000000, 
-0.06507753544588203, 0.034796173368616554, 0.00014901149324368233, 280395000000, 
-0.04045598252494776, 0.016016659016540025, 0.0004126186322579814, 280402000000, 
-0.027770834018445018, 0.023833482423843883, -4.535208591029602e-05, 280407000000, 
-0.05679494252811445, -0.010346302469091628, -0.000445259894758193, 280412000000, 
-0.04676899959576414, -0.02814569058784337, -0.00017168354603864898, 280419000000, 
-0.055507985644662014, 0.02557004214050673, 3.464458408589927e-05, 280424000000, 
-0.017069013235136557, 0.01562045679367214, -0.0004267756973356375, 280430000000, 
-0.06050171845992241, 0.012839978670005896, 5.948076250982772e-05, 280435000000, 
-0.04206208028268942, 0.04007506577017263, 6.255064718052182e-05, 280440000000, 
-0.06363455689577246, -0.016438368682887256, -0.00017255414558122524, 280445000000, 
-0.04446412384406886, 0.0033830817484817827, -1.6411992368046508e-05, 280450000000, 
-0.04196934474259264, 0.002489919713518495, -0.00019044414502055747, 280455000000, 
-0.06601944380591122, -0.016454175225307094, 0.0001803482320244993, 280460000000, 
-0.04415709710837178, 0.03300298586196293, -1.2931681712195231e-05, 280465000000, 
-0.06970417822972524, -0.013769595493582521, -0.00019034331494588517, 280470000000, 
-0.06468397549516382, 0.006672082859764505, -0.00013341390195934706, 280475000000, 
-0.04316228826232551, 0.01653238787284607, -8.246683814685253e-05, 280480000000, 
-0.046528322041689545, 0.005929197054272943, 0.00011094329558504839, 280486000000, 
-0.07989874048445397, 0.031616799572738635, -0.00015478439799488405, 280491000000, 
-0.06454024201016889, -0.005176373370985453, -1.4549887180251202e-05, 280496000000, 
-0.07791962489590984, 0.015831442811286647, -7.094311222532617e-05, 280502000000, 
-0.06999321551495144, -0.0009799817852472982, 0.00027615331489813313, 280507000000, 
-0.06606936351686186, -0.009327080322700694, -0.0001719135484231924, 280512000000, 
-0.054459803491696046, -0.0011238079566413001, -0.00011998180209926194, 280517000000, 
-0.08384341519731991, 0.01650065548587136, -0.00015922218882137462, 280522000000, 
-0.08835580193512507, 0.018254904678887896, -0.00018040835291256, 280527000000, 
-0.05539319280893703, 0.015833897777246767, 0.00019855496383765412, 280534000000, 
-0.07582285864621079, 0.030794604438050925, -0.00020280694369892503, 280539000000, 
-0.055672763651834115, 0.02832350262510686, -0.0002680914665301786, 280544000000, 
-0.021592249913329593, 0.01803269284679948, -3.311806627441101e-05, 280549000000, 
-0.039290300057784174, 0.004333988868303093, 0.00011495587587348539, 280554000000, 
-0.054687079833476857, -0.012168363348394117, 2.7980002315990695e-05, 280559000000, 
-0.06433354674690792, -0.0056144376590895155, -0.00018574620195372496, 280564000000, 
-0.03150455646769179, 0.036132471022383816, -0.00013524067923684102, 280569000000, 
-0.08163959505616508, 0.039655447455641736, -0.0002151979228408304, 280577000000, 
-0.08786685278504734, 0.010060247220544015, 1.9489577788027034e-05, 280582000000, 
-0.08566998010356666, -0.0027596657385293424, -0.00021849349495045047, 280587000000, 
-0.048212326224314185, 0.015388261741440565, 4.2483938870657074e-05, 280592000000, 
-0.06720621957818122, -0.02986662495342459, 8.752855667984813e-06, 280597000000, 
-0.07963575987157442, -0.010953310355923548, 0.00022478557026573667, 280602000000, 
-0.051020629314318916, 0.023802900345265547, 0.00028084471067874224, 280607000000, 
-0.07120052112151569, 0.01592024089825575, -0.0002909661866320029, 280612000000, 
-0.05225092612834695, 0.03657492156444878, -5.6233191620817495e-05, 280617000000, 
-0.08202686385737919, -0.02324095458897657, 9.886157023635411e-05, 280622000000, 
-0.07399303340637764, 0.020084580038692745, 0.00034494284645052457, 280627000000, 
-0.08284395176541862, -0.0037184450694544343, -0.0002010692688252806, 280632000000, 
-0.06031710024451788, 0.0137535813941843, 6.857952434782062e-05, 280638000000, 
-0.05742813870646219, 0.02061557890806888, -0.00019792980032324464, 280643000000, 
-0.08435492296061378, -0.00930363766941702, 0.0005501578302978787, 280648000000, 
-0.055278888373596236, 0.022636206402502024, 4.8281485355571184e-05, 280653000000, 
-0.058066081091409996, -0.025378862037126804, -0.0001498294467932818, 280658000000, 
-0.0922965977439708, 0.00853223677405733, -3.643694000815718e-05, 280663000000, 
-0.04117535081715489, 0.011881883605872293, 3.997445804768244e-05, 280668000000, 
-0.07805995148910938, -0.030703293333326692, -0.000281604406580104, 280675000000, 
-0.03774635131295756, -0.008588810855040083, 8.280097388002534e-05, 280680000000, 
-0.10804109752762195, -0.0078115597803830655, 9.724148026800785e-06, 280690000000, 
-0.06702044753893553, 0.024648776691847233, 2.9813485650284552e-05, 280695000000, 
-0.05021218274567026, 0.00612471441832708, -8.749608655882023e-05, 280702000000, 
-0.059154544365529464, 0.02967844066383983, 7.736134551807642e-06, 280707000000, 
-0.1091068469836912, -0.018217353370665997, -0.00015582118438064798, 280712000000, 
-0.045834841955585306, 0.03837614203517297, -0.00010393454561513488, 280717000000, 
-0.06654894240038943, -0.03239558967462874, 8.208785929504952e-05, 280722000000, 
-0.09833203772209992, -0.0054697147519990035, -0.0003517522535833471, 280727000000, 
-0.0258273707082647, -0.010567921594165215, -0.0001507757461054256, 280732000000, 
-0.05676402812819183, 0.006234259682914669, 0.0002795070309417291, 280737000000, 
-0.07121787779093455, 0.02376819971630357, -0.0001906803248927163, 280743000000, 
-0.09272687357892526, -0.021656625820777403, 0.00010190885408980313, 280748000000, 
-0.04395032703179705, 0.001307673979581194, 9.308362713551378e-05, 280753000000, 
-0.06507134213168908, 0.005941822582986138, -0.0002964109576120022, 280758000000, 
-0.06265361442006365, 0.028760724140028584, 0.0001269594219440209, 280763000000, 
-0.07400021949709645, 0.02133640806113793, 0.0002028036165678227, 280768000000, 
-0.057161452787817396, -0.004046718167369255, 3.9343194607369044e-05, 280773000000, 
-0.055111258525622694, 0.014237422533464519, 0.00022826246886007313, 280778000000, 
-0.03808809937774464, 0.006644339420708561, -1.8768371184640567e-05, 280783000000, 
-0.05737945804535707, 0.00593728821001208, -0.0003321253209686635, 280788000000, 
-0.046337619262114035, 0.027360432196031906, 6.70732313819559e-05, 280793000000, 
-0.07340749139186938, 0.02305579209628612, -3.47481985057455e-05, 280798000000, 
-0.057056952045271475, -0.031584804469918626, 7.953177225460988e-05, 280803000000, 
-0.05406869257788262, 0.03223286008998602, 4.594633399027771e-05, 280808000000, 
-0.07819116978232754, 0.00933584293842946, -0.00024926592031327717, 280813000000, 
-0.03644470760485438, 0.0018686303331682972, -2.0284786622723354e-05, 280819000000, 
-0.04559888369830371, -0.010858907775700997, -7.439332823763277e-05, 280824000000, 
-0.03761948318703453, 0.048113949358778885, -0.00020287071096414833, 280829000000, 
-0.05222524912140609, -0.025491784439279984, -0.0003178920182257837, 280834000000, 
-0.038234941909112974, 0.0011812698753372623, 7.262327358179293e-05, 280839000000, 
-0.04431576600470684, -0.010639459364924964, 0.00016019487282864059, 280844000000, 
-0.05837289667245196, -0.027796999469116353, 0.0002254514167639907, 280849000000, 
-0.05184390861339694, 0.02004125464090745, 5.057307846715489e-05, 280854000000, 
-0.04908048986306629, 0.01602214489220014, 0.0001452352597185491, 280859000000, 
-0.06526537522618804, 9.647877415063649e-05, -0.00022954894491417083, 280864000000, 
-0.06626878989903758, -0.031702580507567885, -0.00046104191845929113, 280869000000, 
-0.01769553638350054, 0.018492350845467454, -2.1139618738369194e-05, 280874000000, 
-0.08735018371306386, 0.0003672785717974197, 0.00025892435280686185, 280880000000, 
-0.09113422096050497, 0.047269850388056533, -9.683160276521068e-05, 280885000000, 
-0.046348238116541894, -0.0011100078813288707, 6.795026132339725e-05, 280890000000, 
-0.043697543588569074, 0.011730005365080136, 7.356613288514568e-05, 280895000000, 
-0.017669977275569567, -0.009163986991473454, 0.00019581862717405103, 280900000000, 
-0.04355950206072028, 0.014942064080932146, 0.0001642656349391369, 280905000000, 
-0.03039045934269832, 0.010249147995336086, -0.0002775798193473736, 280910000000, 
-0.051100088577994196, 0.013983753545367586, -0.00039945221446344853, 280915000000, 
-0.02806928839360087, -0.006249462765225688, -6.780085388615586e-06, 280920000000, 
-0.032141289386131505, -0.003732115115467345, 0.00011708740886882513, 280926000000, 
-0.06042149917589536, 0.0066163951068856485, 6.365344028213285e-05, 280931000000, 
-0.03314656160093271, 0.0076260800697366005, -0.00017881403708326757, 280936000000, 
-0.037147623526967204, 0.007700729595500819, -7.35333949478669e-05, 280941000000, 
-0.05689042508032874, -0.01774135030125701, -0.0001955543488692165, 280946000000, 
-0.03754168266465152, -0.0113926195285077, -0.00040540931098545887, 280951000000, 
-0.033285819354050776, 0.020977207309745748, -0.00018060293671378141, 280956000000, 
-0.06338262043581226, -0.016733131201598642, -0.00014610451704659213, 280961000000, 
-0.007538568622661765, 0.011760961776697824, 0.0001357082541819185, 280967000000, 
-0.022551629732889118, 0.006507177201534474, -4.805688962747572e-05, 280972000000, 
-0.028699816800133268, 0.04588730668952978, -0.00016956031939352795, 280977000000, 
-0.04536021982325708, -0.01782904405678884, 9.315883670617801e-05, 280982000000, 
-0.02775480282282645, -0.025828048818635353, 0.00015480506374400863, 280987000000, 
-0.04302390724024767, 0.0324807944899686, -1.7392080010108875e-05, 280992000000, 
-0.028646262077154587, -0.010997182949571796, 0.00031234846852274615, 280997000000, 
-0.005509163417973993, 0.03512945868331341, 3.6856364406312526e-05, 281002000000, 
-0.054494741338767604, 0.04331482316642928, -0.0001038539998121679, 281007000000, 
-0.03690983355263196, -0.020567641848446852, -0.00017614900451203136, 281013000000, 
-0.03493503011788442, 0.0210124118607205, 7.287693338223227e-05, 281018000000, 
-0.04858365899739696, -0.003731083952588513, 2.9509049911225413e-05, 281023000000, 
-0.0514572732014404, 0.008780176105810947, 0.0003870769660413537, 281028000000, 
-0.062213758452499976, 0.03029309698409244, 6.0693360866683984e-05, 281033000000, 
-0.03228032765760047, 0.030126626915213995, -0.000196808161191417, 281038000000, 
-0.03355994189616278, -0.00284775450270234, 8.73299119247794e-05, 281044000000, 
-0.06588533878701486, 0.028585602464294167, 0.00011430028171081249, 281049000000, 
-0.06998242550245774, -0.008873253132102927, -8.668976887256868e-05, 281054000000, 
-0.039846015866351094, 0.0055907625580358285, -0.00021160310622895715, 281060000000, 
-0.02835858287480786, 0.007417185251719279, -5.220102339898335e-05, 281065000000, 
-0.05364396340526467, 0.0229603510543104, -4.843692412686606e-05, 281070000000, 
-0.07983778663609067, 0.009865648967650074, -0.00014442705934417574, 281076000000, 
-0.026665535006398868, 0.016768324281095634, 6.347623729519528e-05, 281083000000, 
-0.06492190816395037, 0.03081692093446476, -0.000146358027753682, 281088000000, 
-0.051652642496904835, 0.02301444777645196, -4.085650289227368e-05, 281093000000, 
-0.04124264228558549, 0.003943872135981623, 9.589261394652323e-05, 281098000000, 
-0.051084289644035386, -0.008355007383384898, -8.764344018065408e-05, 281103000000, 
-0.04051957881876589, -0.040043136086852706, 7.936878269078376e-05, 281108000000, 
-0.03811992041849695, -0.0035350898266497217, -0.00015897084838391193, 281114000000, 
-0.047740120846747204, -0.024570103314995893, -0.0002864312512219242, 281119000000, 
-0.06741796183198576, 0.012515582671622618, 0.00018276635858383193, 281124000000, 
-0.07051549900758976, 0.013194247429174187, -0.0002180183169032516, 281129000000, 
-0.03861674378517817, 0.024437507236699237, -0.00027050585371759926, 281134000000, 
-0.021917682268793093, 0.04057646617357426, -1.1764395241588665e-05, 281139000000, 
-0.05552736491133466, -0.006651001513186971, 0.00024314252519987695, 281144000000, 
-0.07177586616112852, 0.0496895458503859, 0.00025685640854419806, 281149000000, 
-0.012765247251267008, 0.018778357639107065, 0.0001877196559938176, 281154000000, 
-0.03786611556272112, 0.014249355606566688, 4.3827479274688146e-05, 281159000000, 
-0.02215874651189218, -0.01267198113273926, -8.937349372239924e-05, 281164000000, 
-0.05099083489390229, 0.03570990690423227, 0.00018856128653298783, 281169000000, 
-0.02724843201420004, -0.02254966142971329, -0.0005179392932714208, 281175000000, 
-0.028174549921090822, 0.02668809863162401, -0.00013101857485695885, 281180000000, 
-0.03280646550686009, 0.011998678830885333, -0.0002813924077505265, 281185000000, 
-0.055479313667068715, 0.011518264566780283, -0.00010342417166362066, 281190000000, 
-0.09674454669380217, 0.01688510665419224, -0.0002962809108554385, 281195000000, 
-0.04545727750209424, -0.0034815313409402296, -0.00019877847029629799, 281201000000, 
-0.056242804210642414, -0.022784561128994123, -0.0001454078351993737, 281206000000, 
-0.05234628298427908, 0.025021600879688025, -0.0001451970137411446, 281211000000, 
-0.044738149205126414, -0.020580872978754522, -0.00012957043542891753, 281216000000, 
-0.08289191299697755, -0.0058434806330721865, -0.00014039779429135562, 281221000000, 
-0.041068604204222, -0.03743551699652331, -8.04863768411049e-05, 281227000000, 
-0.06691657448049203, -0.006134952728575553, -6.49725244618601e-05, 281232000000, 
-0.06762481401864921, 0.013336442308373738, -0.00026694720729026684, 281237000000, 
-0.05452474555138589, 0.006655720132300539, -0.00017554672569675676, 281242000000, 
-0.07019621579206536, 0.012377743662478343, -0.00019181506574783387, 281247000000, 
-0.04153101635610252, 0.015280080377913115, -5.248046666517839e-06, 281252000000, 
-0.05627557054431183, -0.003932218819656337, -0.00011024816385186207, 281257000000, 
-0.03875927365255927, -0.019225868248998253, 1.2555198080051548e-05, 281262000000, 
-0.03888831656220772, -0.01801379051413062, 9.117839308311293e-05, 281267000000, 
-0.08386883350859214, 0.00105751455433009, 8.229182050580779e-05, 281272000000, 
-0.05212781241536767, -0.014620972224187493, 7.081248371802836e-06, 281277000000, 
-0.09157537760549894, -0.02475155540294589, 0.0002774196989090921, 281282000000, 
-0.07784430442529625, 0.024664412362982318, -0.00042185558032812004, 281287000000, 
-0.03306308619098379, 0.00936305671517055, 0.00010965246211778584, 281292000000, 
-0.06256864949489839, 0.026308474923522444, 0.00023991671750497548, 281297000000, 
-0.08340358660279708, -0.02502974883893112, 6.713979676039722e-05, 281302000000, 
-0.07576465794058454, 0.025575271624870326, -1.7866669855215097e-05, 281307000000, 
-0.05726245326565496, 0.021934973402136092, -3.9201090278562044e-05, 281312000000, 
-0.06369543474264308, 0.0020207687332767206, -0.00013799281527263809, 281317000000, 
-0.036280389292401044, 0.016561137157347628, -0.0001322627234221236, 281322000000, 
-0.0351012555198528, 0.003907653960033241, 0.0001287411653141478, 281327000000, 
-0.0945638515870326, -0.029041288597624552, -0.00022267936563047605, 281332000000, 
-0.07525652402773353, 0.019719941118240415, 9.430891382786918e-05, 281337000000, 
-0.04177651917024993, 0.01645186353642028, 0.00011743643723371498, 281342000000, 
-0.05021459327779308, 0.0025120014604554206, -0.0001474844140398086, 281347000000, 
-0.04455342483261516, -0.009098521695316976, 7.523016713167449e-05, 281352000000, 
-0.05405010893160046, -0.006841006234993318, 6.424752385858896e-05, 281357000000, 
-0.049169050345477736, -0.0037560767265460925, -0.00029596700222738734, 281362000000, 
-0.049155633606934576, 0.02581828159074675, 0.00010900327265601863, 281367000000, 
-0.06446932465568243, -0.0031280795809956585, -7.274621035233871e-05, 281372000000, 
-0.047330045823504224, 0.0011421051046314329, 8.483528110740287e-05, 281377000000, 
-0.0832436526809424, 0.013155621911482479, 0.00013544347656246555, 281382000000, 
-0.028448715199998302, -0.00432200431565681, 9.683951432614138e-05, 281387000000, 
-0.07066169182024482, 0.020832621447463964, -0.0002710126734766359, 281392000000, 
-0.07232978186158229, 0.012139275661139676, 6.443789210388792e-05, 281397000000, 
-0.0685192729277207, 1.8231725645816068e-05, 8.348023688811381e-05, 281402000000, 
-0.07311210305913263, -0.017837308250968745, -8.068050362943252e-05, 281407000000, 
-0.0699339240951572, -0.010112184933865734, 5.5090538471157484e-05, 281412000000, 
-0.03975689058854871, -0.007810643907457546, -0.00040615288730216285, 281417000000, 
-0.06438977257116806, -0.016550036018052258, -0.000385120832692037, 281422000000, 
-0.057328070628249427, 0.032705218041119935, -0.00022104384135483121, 281427000000, 
-0.05871318003574904, -0.005917795050959601, 0.00022603333086911745, 281432000000, 
-0.07092290990677864, -0.0019740904965481524, 0.00011597614568285128, 281437000000, 
-0.06176838935307441, -0.010604702426050737, -0.00024878052301671624, 281442000000, 
-0.06062708852498338, 0.01942648941241983, -0.00038993991323319366, 281447000000, 
-0.06417294865490836, -0.0015618813788671202, -0.000140240741145836, 281452000000, 
-0.0633793694555324, -0.02167823003312339, -8.009130055543707e-05, 281457000000, 
-0.07114166718960746, 0.01656192034103807, -0.000220036653584112, 281462000000, 
-0.06486782252763766, 0.010642669764357397, 3.203090298353013e-05, 281467000000, 
-0.082753345252119, -0.0028664785822200903, 0.0002302810493665448, 281472000000, 
-0.06949271414653996, 0.0042685097927459125, 0.0003985718798949012, 281477000000, 
-0.09985232282262753, 7.1095400299373696e-06, 0.00034555553469456466, 281482000000, 
-0.057343403911765636, 0.007810664477457976, -0.00017100280219302437, 281488000000, 
-0.07186235302315334, -0.005345107101618693, -3.894771468246553e-05, 281493000000, 
-0.05722526363028065, -0.03839241500891212, 3.944828318914536e-05, 281498000000, 
-0.08038061128155485, -0.008951975944353634, 0.00016222556730722127, 281504000000, 
-0.03314585443845652, -0.01019114135148409, 8.456110567875067e-05, 281509000000, 
-0.04280545876444794, 0.004366783018814046, 0.0002705271931355454, 281514000000, 
-0.06338019301210367, 0.011360563758930077, -6.216159771844748e-06, 281519000000, 
-0.06663868590127393, 0.011467423554197602, 9.060096441354762e-05, 281524000000, 
-0.05342454425303228, 0.011351209690946837, -0.00016286443494057767, 281529000000, 
-0.06919424296101605, 0.03798806261356911, 1.4832859362246097e-05, 281534000000, 
-0.05979623725657407, 0.02404611540636849, -4.720214639221654e-05, 281541000000, 
-0.020035277192733063, 0.019819386743696703, -0.0002575883883859458, 281547000000, 
-0.029056331310378065, 4.371185531629185e-05, -7.787271001047739e-05, 281552000000, 
-0.04587763585397137, 0.00018568615454244873, 0.00013351576110098368, 281557000000, 
-0.05070982148096516, -0.00465105208617351, -0.0003526454337149343, 281562000000, 
-0.04812296077399854, 0.027242300454818357, -0.00015118542320380964, 281567000000, 
-0.07656830676871826, 0.03691340028908994, -8.562998174215907e-05, 281572000000, 
-0.06354651998267026, 0.004171837943533796, -0.00023237655228493403, 281577000000, 
-0.05303766893842762, 0.001523131324032745, 0.0001425875202742289, 281582000000, 
-0.038756448963498044, 0.012014931649086371, -4.153127246238744e-06, 281588000000, 
-0.04617124861861889, -0.0027643697279750115, -0.00010702757630946729, 281593000000, 
-0.06575706461826407, -0.024067821695133464, -0.0002638459671564959, 281598000000, 
-0.057953612783811136, 0.007624337732804222, 0.00012847374642551855, 281603000000, 
-0.05745764251859351, 0.010923729446153342, -9.774024571687141e-06, 281608000000, 
-0.05515707672800041, 0.03832258790016191, -8.665276847789704e-05, 281613000000, 
-0.08243475259936447, -0.02891174278977653, -0.00024484453724019106, 281618000000, 
-0.027252816622453685, 0.010882539748080103, 9.569120181409354e-05, 281623000000, 
-0.052874888566630536, 0.014026219019440981, -0.0002482073019519562, 281628000000, 
-0.02840125183055904, 0.011317035765646149, 0.00013897670132567084, 281633000000, 
-0.05100386960607417, 0.030275424293812928, -0.00019540437818886205, 281638000000, 
-0.026386745727096858, 0.035600132081387, -7.865709445394415e-05, 281643000000, 
-0.05134565285533735, -0.010478184748203476, 0.00035378501852870896, 281648000000, 
-0.04833547738011183, 0.007894057566879633, 0.00021512530380962154, 281653000000, 
-0.056278032665011676, -0.0371306350632946, 9.410164947570965e-05, 281658000000, 
-0.05435407807255029, 0.017566749426571583, 0.000173023219014398, 281663000000, 
-0.03659118865668369, -0.004073969552799652, -0.0001890952686853437, 281668000000, 
-0.036096143458976375, -0.017623685865244244, 0.00015306073366864111, 281673000000, 
-0.027091018207849846, -0.009585522145543061, 0.00032943532445906594, 281678000000, 
-0.0369051609500294, -0.0056738278890221755, -8.058020137917715e-05, 281683000000, 
-0.032238930123729824, -0.012386707962100993, 0.00030254121264635953, 281689000000, 
-0.039419914063606676, 0.009925320010412738, 8.764467464000211e-05, 281694000000, 
-0.05281687730487855, 0.01914252494374505, 0.00011722017761934475, 281699000000, 
-0.06556605204836485, 0.017006391398980535, -0.00013775370683227948, 281704000000, 
-0.05864109653438612, 0.034811625343076254, -0.00023631387184242585, 281709000000, 
-0.024463745914901136, -0.04055950231596887, -0.0002912660280180292, 281715000000, 
-0.04311649218930275, 0.009986053863018823, 0.00037652939504587623, 281720000000, 
-0.07463176709433626, -0.021407595093617744, 5.884870038714226e-05, 281726000000, 
-0.057897596667868145, 0.03957890436128089, -2.9707494864553803e-05, 281731000000, 
-0.05122011054033026, -0.00869058488640084, 9.528104525794036e-05, 281736000000, 
-0.04165834485536516, -0.010836894498569139, -2.9247644644799502e-05, 281741000000, 
-0.06063157537812216, 0.0005398915169072015, 0.0001868862557138948, 281746000000, 
-0.06508796940832258, 0.023589845143848903, -4.6786558012064895e-06, 281751000000, 
-0.08309091783527896, 0.006384087634151478, 0.00021016581524888192, 281756000000, 
-0.06516166792725105, -0.020025979481458973, -2.101375535439174e-06, 281761000000, 
-0.05399161704918756, -0.005477973146252976, 0.00025389510144776227, 281767000000, 
-0.050199191645549, 0.012359113035085502, -0.0003611458408097638, 281772000000, 
-0.0631952790236395, -0.03340305940642781, 0.0001240932120171221, 281779000000, 
-0.05867647579784168, -0.0025824266755205398, 0.00024354328493064379, 281784000000, 
-0.05027811708375916, -0.029058046084901836, -0.0002262343604598814, 281789000000, 
-0.07403766098285285, 0.030803594140762048, -4.4132056330182315e-06, 281795000000, 
-0.05342224018196693, 0.03321292754221315, -0.0003329789883685696, 281800000000, 
-0.07799452070718066, -0.015377796167468276, 0.00010818949563902035, 281805000000, 
-0.060018953835828684, 0.049073060249876066, -8.243935315386338e-06, 281810000000, 
-0.047845897913175825, -0.032008825331595867, 0.00011540624990428737, 281815000000, 
-0.0411569713536167, 0.016833225705851208, -4.988055968919461e-05, 281822000000, 
-0.058495912150288404, 0.013015896511417522, -0.00032951944553570426, 281829000000, 
-0.06451583449512495, 0.01647956418187316, 0.00013509812180885318, 281834000000, 
-0.08157192249150563, -0.030890029503808057, 0.0002266985575896195, 281839000000, 
-0.05971022894940854, -0.014332915449087168, -0.0001329856720794883, 281844000000, 
-0.038390519270734724, 0.0025983858932809396, 0.00011766755416914464, 281849000000, 
-0.05504265132577567, 0.0358695834920537, 0.00023674124876376125, 281854000000, 
-0.03606050310857483, -0.0012294436472999176, -0.00016485763022491687, 281859000000, 
-0.0594016439483927, -0.031213649226343995, -0.00021991852445438237, 281864000000, 
-0.09152392077135611, 0.020823980960308637, -0.00019864516008857996, 281869000000, 
-0.053712455549926374, 0.017705948245283203, 2.17182226273984e-05, 281874000000, 
-0.06887054652124604, 0.04139844160201974, 0.0002752126085468637, 281879000000, 
-0.02340636347627205, 0.005852232919243378, -0.0003828838277155815, 281884000000, 
-0.02857486447908914, -0.023674459443334503, -6.8366077523382e-05, 281890000000, 
-0.058909933044747315, 0.02513721194114514, 7.883766570168993e-05, 281896000000, 
-0.0417459946205682, -0.03165981435826134, -5.577470651660809e-05, 281901000000, 
-0.04901986936244134, -0.012538705649786824, -9.031482926474425e-05, 281907000000, 
-0.022249979389475615, 0.012620432128938505, 3.97658096880659e-05, 281912000000, 
-0.04016079805341191, 0.026171226294993553, 5.502576579667918e-05, 281917000000, 
-0.01782237274472668, -0.01742312625705762, -5.613349171295514e-05, 281922000000, 
-0.06337629188397723, -0.005064585914308061, -5.0018790614993e-05, 281928000000, 
-0.07278195563235988, 0.014265628412960253, 3.994972167837064e-05, 281933000000, 
-0.08493740999591466, 0.010470617993107775, 0.0002660389049483114, 281938000000, 
-0.09125733980358207, 0.0023183628159174265, -0.00034736354832014634, 281943000000, 
-0.035642326168181526, 0.011693691152487773, -0.00032388883944883937, 281948000000, 
-0.06845706789368132, -0.02464287960877288, 0.0001831019985401589, 281953000000, 
-0.052076997224711874, -0.0158928987505646, 5.3604673545315486e-05, 281958000000, 
-0.07450934415784269, -0.025436210537334813, -8.026052868907592e-05, 281963000000, 
-0.049363382200134365, 0.0056116470945259565, 0.00012342132043060015, 281968000000, 
-0.07595276662252014, 0.03563383168607155, 9.196465084296996e-05, 281973000000, 
-0.08094362332788817, 0.0037861555216525556, -4.393642029171566e-05, 281978000000, 
-0.07228326993276266, -0.004148515228545065, 7.160877625528266e-05, 281983000000, 
-0.04377184905552261, 0.019494970038038552, -1.792989500970865e-05, 281988000000, 
-0.06920207610111875, 0.005466652973575486, -0.0001322444048660382, 281993000000, 
-0.05857902750029774, 0.0014770000922028105, 0.0003053201392441592, 281998000000, 
-0.06629027050830588, -0.014016675145054162, 0.00012200083855472095, 282003000000, 
-0.05611072473302981, 0.0041879859745797285, 3.0257560647396003e-05, 282008000000, 
-0.03524777028400633, 0.024676385891913455, -0.00021333587427520645, 282013000000, 
-0.03968968211537141, 0.012250768506677171, -4.536869909806654e-05, 282018000000, 
-0.04449556723210822, 0.03670385454675224, -1.5643987786257804e-05, 282023000000, 
-0.0533713369573907, 0.012845173501447867, 0.00035816722340391153, 282030000000, 
-0.0803488872653992, 0.012179345927363569, 5.286751520833566e-05, 282035000000, 
-0.07741227866630224, 0.010764972277387744, -6.463372650262507e-05, 282040000000, 
-0.05482752038175986, -0.004292224650931456, -1.3777178547245176e-05, 282045000000, 
-0.0598228078874545, 0.007033269683714622, 0.0002840342491215863, 282050000000, 
-0.07941513422212737, -0.017168316042734527, 7.084916736932868e-05, 282055000000, 
-0.07423125683771326, 0.0042635889824337815, -2.7121762702875473e-05, 282060000000, 
-0.06688968568272706, -0.024186732168009005, 0.00016275996370669903, 282066000000, 
-0.059407198478802915, -0.01895918353784426, -0.0005949250252329522, 282071000000, 
-0.06103060192534387, 0.020767782008073638, -0.00019091543905965544, 282077000000, 
-0.04557227270804966, -0.02711991072111094, 0.0003284383236047798, 282082000000, 
-0.06680439421126327, 0.016914322087517714, 2.680272842727448e-05, 282087000000, 
-0.04927372425866022, 0.01620403107342231, -0.0002692086231480267, 282092000000, 
-0.04382987953003499, 0.0064726032274071595, 0.0002087525772276326, 282097000000, 
-0.05118684753047634, -0.015419422351672384, 0.0004323736086859989, 282103000000, 
-0.06527744768852169, 0.004437906655914318, 0.00046200855140300276, 282108000000, 
-0.037516170482465916, -0.010990396646449971, -0.0002560128432699698, 282113000000, 
-0.05756842007229244, -0.015442205891529, -0.00013783351429340037, 282118000000, 
-0.057945932496560805, 0.014308244448974654, 1.9517683501223745e-05, 282123000000, 
-0.06052291573722498, 0.014707346641266116, -0.00019506179644732043, 282128000000, 
-0.06079675863870689, 0.03819427248498972, 0.0001197412212628616, 282133000000, 
-0.056216502784761375, 0.040056993130989454, 0.0003156577249530516, 282139000000, 
-0.06911382369423753, 0.003714582664318464, 0.00021944091254171114, 282144000000, 
-0.09224786764988432, -0.0016040909762381297, -0.00042956383421368456, 282149000000, 
-0.05670483494129294, -0.02772214224845584, -0.0002671484330315018, 282155000000, 
-0.042648769946450664, 0.0011615231474089694, 0.00014122044056099085, 282160000000, 
-0.05325847509018279, -0.003630000707159375, -0.00023602863638666504, 282165000000, 
-0.09126476317150263, -0.0035041375524551025, -0.00011625992776200658, 282170000000, 
-0.031224478877448034, -0.006025826330952793, 0.00015822044108896504, 282175000000, 
-0.04155606288368179, 0.0007927647480680847, 1.0362736039225816e-05, 282180000000, 
-0.08656571120802227, -0.016583559111093268, -0.00012836317721081288, 282185000000, 
-0.01958592598361812, 0.0025782252984459316, -2.130817346834637e-05, 282190000000, 
-0.03242479514949114, -0.008035786392659491, -0.0002578725192142825, 282195000000, 
-0.03806637388347482, -0.02256888733043833, 0.000392071991359408, 282200000000, 
-0.06214303892350416, -0.013016197053342992, 1.747577808552899e-05, 282205000000, 
-0.06270395026701828, -0.014210450727036836, 7.451683432500987e-05, 282211000000, 
-0.053813415842449266, -0.0008443489296111659, -0.0002035043683654908, 282216000000, 
-0.07367222069149185, 0.0011064824711021573, -0.0003436219820289511, 282221000000, 
-0.05796527239366809, 0.008416141678909311, -8.213235751163653e-05, 282226000000, 
-0.0639145370151794, 0.024494816846595047, 0.00023348193705217968, 282231000000, 
-0.05372680758602999, 0.0001031564390285039, -0.00022713887205990938, 282236000000, 
-0.04434085980859697, 0.016209733365229878, 8.76151580720958e-06, 282241000000, 
-0.029492714822060454, -0.003728476620330587, 0.00030057695298894014, 282246000000, 
-0.04964002208424323, -0.015108759366748981, -0.00015530883366337086, 282251000000, 
-0.05497380670009425, -0.013036566649852147, 0.0002559656217763539, 282256000000, 
-0.05894849553547016, -0.005834547109921857, -0.00011593108418902893, 282261000000, 
-0.031435048004392105, -0.0007436259633991406, 0.00016859667806847398, 282266000000, 
-0.061847563859670884, -0.02116046369963056, 0.0003856908538494139, 282271000000, 
-0.03958795461431553, 0.039950881303448454, 0.00012210747444616323, 282276000000, 
-0.07111819704056316, 0.013413380187057218, -4.41806702869596e-05, 282281000000, 
-0.056228457022486765, 0.01705030241479499, -0.0001150261768363584, 282286000000, 
-0.06480880956881041, -0.01000174852557522, 0.00014776795641251736, 282291000000, 
-0.03375391232780624, 0.0017385132180619397, -4.0239019060044876e-05, 282296000000, 
-0.021541730902288166, 0.011346500400606209, 9.891031366625203e-05, 282301000000, 
-0.03512608102433942, -0.0033722293883587653, 0.00012784315449746464, 282306000000, 
-0.05434704772245045, 0.008440377519018022, 6.517416223893081e-05, 282311000000, 
-0.06899583847410273, 0.0147590365976287, -5.1787701325090176e-05, 282316000000, 
-0.06291850605349014, -0.005596904339964808, 0.00019378211062049406, 282321000000, 
-0.06421100093154314, 0.0073917560151406285, 0.00022988563677947573, 282326000000, 
-0.04294962391450551, -0.022397691521528575, 0.00036534879437232957, 282331000000, 
-0.043593079562723486, -0.001068985638766896, -0.0002836487984388185, 282336000000, 
-0.05128185884416693, 0.03296465239310623, -0.0003095097867099465, 282341000000, 
-0.0554647700869508, 0.020877569979286324, -7.968483907205152e-05, 282346000000, 
-0.03525419379734544, 0.00789371978850367, -0.00011133324532673543, 282351000000, 
-0.036267450354789205, 0.00019586027700795616, -0.0002965095719626971, 282356000000, 
-0.05110958132241594, 0.00037362710608265163, 8.45978561667369e-05, 282361000000, 
-0.07246864720979981, 0.013327758034979095, 0.0003646369563781658, 282366000000, 
-0.07340920138688886, -0.0075206219373750325, -1.4862776597293008e-05, 282371000000, 
-0.0425103670045554, 0.014937933903606473, 0.00018047171178214757, 282376000000, 
-0.04777260759477197, 0.0025785565522434832, 0.0004327833347313498, 282381000000, 
-0.05219211224766729, -0.021417294435499824, 0.00025423950409387083, 282386000000, 
-0.04417725534652282, 0.0007774496887423065, -5.606596916103744e-05, 282391000000, 
-0.0622396061068362, 0.010095521025299963, -0.00010480096480750796, 282396000000, 
-0.06416864277393985, -0.010164333887519578, -0.00032300820181914317, 282401000000, 
-0.02928654828493077, 0.008355372647853661, -0.00012166600351266348, 282406000000, 
-0.04936082278297503, -0.014191070061062712, -0.00012461339230009956, 282411000000, 
-0.03674886351369837, 0.011877070112129216, -7.306916889950492e-05, 282416000000, 
-0.05305535145397065, -0.0027386543801344106, 0.00015018373193061708, 282421000000, 
-0.07187747568377843, -0.006308740263912343, 0.00018322213458952678, 282426000000, 
-0.05010479442931926, -0.003655878106541585, -0.00014642319177981815, 282431000000, 
-0.06036778104402908, 0.0023663687288864453, -0.0001537480958122225, 282436000000, 
-0.051437712737698225, -0.00852083611716813, -0.0005003832032039932, 282441000000, 
-0.09361490527494022, 0.034378774528397486, -0.0002633744478475087, 282446000000, 
-0.04660474393088022, 0.00432570894260925, 0.0004513380170916655, 282452000000, 
-0.06508727052364141, -0.018030989700911864, 0.0002340377359657914, 282458000000, 
-0.07192463975331351, -0.0005787289816326123, -0.000252972770805096, 282462000000, 
-0.06850668339943343, 0.011310907760607853, 0.0004485211907571489, 282467000000, 
-0.07676400926420238, -0.01995947316332649, 0.00015672710741746783, 282472000000, 
-0.056728349131923525, 0.022270997430614833, 6.253380225151875e-05, 282477000000, 
-0.06157209043655855, -0.018558747375477237, 6.134017709617081e-05, 282482000000, 
-0.058744814150335195, 0.00962609604209301, 0.00019244275705016366, 282488000000, 
-0.06554349255340546, 0.006477746623701702, -9.184948416493507e-05, 282493000000, 
-0.07868098697643938, -0.02829056112232514, -0.0001721069231743356, 282498000000, 
-0.05651560834875312, 0.03284509512449818, -0.00016015153029564095, 282503000000, 
-0.06633709614597463, 0.022668120371743917, 0.0004524062902661714, 282508000000, 
-0.05315176017565667, -0.006323927615376653, -4.061390664458884e-05, 282514000000, 
-0.0525374886416477, -0.02125489106582297, 0.00016752819793374075, 282519000000, 
-0.08902025602014402, -0.015447018407209011, -0.0001396254876685005, 282525000000, 
-0.023061788470178368, -0.01063518679198911, -0.0001512907636496269, 282530000000, 
-0.06939034128081951, 0.02629968033571555, 0.0003214820333365744, 282535000000, 
-0.03932584491864268, 0.045166547874016985, 0.00019405722613922977, 282540000000, 
-0.07678036933716453, 0.03164772889751985, -0.00011022742215798908, 282545000000, 
-0.06588164052484442, -0.02508754908815974, 0.00012179602094825123, 282550000000, 
-0.050249495308748254, 0.009496114918239778, -0.00022729326144387135, 282555000000, 
-0.07222074271035102, -0.023598996065083224, -0.0002741129657056275, 282560000000, 
-0.066337582010842, -0.012263678844002758, -3.098441878973913e-06, 282565000000, 
-0.07871694960474611, 0.019161434886349107, -0.0002807926824346923, 282570000000, 
-0.09919116650755583, -0.016165628601347615, 0.0003866723540826721, 282576000000, 
-0.056230529704530414, -0.011899820607429855, 8.098524114176991e-06, 282581000000, 
-0.06063232794570154, -0.017147433310337166, -6.60273912133366e-05, 282586000000, 
-0.07364545622683177, -0.003794464983179251, 4.7235203899943836e-05, 282591000000, 
-0.023682639860336037, -0.00793050262233612, -0.00020952479930052152, 282596000000, 
-0.08144044956629529, 0.011239902291847414, 7.470615384301875e-05, 282601000000, 
-0.05013991152436087, -0.02899956090826059, 5.9110489473961696e-05, 282606000000, 
-0.07411265895890944, -0.0251946469493139, -0.00040525976276889117, 282611000000, 
-0.032672841425644736, -0.008750240561143105, -8.56040924278684e-05, 282616000000, 
-0.06766634005699285, -0.017598049649682142, 0.00019128921855432492, 282621000000, 
-0.08374330936483404, -0.0038580178692922645, 5.306085062943321e-05, 282626000000, 
-0.0321339782251671, 0.0023013771920535725, -2.1980815170288834e-05, 282631000000, 
-0.03733634022917303, 0.012604986987410706, 0.00032968912749576084, 282636000000, 
-0.06720034231868746, -0.0005451450442032356, -0.0004180762645545134, 282641000000, 
-0.05380957474042211, -0.0007758090411400533, 9.751399998915886e-05, 282646000000, 
-0.07326667256768353, 0.017826549200302695, -0.00032990230451200787, 282651000000, 
-0.06759596322997194, 0.019540201320041774, -0.00019260175273351827, 282656000000, 
-0.06399572414665929, 0.015430119580565579, -0.00017673315424450765, 282661000000, 
-0.08133532145217727, -0.031687353794089754, -0.00018731892380993085, 282666000000, 
-0.06178687955116944, -0.018589060692238212, -0.00011333593557384101, 282671000000, 
-0.08850636979007334, -0.016627603830597033, 0.00024152451049184952, 282676000000, 
-0.08968439593927403, -0.012828206225924317, 0.00014991406609251155, 282681000000, 
-0.06206436165718929, -0.012805061075870799, -0.0001807860257170054, 282686000000, 
-0.03131839100846481, 0.0006595997931148946, 6.350144411556606e-05, 282691000000, 
-0.082945084017126, 0.011260690654846797, -2.8193435743388335e-05, 282696000000, 
-0.05062025048007504, -0.004911636096432882, 0.00015953347353826584, 282701000000, 
-0.08730356115667248, -0.02578993633275288, 0.00017906485616443288, 282706000000, 
-0.024571623044936618, 0.01910441310149905, 0.0003426025170386355, 282711000000, 
-0.060796200160096084, -0.004107381091921477, -0.00021386606480836633, 282716000000, 
-0.03435911408794093, 0.007934036529172989, -0.00016904187686765817, 282721000000, 
-0.06176635540188431, -0.026304118068525246, -0.00030195098964604897, 282726000000, 
-0.058090266356126664, 0.0012877306874935477, 7.417047461305555e-05, 282731000000, 
-0.05131196651850415, 0.01351357305139432, -5.292679058436226e-05, 282736000000, 
-0.04565945019988799, -0.012321185054815212, -1.647848707316848e-05, 282741000000, 
-0.08534244060940972, -0.005245274195966503, -6.900932836326868e-05, 282746000000, 
-0.025199436471210493, -0.02105105057510995, -0.0001475321007993955, 282751000000, 
-0.0462038676878693, 4.4290710169118415e-05, -0.00016794067954971738, 282756000000, 
-0.04656657666452402, 0.00030473422678884863, 4.330600410943435e-05, 282761000000, 
-0.046110765116250244, -0.0006397502761435472, -0.00012013230861332707, 282766000000, 
-0.05410539750735239, -0.023846568189988208, 0.00013322859410015887, 282771000000, 
-0.04730222487162549, 0.017503157794738367, -3.9007019382459065e-05, 282776000000, 
-0.06708258042626786, 0.010795684073052357, -0.0003025613768679985, 282781000000, 
-0.08875036398124664, -0.0011325154682026424, 0.00030872591282585677, 282786000000, 
-0.051462950896902025, 0.0008065148250311117, -2.3138333468432844e-05, 282791000000, 
-0.058158677721136205, -0.006943282153718266, 0.0003961203236440118, 282796000000, 
-0.061054330550584124, -0.0063434241369613, -2.5374054088159825e-05, 282801000000, 
-0.043826141544581226, 0.013921459307528337, 0.00010148484029401626, 282806000000, 
-0.049421081604804656, 0.0006781155669617189, 0.00026212434992256393, 282814000000, 
-0.057239368943633934, -0.017474433951083824, 0.00015744201191347556, 282819000000, 
-0.06732530485616041, -0.008686697554403499, -6.635724621827423e-05, 282826000000, 
-0.030862077960682605, 0.0024669508018488784, 0.00012856837077084113, 282831000000, 
-0.0636405646465571, -0.00010668215232422656, -4.2149394534309654e-05, 282836000000, 
-0.04454080855800499, -0.0021446237307564363, 0.0001245985542332917, 282841000000, 
-0.057935683602460576, -0.005619992434382621, 4.60880343778641e-05, 282846000000, 
-0.06437413266751166, 0.015062360346024197, -0.0001716526837878769, 282851000000, 
-0.0543655061244785, 0.00725556221900907, -0.00023774226608107787, 282856000000, 
-0.05918830932754364, 0.030309687580426764, 0.00017732587704644292, 282861000000, 
-0.05169287128088375, 0.02670112024168408, 4.571738880101001e-05, 282866000000, 
-0.056834666014766846, 0.0019213821558962986, -0.00015150908946270304, 282871000000, 
-0.045555717129473504, 0.0004892332596444604, 7.089810475765086e-05, 282876000000, 
-0.03521224440392495, 0.0177206470878611, -0.0002115141539476335, 282882000000, 
-0.056692530671518616, -0.021228976452313232, -5.289772477174517e-05, 282887000000, 
-0.03428095961602727, -0.023597723956568777, 8.403303855931923e-05, 282892000000, 
-0.04004109322758903, -0.0004966690669788525, -4.3090168592705384e-05, 282897000000, 
-0.06889489399451626, 0.0010160456873861848, 8.963745380193332e-05, 282902000000, 
-0.07514395972897055, 0.001292369551501825, -3.7819940201871305e-05, 282907000000, 
-0.040777020664363006, -0.04298866437573435, -5.9172324172936245e-05, 282912000000, 
-0.03991758273036851, -0.013032465294342193, -0.0002067163449760672, 282918000000, 
-0.06398414622915631, 0.012462038962253005, 3.258088094423598e-06, 282923000000, 
-0.05925164963745239, -0.009652165055937311, 2.6129847716727635e-05, 282928000000, 
-0.05925311129752455, 0.029761726650452403, 0.00031313671466175896, 282933000000, 
-0.07257920605405184, -0.03545957414352327, 0.00013814957940210516, 282939000000, 
-0.06964675475678155, -0.0004920180949288266, -7.020239089059164e-05, 282944000000, 
-0.052037073042457985, -0.002389467458484837, 5.259878717391175e-05, 282949000000, 
-0.09159891559791433, 0.017946254426663175, -0.0002233378914529794, 282954000000, 
-0.05581585364269084, -0.019533955780718, -0.00019064064784533584, 282959000000, 
-0.043762392043470766, -0.010435404418910615, 0.00016854290779627547, 282964000000, 
-0.06734110020634007, -0.012291156731901351, 4.416859715571311e-06, 282969000000, 
-0.023169381886482182, 0.023993945241123565, -8.201407872336079e-05, 282974000000, 
-0.0628975371488734, 0.013014741862687449, -0.00012564516085843534, 282980000000, 
-0.0685520446267136, -0.02980657569883099, -4.742559114820247e-05, 282985000000, 
-0.07434848192941321, -0.01884804233658495, 0.00017748843260882946, 282990000000, 
-0.05212349318113489, -0.00551394341571106, -6.11384598636192e-05, 282995000000, 
-0.06588373220838377, 0.03597186605487912, -0.00023761898244293347, 283000000000, 
-0.05283889721891536, 0.011912764832816964, 0.0003626190937426033, 283006000000, 
-0.05463624276670712, 0.01970288127269293, 0.0001199584126401359, 283011000000, 
-0.047473145666339714, -0.02775818338967166, 3.349117808678912e-05, 283016000000, 
-0.06477572403662839, 0.004894276269596503, -5.377982599293604e-06, 283021000000, 
-0.06042790454627081, -0.005289758675206537, 0.00034899684890646803, 283026000000, 
-0.07258804549375417, 0.013194000424407512, 6.241261595564176e-05, 283031000000, 
-0.028897788253948318, 0.01078085497108149, -3.9475866406062905e-05, 283037000000, 
-0.07799648959607311, 0.010323003914492937, 1.2077403657663032e-05, 283042000000, 
-0.05838734190659686, 0.018785689256366832, -0.00020247691801798812, 283047000000, 
-0.044317987734775736, 0.015165717167365304, -4.6666119258840494e-06, 283052000000, 
-0.07394465620970607, 0.009332913224167638, -0.0002254324083900388, 283057000000, 
-0.056190161477316, -0.0060274291335309736, -7.852002656444957e-05, 283062000000, 
-0.05377511840376149, 0.0032201635023767455, 0.00042511075493170973, 283067000000, 
-0.03612337542899685, 0.006770109489780534, -8.313992849145837e-05, 283072000000, 
-0.0518882705980764, -0.013982873024569634, 7.270332226646275e-05, 283077000000, 
-0.050568401749752655, 0.0033634613728044387, 7.212322479464209e-05, 283082000000, 
-0.07709961665157736, 0.02905830532366745, 0.00016417500230385176, 283087000000, 
-0.06715213066247418, -0.007062305785585142, -0.0002420293060827718, 283092000000, 
-0.04211159769727385, 0.013397335284595736, 0.00020058188519889386, 283097000000, 
-0.049281894325284785, -0.008793309428857058, 2.7484305232144084e-05, 283102000000, 
-0.059680103752462445, -0.005970556555818846, -0.00023870980210613765, 283107000000, 
-0.06671698582308587, 0.007317886829453888, -3.979515885960385e-05, 283112000000, 
-0.08149467336350504, -0.011444947084799463, 7.817894904576087e-05, 283117000000, 
-0.08982628124618412, -0.019561632405461358, -0.00019541523018554106, 283122000000, 
-0.01491053424518591, 0.005553596322568729, 0.00025803016154874803, 283127000000, 
-0.061528284112479764, 0.0003010308454312507, -5.896962636379582e-05, 283132000000, 
-0.0571638871299593, 0.0017902734126693837, -0.00038637313178591564, 283137000000, 
-0.06727687816076924, -0.018589369916619258, 0.00013698872275521573, 283142000000, 
-0.029817416399398354, -0.00952235349642802, 0.00016901583650680816, 283147000000, 
-0.0360289510087512, 0.000998537519613623, 0.0003139681388208572, 283152000000, 
-0.04698090054301883, 0.010786936589959618, 0.0001859115139431427, 283157000000, 
-0.05725428910078544, -0.024522397185236477, 0.0001696865183979685, 283162000000, 
-0.07538595875605053, 0.004259389850670264, 0.00014172456167195802, 283167000000, 
-0.04470219920493788, 0.014483700768806508, 0.00012004179361800118, 283173000000, 
-0.021713655119990537, 0.0024838488112198073, -0.0003544725423687404, 283178000000, 
-0.04160986098508353, -0.039234467468207905, 0.0002526867732990825, 283184000000, 
-0.06774744527217871, -0.022301570010474087, -0.0001579166479746274, 283189000000, 
-0.058346192227986815, 0.007012273540878862, 0.00012707045539888035, 283194000000, 
-0.08601737346249291, 0.013780861787301188, 0.00040239501918011084, 283199000000, 
-0.07005955501173164, 0.0035495473981746388, 0.0002836175887175514, 283204000000, 
-0.04724862990798964, -0.016948220287607254, -0.00013549096882244275, 283209000000, 
-0.035893148128355465, 0.002282149247115034, 5.791051855396367e-05, 283214000000, 
-0.05802680187264948, -0.023296050156209787, 3.7265670596427024e-05, 283219000000, 
-0.09667071389429954, -0.03393604681978181, 0.0002074627537616802, 283224000000, 
-0.03466161744836425, -0.012575644814523529, -0.00027584760417280815, 283229000000, 
-0.04967609001352908, -0.015626267966426476, 1.4237501219807254e-05, 283234000000, 
-0.09785562854597041, -0.01544131460246942, 0.00037317427369676793, 283239000000, 
-0.04474377303973928, -0.020282208953873514, 0.00016833129376284394, 283244000000, 
-0.040295281742770146, -0.030270827509853285, 7.519633339421213e-05, 283249000000, 
-0.06452864348665374, -0.025158133144061814, 0.0004927691723863837, 283254000000, 
-0.07634351052969868, -0.010342573677283319, -0.00028642031978988745, 283259000000, 
-0.04862518157188973, 0.011613491001945968, 0.00026987984983794697, 283264000000, 
-0.05157374362906823, 0.0034393203572494653, 9.948381541165581e-05, 283269000000, 
-0.0506088283234672, 0.02920381686343875, 1.061793300147472e-05, 283274000000, 
-0.07141566735510918, 0.0048085834286789465, 0.00030645623956844476, 283279000000, 
-0.09772956313359224, 0.002065904190775235, 0.00010285396621354403, 283284000000, 
-0.03820669775445434, 0.04560695764695622, -0.00017649086053569586, 283289000000, 
-0.038644181339813496, 0.002574014774205757, -3.758551920783175e-05, 283294000000, 
-0.0622256289171254, 0.003895684551284381, 0.00014006904693839942, 283299000000, 
-0.055020409733655, -0.0007781334595622872, -0.00022335523229213952, 283304000000, 
-0.07722228096331338, -0.020125874319223473, 8.215979132026895e-05, 283309000000, 
-0.0516375992008967, -0.007378679081192226, -0.0001248087525564824, 283314000000, 
-0.018376903898395573, -0.010065413234767104, 0.0004305757415947666, 283319000000, 
-0.029528743385482087, -0.0038231724633719893, 6.827263888334621e-05, 283324000000, 
-0.07371483108614921, -0.0071063171117382124, -0.0001563611951778282, 283329000000, 
-0.07008595327895295, -0.0003756602373568734, -0.00022612858588276873, 283334000000, 
-0.04747711107627097, 0.010542718493577638, 3.844589175506926e-05, 283339000000, 
-0.06454170813933627, 0.013024657256233448, 0.0001840103477791317, 283344000000, 
-0.04221060318281671, -0.00327161622715921, 2.1303073379987354e-05, 283349000000, 
-0.055610453864756305, -0.017620631594964485, -0.00022948497106989576, 283354000000, 
-0.024877195975815128, -0.02883772286086976, 0.00025474615305463654, 283360000000, 
-0.029307540114568924, 0.022794714085513652, -5.248295360493679e-05, 283366000000, 
-0.06291335446229838, -0.02407570162769057, 1.2099936129117836e-05, 283371000000, 
-0.02355575709979556, 0.012908464811868319, 0.0001506086564801856, 283376000000, 
-0.03343232165919674, 0.02785941397414288, -0.00034588860053199244, 283381000000, 
-0.06117929969720222, -0.0355979009475162, 0.00029217221424659474, 283386000000, 
-0.06302871297509678, -0.008979573438614058, 0.000197271058343321, 283391000000, 
-0.046043328239298624, -0.015980202824620798, 5.747426900503732e-05, 283396000000, 
-0.03511017783198857, 0.03622019490690403, -4.196237535298805e-05, 283401000000, 
-0.033960357773707754, -0.028256465094434767, 6.745286445248647e-05, 283407000000, 
-0.03589222106537128, 0.008076935928857078, -3.5484610421437445e-05, 283414000000, 
-0.05357571592105441, -0.0007037164543728539, 4.247138318864097e-05, 283419000000, 
-0.029489458065468255, 0.01265506664245561, 0.00015777976494263051, 283424000000, 
-0.049170867570073176, 0.012741199682238176, 0.0002593359106429197, 283429000000, 
-0.04740672256807854, 0.02799383105162216, 0.00025601704047339307, 283434000000, 
-0.04839602449852434, 0.002688289909317367, -0.0001518315173909804, 283439000000, 
-0.04635388272344519, 0.02532232778947216, 0.00045415279263931127, 283444000000, 
-0.06560116859533922, 0.0008483809320136918, 0.0001506009296930413, 283449000000, 
-0.11088231738251289, 0.0016265194257145683, 0.00018333956149923367, 283455000000, 
-0.07858410213630833, 0.03507488253053013, 0.0002531244726295453, 283460000000, 
-0.06229603575928674, 0.012496422899061204, 0.0005754688234112118, 283465000000, 
-0.046661535053150245, -0.007263747594748312, -3.66640299799382e-05, 283470000000, 
-0.061542412980028785, 0.028878768478440984, 0.000320143800340578, 283475000000, 
-0.05290668953435586, 0.032365298178482174, -1.792082144951037e-05, 283480000000, 
-0.07377401353880217, 0.0021866741900965917, -0.0003793130619975409, 283485000000, 
-0.04676118718579704, -0.01037917206798148, -0.0002348080070190415, 283490000000, 
-0.08910559079770855, -0.0010876976582615697, -4.049636801514277e-05, 283495000000, 
-0.04636119730660102, 0.0011415907452746838, -3.424145874699557e-05, 283500000000, 
-0.10492383608137273, -0.003308260307022683, 0.0003398813836409681, 283506000000, 
-0.08855352656389759, 8.38382057947644e-05, -0.0003656555646899207, 283511000000, 
-0.04263548991262965, -0.009849115897050403, 7.648156053233322e-05, 283516000000, 
-0.059693602984924266, 0.015361177120999487, -0.00015720382714983297, 283521000000, 
-0.055133071378866444, 0.00349909882439559, -0.00010045623633569352, 283526000000, 
-0.04034419021693136, -0.0031067701480087433, 0.00010487118299762285, 283531000000, 
-0.03924258289034902, 0.0029817717695210227, -4.474369206693024e-05, 283536000000, 
-0.0717735537059011, 0.04331158319859845, 0.0001483238619836971, 283541000000, 
-0.051604270133525545, -0.010825228529665826, -0.00018737293642794142, 283546000000, 
-0.08298358197167799, 0.004287956440347359, -0.00046042104315442586, 283551000000, 
-0.04599260520592279, -0.012442665226506479, -0.0003001584784094779, 283556000000, 
-0.06940586320382862, 0.008431815386263666, -7.658535250238294e-05, 283561000000, 
-0.0529012879408068, -0.006825071038512463, -0.00016401076615289468, 283566000000, 
-0.035382398889796086, 0.03941823825277841, -6.751857618609551e-05, 283571000000, 
-0.07538542116430685, -0.018676059215782446, -0.0002977506610346466, 283576000000, 
-0.05787958397015648, -0.023357145417749282, 0.0002621551351303363, 283581000000, 
-0.060917329242480237, -0.019378220299442788, -5.6707658037079434e-05, 283587000000, 
-0.0517532612003893, 0.016602704685725726, -0.0002227930922787742, 283592000000, 
-0.0718708913792592, -0.0037607087767616157, 4.0227736706654176e-05, 283597000000, 
-0.04134111154789326, -0.021218623200660272, 0.000376830795180123, 283602000000, 
-0.03285555622334445, -0.01730678062598694, 0.00018906031385357291, 283607000000, 
-0.07048193311183246, -0.001840075736962489, -0.00022849089109320633, 283613000000, 
-0.06342876043525005, -0.014037365215871006, -0.0002596485193910877, 283618000000, 
-0.05583926512564689, -0.03850760474766224, -0.00014717371394587473, 283623000000, 
-0.04215777221076422, -0.04369253178138985, 4.586848593171089e-05, 283628000000, 
-0.07007507104652838, -0.001105531283526532, 0.0003436950293219789, 283634000000, 
-0.0801281532187868, 0.002163425083793263, -0.00018364016729238844, 283642000000, 
-0.04998562043757759, 0.01859930574813523, -0.00033334826891630906, 283647000000, 
-0.05521759193654263, -0.0040186071827347705, 0.00010087132105214172, 283652000000, 
-0.05497270529188024, -0.018484410925410994, 0.00011450417820113946, 283657000000, 
-0.0316230583862359, -0.025587279991692156, -0.00022957034058582656, 283662000000, 
-0.045716064209746714, 0.013276207340679504, 0.0004360813889410694, 283667000000, 
-0.055313006707294485, -0.002658037611327276, 5.700970629685338e-05, 283672000000, 
-0.054665302597428383, -0.024012855676546544, 0.00019842233502471955, 283677000000, 
-0.014376945398400412, -0.0012039973224807058, -0.00019328706516959077, 283682000000, 
-0.055381346364604726, 0.009173147175879358, -7.602683817559663e-05, 283687000000, 
-0.05903747075822196, -0.005329771324547321, 0.00018183360944576328, 283692000000, 
-0.07783860651717801, 0.001950347501283358, -0.00020574758455197336, 283697000000, 
-0.05966442914289972, 0.004974787517211332, 2.7437055881009308e-05, 283702000000, 
-0.07360146804765408, 0.008926328125413666, 1.3072049163405478e-05, 283707000000, 
-0.06770904259339136, -0.0003764813346180725, -6.899887804249718e-05, 283712000000, 
-0.05658923174171689, -0.009147236424165189, 0.0002874151760628321, 283717000000, 
-0.04105912568628788, 0.01098145062515986, -6.653805126648423e-05, 283722000000, 
-0.059784611248808045, 0.02301697249420033, -0.00014689217501159932, 283727000000, 
-0.08324647560514162, 0.016267103630036577, 0.00011621969218822574, 283732000000, 
-0.056069834023942014, 0.0007542777628343479, 3.834791066359405e-05, 283737000000, 
-0.06848087726472604, -0.005176002399749851, 0.00028440226278012893, 283742000000, 
-0.06624564394909976, 0.008479563436130657, -0.00013705835570764377, 283747000000, 
-0.06332617881249576, -0.007548262800282728, 4.7067684392177145e-06, 283752000000, 
-0.06515360027882408, -0.0013617590951720054, -0.0001570017407192943, 283757000000, 
-0.06396587730931545, 0.013130881250776499, 0.0003646428123422437, 283762000000, 
-0.03621622824861795, 0.0010552126003495297, 0.00019929314840639282, 283768000000, 
-0.09196417089791595, -0.0030032689545992867, 1.4770646369480528e-05, 283773000000, 
-0.06740861179279593, 0.018905680312703538, 0.00023112048756445723, 283778000000, 
-0.05871163508426521, 0.002367586490779963, 0.00011904872188012159, 283783000000, 
-0.03697886904990661, -0.015484976451568955, 0.0002972172335221532, 283788000000, 
-0.06535610799338937, 0.006962599513479571, -0.0002766013308252087, 283793000000, 
-0.07142115687694865, 0.010235149017357984, -0.00019668326865183346, 283798000000, 
-0.05694463643611455, 0.01927184197227125, 0.0002849806923700405, 283805000000, 
-0.07551048959490259, -0.009378438001288753, 0.0002200272304799123, 283810000000, 
-0.05449601062569578, 0.000600598405959327, 5.5111146178664044e-05, 283815000000, 
-0.0343087921358403, 0.024205666410437164, 0.0001159414041366258, 283820000000, 
-0.04346672211189172, -0.017767000184072106, -4.4767729539391395e-05, 283825000000, 
-0.04471611853619084, 0.008196319293544004, -0.0005178439517904915, 283830000000, 
-0.05582091988041854, 0.020206426221818376, -1.1772563913499372e-05, 283835000000, 
-0.03029884353127393, -0.012626838208943735, -0.00012950668487178842, 283840000000, 
-0.09709155715558018, 0.016382973871705966, 0.00021068296582080098, 283845000000, 
-0.06616898588977918, 0.02470495577636368, 0.000188189713852027, 283850000000, 
-0.08493643487244897, 0.016881148063829992, 0.000125359135028631, 283855000000, 
-0.06759078609625992, 0.00558789087258855, 3.122385816590372e-05, 283860000000, 
-0.027108661365039616, -0.024405655393977203, 0.000231702862134035, 283866000000, 
-0.06122561550837782, -0.017876119169608507, -0.00029065598010774736, 283871000000, 
-0.05135545627077313, -0.012867959012634102, -0.0004439567275080433, 283876000000, 
-0.06226148511905183, -0.02657871863645857, -0.0001401894686286887, 283882000000, 
-0.061668650065160216, 0.011668604171750136, -8.088584925479997e-05, 283888000000, 
-0.07703784246836909, 0.011384614252559969, 0.00034808981426209134, 283893000000, 
-0.03732555481841439, 0.009107110727145398, -0.0001391606961966, 283898000000, 
-0.05418305411309498, 0.0030277467327219473, 0.0003078003324097949, 283903000000, 
-0.02829206443206719, -0.005602035573785029, -0.00019547333737319502, 283908000000, 
-0.07838976689269037, 0.00025795496019587357, -0.0001022641866717534, 283914000000, 
-0.08571522930133266, 0.04272956995818284, -2.7343008645588652e-05, 283918000000, 
-0.02225459678278153, -0.015888724169441225, -0.0003523596331859619, 283923000000, 
-0.06720257745628132, 0.019671026646433984, 0.00012202102615990805, 283928000000, 
-0.050366924524757224, -0.011578977787926516, 0.000168325718635079, 283933000000, 
-0.03896490095389832, -0.008058358413679335, 4.7881877706149064e-05, 283940000000, 
-0.06568695378000783, 0.013964092800717025, 0.00019294490490763636, 283945000000, 
-0.04953765445300635, 0.008520859911624072, 0.00021555933663258028, 283950000000, 
-0.048990829220666623, 0.014399439451361141, -0.00032107592863808753, 283955000000, 
-0.055784880081028, 0.0004637552293939094, 0.00018221113501576722, 283960000000, 
-0.04349440752119619, -0.001107776571261942, -2.674595570230046e-06, 283965000000, 
-0.038341178914611224, 0.003045611981708109, -7.955669188689853e-05, 283970000000, 
-0.047458537261226584, -0.019884163063629938, 0.0002817276899540317, 283975000000, 
-0.04530332797928712, 0.004607862094526485, 2.974672374656218e-05, 283980000000, 
-0.07330572431385085, 0.027597698717191754, 0.00022714000232061917, 283985000000, 
-0.03656824953647349, -0.016467901509629325, -0.00033216995177747, 283990000000, 
-0.06396671510614066, -0.005885754805625115, -0.0001081370170097732, 283995000000, 
-0.06721813632010469, -0.01204142467810914, 6.92591658724006e-05, 284001000000, 
-0.06065521682212765, -0.018933213675963005, 0.00013609916982631684, 284006000000, 
-0.03781491610899343, 0.0027889349828167107, -5.706352423938972e-05, 284011000000, 
-0.033660163783542515, 0.011126252298518605, 0.00012150163411404884, 284016000000, 
-0.04787451818636444, -0.004108980428322309, -0.00014904841553438743, 284022000000, 
-0.07105289673158527, 0.0008284229729415394, 0.00014946869459105545, 284027000000, 
-0.054248000889604416, 0.02326571154453593, 8.294554512951623e-05, 284033000000, 
-0.07421027466760725, -0.011138020837423821, -0.0004342283183959994, 284038000000, 
-0.024348342059752743, 0.04423185938969631, 9.026120156936417e-05, 284043000000, 
-0.06172913442872944, 0.005826988833778452, 0.00010041169740574429, 284049000000, 
-0.04404232833904985, -0.005016660166423197, 3.0655408421016933e-05, 284054000000, 
-0.07860938516919541, 0.034722842117488176, -0.00018424009091341898, 284059000000, 
-0.043271840229570875, -0.009075063193390649, 0.00018947385794142126, 284064000000, 
-0.05438680700594746, -0.007146468988756497, -2.0165242678439082e-05, 284069000000, 
-0.0507381437095271, -0.0074674621670578825, -5.145500930460951e-05, 284074000000, 
-0.028753553033683692, 0.011573687891388431, -2.846866363481705e-05, 284079000000, 
-0.06763605291103633, 0.007957354149389287, -0.0001084154948120187, 284084000000, 
-0.048160776570739576, -0.0018805607394900455, -0.0001331515329289494, 284089000000, 
-0.028579671494074792, -0.0020440763912742653, 1.1050341485006963e-05, 284094000000, 
-0.04198029745421734, 0.012871043394926349, 0.0002824400351714656, 284099000000, 
-0.029034136657755893, 0.007020295172142843, 5.886683789910804e-05, 284104000000, 
-0.025000417661547786, 0.0026819969398971613, 0.00022892496217243863, 284109000000, 
-0.050355745746073065, -0.0033375824112342302, 0.0003044780948899484, 284114000000, 
-0.07783400024836441, 0.01970263042593359, 0.000455894648839852, 284119000000, 
-0.06016056556447334, 0.012710547768976024, 1.7623525479578115e-05, 284124000000, 
-0.04851305944953541, -0.020825023263448487, 9.792809950474583e-05, 284129000000, 
-0.045872279548461625, 0.016597135130946822, -0.00017621219163215218, 284135000000, 
-0.056749779161320055, -0.00068085757883446, 0.0003118339055249166, 284140000000, 
-0.05072447353587212, -0.008947144895136863, 5.551226631095216e-05, 284145000000, 
-0.048114864071713614, -0.016997871366888295, -7.968084363668957e-05, 284150000000, 
-0.044277981971232616, 0.00630918433280625, 0.00015280835522001485, 284155000000, 
-0.04986047145890461, 0.014463419702241012, -8.101651182471348e-05, 284160000000, 
-0.05979820040861888, -0.009692330342957493, -4.919423397505118e-05, 284165000000, 
-0.028639352532777745, 0.006151350106668869, -0.0001036721180874191, 284170000000, 
-0.051390466734531515, 0.003317594569568067, 0.000336429069235136, 284175000000, 
-0.04137957064970875, -0.0031000116699151444, 0.00029608334403968687, 284180000000, 
-0.05141408298284034, 0.010921524534900823, -3.4534660798905827e-05, 284185000000, 
-0.047844046909605926, -0.005978141697736599, 0.0002400310893110951, 284190000000, 
-0.03289042153778947, 0.01187675087801403, 0.0001772263666425433, 284195000000, 
-0.06309543659765932, 0.018005393792855283, 9.807044160313449e-05, 284201000000, 
-0.056162914375671405, 0.03193320900140429, 0.00010515099863535863, 284206000000, 
-0.03937751518510654, -0.021308444996584967, -6.398387526234076e-06, 284212000000, 
-0.06773152588849808, 0.02135328135321706, -9.687107998278444e-05, 284217000000, 
-0.0571730498025304, 0.013742230668718838, 1.5122111735288816e-05, 284222000000, 
-0.029941658828207103, 0.004747760391807828, 0.00020336530257414044, 284227000000, 
-0.06522134921092074, 0.01223332843878772, -0.00011477839214789505, 284232000000, 
-0.028550505496626837, -0.0022521114850660795, -0.0001978965631612297, 284237000000, 
-0.04011479834471259, -0.01389580739571172, 0.00015867525855518415, 284242000000, 
-0.05829904106430328, 0.016248573484096213, -0.00013540132179445193, 284247000000, 
-0.055480512127159175, -0.03138415709360385, -3.192947443461126e-05, 284252000000, 
-0.03141648634117504, 0.0024267122587954054, -9.134270708200034e-05, 284258000000, 
-0.04886810047781523, 0.0003789678363911675, -0.00011270681119234833, 284263000000, 
-0.04109273926196544, 0.030070420398179896, 1.5667531108592545e-05, 284268000000, 
-0.051508221002769056, -0.034253620020459674, 0.00012067259137048131, 284275000000, 
-0.07114958479343085, -0.0018283634916217602, -0.00026106121598555023, 284280000000, 
-0.05924982793140116, -0.0052921834497944315, 6.347033636585065e-05, 284285000000, 
-0.05848544760746707, -0.01134632127873376, 0.0003110840700094355, 284290000000, 
-0.04256390230372872, 0.003863108564661664, 0.00022102282636171452, 284296000000, 
-0.06512668974066316, -0.008247881924246577, 7.892890560383185e-05, 284301000000, 
-0.05523126373916369, -0.010234509514120154, 0.00025889885969754723, 284306000000, 
-0.04642214500775532, -0.01956602702523664, 0.0003574707246054912, 284311000000, 
-0.03032388171082453, 0.03034009247568771, -6.529255829441027e-07, 284316000000, 
-0.034472219653940386, 0.0021212700378858786, -0.00020375433070305104, 284321000000, 
-0.08861341187442479, -0.008946204893130577, -3.0945479232555985e-05, 284326000000, 
-0.04131836514711045, 0.02535552083941857, -4.8704054614861285e-05, 284331000000, 
-0.045229129323246756, -0.001260829558294646, -0.0002769429139198563, 284336000000, 
-0.06408945699298756, -0.00538349965370442, 3.348786906947974e-05, 284341000000, 
-0.026416672658775127, 0.015818519236288495, 4.780060981965091e-05, 284346000000, 
-0.051525936681773396, 0.01171137423919634, 0.0002476526139754468, 284352000000, 
-0.0477100659001489, 0.010069524797030745, -0.0003798996715908003, 284357000000, 
-0.05101685642993532, -0.008272090602992136, -0.00028482603279171955, 284362000000, 
-0.028377470931246505, 0.03506851114813311, -5.015272533926672e-05, 284367000000, 
-0.02833310964717623, -0.03046803506732116, 1.3902984586305498e-05, 284372000000, 
-0.06453961489959505, 0.01633755883098951, -0.00017302475519380425, 284377000000, 
-0.04070766426981007, 0.0005748323454893039, 4.2392517763762484e-05, 284382000000, 
-0.0315026771757331, 0.023630765289870438, 0.00013668376732513504, 284387000000, 
-0.09952830964509388, 0.028553340190432958, 0.00022939514653861647, 284392000000, 
-0.046300742554761826, -0.015264556168851114, -9.220893722344383e-05, 284397000000, 
-0.06802972048924934, 0.03917205127690343, -2.5486524637681747e-05, 284402000000, 
-0.07082498747904448, -0.004787353016755254, 0.0001873000064017727, 284408000000, 
-0.0577536010372576, 0.00027318615257508464, -0.00015385487181947987, 284413000000, 
-0.07295143738029276, -0.018094203368193763, -0.00021074335375464735, 284418000000, 
-0.0361354158395728, 0.022389003009942253, 0.0001479729948835629, 284424000000, 
-0.021769180713582654, 0.017129608271017997, 5.862695246099721e-05, 284429000000, 
-0.04077223183625639, -0.029289567966076638, -0.0003450008523398976, 284434000000, 
-0.042798078115665245, -0.022256372098709534, 0.00015885541921731552, 284439000000, 
-0.03233512149594553, -0.005731324221526819, 0.00019757810519127766, 284444000000, 
-0.10070193417237308, -0.0009805769919955182, 9.539237583179437e-05, 284449000000, 
-0.07329438147159588, 0.033234255250903705, 0.0004681423531339514, 284454000000, 
-0.05002422856215933, 0.005870334538573623, 0.00019709899956952477, 284459000000, 
-0.0845671258747575, 0.008497612351197833, -3.690071597616321e-05, 284464000000, 
-0.08556035241659549, 0.009830882444589087, 0.00016354076328009036, 284469000000, 
-0.019778585724549685, 0.005854122124876854, 8.061786090144332e-06, 284474000000, 
-0.07827583543091512, -0.025029965463947135, 0.00014335596155547832, 284479000000, 
-0.08416351611178005, 0.02120577509056609, 4.2302694764930865e-06, 284484000000, 
-0.019179399706405323, -0.020886322933654902, -0.0005332084641939059, 284489000000, 
-0.04866002594094475, -0.0018188365296604918, -0.0002197367184035475, 284494000000, 
-0.07266288447437365, -0.026415492903626426, 5.676368571051698e-07, 284499000000, 
-0.05836125364862146, 0.0006939234887691415, 0.00041749842897895054, 284504000000, 
-0.043905584366369196, -0.01227127248046112, -0.00019309060169246425, 284509000000, 
-0.07144691252858061, 0.01043343885600384, -0.00011615786575761225, 284514000000, 
-0.051776613913916254, -0.026420174833733896, 0.00017312728920934622, 284519000000, 
-0.05391862339166072, -0.0023356853384427314, 4.3213971731045066e-06, 284525000000, 
-0.048937605051301895, 0.026970965964290865, 0.00013574809157205386, 284530000000, 
-0.05502882293144721, 0.00881489497192808, 0.00032103648045670607, 284535000000, 
-0.07076358135435218, -0.025346355566996246, 0.0002782926478894485, 284540000000, 
-0.0450757160280177, -0.03596775601138844, -0.00016739566480062693, 284545000000, 
-0.07892561537447838, 0.014812129188091522, -5.767221827835864e-05, 284550000000, 
-0.060868809792923015, -0.0230159838384402, 0.00024273420146993151, 284555000000, 
-0.049983435895171506, 0.005373006233189363, -2.0562250810565337e-05, 284560000000, 
-0.04822123963450253, -0.009700748835689759, 5.837400893247877e-05, 284565000000, 
-0.013651967624683937, -0.005801321328418637, 8.89150791160556e-05, 284570000000, 
-0.05543320697085724, -0.009076174420300077, 0.00029958755626024693, 284575000000, 
-0.04507012604288618, 0.018884666794243252, 1.962295121581555e-05, 284580000000, 
-0.01597377117705205, 0.006069295150050761, 3.6922420131360507e-07, 284586000000, 
-0.029318171796116697, -0.007885864632410923, 7.111167874954887e-05, 284591000000, 
-0.06032321259813554, -0.007334404513299517, 2.517790577455846e-05, 284596000000, 
-0.04795541358656161, -0.0118913691472544, -2.4118434815669593e-05, 284601000000, 
-0.06190294074734265, 0.019973271854042962, -2.3189821328312088e-05, 284606000000, 
-0.06088860400097712, 0.023930343014431206, 0.0001875889921291169, 284611000000, 
-0.08040082441303781, 0.018487143486716495, 0.0001752376739888388, 284616000000, 
-0.06116669916435788, -0.01508836146599865, 0.0001315676925348685, 284621000000, 
-0.050571824836055865, 0.019822539327471744, 0.00010019503318134497, 284626000000, 
-0.057718462164114845, 0.008117896416858124, -8.254787305728468e-05, 284631000000, 
-0.04421962893723661, 0.032898127887763584, 2.8705535256282128e-05, 284636000000, 
-0.056322913367860154, 0.00035633556306252645, 4.8860333686819546e-05, 284641000000, 
-0.05109885553159703, 0.012271174766806973, -4.5055608172538314e-07, 284646000000, 
-0.02333016016722876, -0.0051590647235273505, 5.4932611211600194e-05, 284651000000, 
-0.09116995898910124, 0.005993670189794718, -0.000195890224903259, 284657000000, 
-0.05266598079719318, 0.0006048394215762282, -7.872322284454478e-05, 284662000000, 
-0.05061242728243663, 0.018604407586386824, -0.0001424814121176819, 284667000000, 
-0.06440538702312308, -0.001204418631156021, 3.722046736816797e-05, 284672000000, 
-0.08125345495224218, 0.02911575193282753, 0.00013506488228113376, 284677000000, 
-0.07483132099429969, -0.027798904310284187, -0.00020009197309133644, 284682000000, 
-0.08042727852346086, 0.016374478343501735, -1.867111963703182e-05, 284687000000, 
-0.07061507382159005, 0.017196043213668296, 7.0555744961277e-06, 284693000000, 
-0.08054066696209797, -0.04045738314433062, 0.0002992169091220581, 284698000000, 
-0.05637038890419393, 0.032814321133757984, -0.00010267554816588465, 284705000000, 
-0.0478740392283417, -0.0008108939098964085, 8.071316914705854e-05, 284710000000, 
-0.05205055560143448, -0.002334629380105878, 2.9912703220046682e-05, 284715000000, 
-0.06452171451150168, 0.006318842731412817, -2.4684338120983827e-05, 284720000000, 
-0.05451258568778599, 0.013529741069550166, 0.0002886681882784876, 284725000000, 
-0.07199938376164866, -0.0379455087142431, 7.369377247101233e-05, 284730000000, 
-0.060239933770816156, 0.01714925111453119, 0.00026459572446781474, 284735000000, 
-0.0762211031212156, 0.00961364027184934, 0.00016064415703090566, 284740000000, 
-0.055134992851854546, 0.021974314515085313, -0.0003091561592180065, 284747000000, 
-0.07225489676131544, 0.0038144431268814843, 0.00020619402445088423, 284752000000, 
-0.05801809650266816, -0.0007136857000714556, 0.0002922736470265552, 284757000000, 
-0.0593896707108471, -0.019693776001097115, 5.340242282872936e-05, 284762000000, 
-0.061680212885475, 0.016688302628896957, -0.00021975214260638103, 284767000000, 
-0.039414286029900915, 0.00020347818942105587, 7.969249515695818e-05, 284772000000, 
-0.06228108358585505, -0.042019118197857114, 9.023964357797893e-05, 284777000000, 
-0.06438110245215838, 0.018419247741914193, -0.00021095919611224435, 284782000000, 
-0.037374352935018784, 0.003552986806198401, 4.1547950572045475e-05, 284788000000, 
-0.06345760295092362, -0.008935003739863721, 0.000248954267467821, 284793000000, 
-0.05673694119265979, 0.02150316726843746, 0.00013121097728681667, 284798000000, 
-0.06932638097450278, 0.008327337878006994, -3.1384791624226696e-06, 284803000000, 
-0.07368311235468178, 0.00020870182373321325, 0.00015490899184646495, 284808000000, 
-0.06593224988665873, 0.01593143050728782, 4.888464554902675e-05, 284813000000, 
-0.024469499009698314, 0.0031500332228719848, 5.8404359718661086e-05, 284818000000, 
-0.05724994226890124, -0.014475360304362968, -0.00022679379061204044, 284823000000, 
-0.023170333494167777, -0.01084429332914209, -6.462564073813827e-05, 284828000000, 
-0.0646353568356456, -0.005043013868443356, -8.321098813430314e-05, 284834000000, 
-0.07155657111601527, -0.0015666914034111149, -7.26055958225132e-06, 284839000000, 
-0.09183426774741903, 0.013031056928750746, -7.93244270947172e-05, 284844000000, 
-0.044437469750123616, -0.03502662962299486, 0.00011063939706289398, 284849000000, 
-0.07236227275278131, 0.008585747770635473, -0.0002875346080426287, 284855000000, 
-0.0512385437012202, -0.010685197251230965, 0.00035132582478593236, 284861000000, 
-0.055885908083699545, 0.0018674854545524951, 6.971805420167394e-05, 284866000000, 
-0.07133431881110633, -0.008616004582838862, -0.0002873849648593754, 284871000000, 
-0.051669499598295573, -0.01439015037769392, -0.00018510865062799402, 284877000000, 
-0.03852465933670284, 0.023602865464748102, 6.794250615515736e-05, 284882000000, 
-0.03785980756502538, 0.007230113029652337, 0.00011538747341489715, 284887000000, 
-0.05390919584508485, 0.01266506744895539, 2.373630156847588e-05, 284892000000, 
-0.07768410893804717, 0.017346675517912795, 0.00010563429657911451, 284897000000, 
-0.05579939578988816, -0.02435901593287442, 8.38899258641103e-05, 284902000000, 
-0.05565429976715501, -0.01247910113097725, 0.00012506331448705046, 284907000000, 
-0.033668030532666836, 0.013682526380375856, -6.113698325810461e-05, 284912000000, 
-0.05797014286625384, -0.0170432554149045, -0.00010173090656188157, 284917000000, 
-0.06100195279842803, -0.01711628240826331, -0.00030725845507828005, 284923000000, 
-0.04748841897527637, -0.014217689223895033, 0.00034041207081981893, 284928000000, 
-0.05877279642611137, -0.005124886224905397, -4.8798394412179216e-05, 284933000000, 
-0.060725463113063816, -0.03986937327661374, 0.00034968355652801285, 284939000000, 
-0.06720808077794024, -0.01709842403727776, -0.00010483544039557844, 284944000000, 
-0.07049354948657888, 0.021345409848971722, 0.00010795452234406654, 284949000000, 
-0.05960403610135897, 0.019223892511753892, -0.00029581479592496947, 284954000000, 
-0.057668374221507994, 0.006056007580349923, 9.060122243274943e-05, 284959000000, 
-0.06013756629105102, -0.003100220164116007, -0.00015461841391503476, 284964000000, 
-0.05978065953741071, -0.016385809157322583, -0.00012577432123544535, 284969000000, 
-0.06260274174834898, 0.010337305196705615, 0.00015130369894939702, 284974000000, 
-0.05051937475444455, 0.04810619482544517, 9.383068686497335e-06, 284979000000, 
-0.028979370577840394, 0.010174393336504646, 0.0003169725560164943, 284984000000, 
-0.04543031115299911, 0.0053632743372628916, 0.00029764100301037517, 284989000000, 
-0.08506869827296201, -0.027092423422734834, -0.00028234285025252446, 284994000000, 
-0.04916051512518618, -0.015976428883089828, 0.000154023105265457, 284999000000, 
-0.06465468496043456, 0.0008212522758629, 2.3938715298481552e-05, 285004000000, 
-0.08618917591971592, 0.012611003408890653, -5.5751628667820284e-05, 285009000000, 
-0.05170194767188773, 0.012032965979005869, -0.00010131503173158696, 285014000000, 
-0.03745379408425526, 0.03116595568665189, 3.0599817154939945e-06, 285020000000, 
0.0006422294107594068, 0.003792265570251795, -4.152272115107234e-05, 285026000000, 
-0.066870018117571, -0.005323360459186249, -0.00018816420428853379, 285031000000, 
-0.06230380108876607, -0.03239913792061022, -0.00013176165981114714, 285036000000, 
-0.030611049482006186, 0.0027336762790614666, -3.3020894849512494e-07, 285041000000, 
-0.06440166581651598, 0.0034712028301460813, 0.00030634534197471924, 285046000000, 
-0.05489946772414506, -0.004777766974610569, 7.939197299771349e-05, 285051000000, 
-0.04831668556329585, 0.01976358570359141, -0.0001613813279369239, 285058000000, 
-0.04683324668689745, 0.003827456624139657, -3.4996039090735235e-05, 285063000000, 
-0.056272625061034705, 0.03578449453686913, -1.474890526216284e-05, 285068000000, 
-0.021775170722377196, 0.001839486199590457, 0.00014818933786050272, 285073000000, 
-0.04630310779268469, -0.022926016593130337, 1.451810095840934e-05, 285078000000, 
-0.03315022359124481, 0.006357161210931815, 0.00014083051647829583, 285083000000, 
-0.06185402959486984, -0.040114728017103016, -0.00020801706858372468, 285088000000, 
-0.0518147671614373, 0.004330529125474759, -0.00013728451404901212, 285093000000, 
-0.07156365388085582, 0.0002943211326974148, -7.937092517486999e-05, 285098000000, 
-0.05477971898401463, 0.02714937985413716, -5.381707230881956e-05, 285103000000, 
-0.059425740846043365, -0.0009128411374426935, 8.284389906607183e-05, 285108000000, 
-0.0675907176030621, -0.02250992267223935, -0.00012657394509475655, 285113000000, 
-0.07919887583544764, 0.028727266214326502, 0.00031250693491661347, 285118000000, 
-0.057181080588398894, -0.01764903241876962, 2.045046917360353e-05, 285124000000, 
-0.044139570772047144, -0.012668779909105686, 0.0002937061276569773, 285129000000, 
-0.04767085316043894, -0.0210248463926073, 0.0002386829226566973, 285134000000, 
-0.04674726377938068, -0.029331460600497763, -6.0683143153888044e-05, 285139000000, 
-0.06968656350765437, -0.017093813031816743, -0.00014782583435225767, 285144000000, 
-0.037343939509190544, -0.01022684447950287, 0.00012316436936380583, 285149000000, 
-0.050267528942539635, -0.005774227711543253, -0.00017717953661878125, 285154000000, 
-0.029606270598810457, -0.015222028082908474, -0.00021970330424135362, 285159000000, 
-0.06341555618214395, 0.012211600955547255, 0.00019398226975702394, 285164000000, 
-0.07530612409388728, 0.006841979071400566, 0.00011974106304025022, 285169000000, 
-0.05489513047340514, -0.0013579876506742091, 0.0001591454068814198, 285174000000, 
-0.061412928123236975, -0.012035048537108819, -1.388655194800373e-05, 285179000000, 
-0.06912145113591418, 0.012345341936025767, 0.00016119258804633108, 285184000000, 
-0.07654910843895034, 0.0037611454171705794, -0.00014131441219410098, 285189000000, 
-0.06061162421935546, 0.011004665355887, 1.4750908314834125e-05, 285194000000, 
-0.05614076237486952, -0.017735469873047898, -7.382121476898422e-05, 285199000000, 
-0.06753129840134335, 0.013043536297788084, 0.00016826698257611593, 285204000000, 
-0.04301083033509167, -0.0004195569081550781, 0.00014079022812724825, 285209000000, 
-0.06187098706656055, -0.012793068485223396, 4.163345712206488e-05, 285214000000, 
-0.036531038319304904, -0.022424384497323983, -5.854158657002617e-05, 285222000000, 
-0.06496684865293494, 0.0009101533117538083, 0.00014973887126525285, 285227000000, 
-0.040054555612345645, -0.023806296412409576, 0.00014404186095784893, 285233000000, 
-0.03887785762514734, -0.01973923619515656, 8.166358642827912e-06, 285238000000, 
-0.06551290151238968, 0.010828535722780468, 0.0003090211007192379, 285244000000, 
-0.05702963140872312, 0.0012652593131069602, 0.0001481535005185608, 285249000000, 
-0.02629121506373821, 0.027613971504639942, 1.6093077596878762e-05, 285257000000, 
-0.06344040640781128, 0.03239994596699417, 2.950805575773886e-05, 285262000000, 
-0.055594915441475726, 0.02943203968550535, 8.287282808069104e-07, 285267000000, 
-0.0641083352080169, 0.016420831977484826, 0.0003261227315079966, 285273000000, 
-0.07427743770952915, -0.0005974777943593197, 8.3734430522801e-05, 285278000000, 
-0.06283609657477493, -0.01837649145826885, -0.0001789856344793846, 285283000000, 
-0.04084898509660907, 0.015924618867745148, -0.0002001129502318897, 285289000000, 
-0.065008985792979, -0.005836079020365338, 0.00015881727725967394, 285294000000, 
-0.06212053032456477, -0.012959136491653842, -3.592423444151884e-05, 285300000000, 
-0.06306197629083034, -0.003422819048225112, 0.0003615377713696439, 285307000000, 
-0.0639690556235969, 0.0013859965379938144, -8.516922949602117e-06, 285312000000, 
-0.0630031979706753, -0.006375884197353741, 2.0227676960494044e-05, 285317000000, 
-0.0650703616558002, 0.017043355237769932, 8.023637112654925e-06, 285322000000, 
-0.041620856289762004, -0.0015329671866206008, 0.00010591573268248485, 285327000000, 
-0.058351328693957476, 0.0016319437455699537, 1.5642065219554533e-05, 285332000000, 
-0.032156270006206626, 0.006048182104190165, 5.443099296037292e-05, 285337000000, 
-0.058054240136770664, 0.021483024815052043, -0.00026830081316557997, 285342000000, 
-0.051113814333915326, -0.028004210778836497, 4.79067140942343e-05, 285347000000, 
-0.033828988633549745, 0.023670810169221963, 0.00019617980229968835, 285352000000, 
-0.06257297695052662, 0.00824052814623132, -0.0001253848028410399, 285358000000, 
-0.04568018455780241, 0.0452649036544715, 0.0001847441998484197, 285363000000, 
-0.07412946027201096, 0.00035340658714296176, 0.00016614620313777507, 285368000000, 
-0.043009494729563266, -0.0038837068811019846, -0.0001362768277331646, 285373000000, 
-0.024991594412996067, 0.005308672380276722, -9.430647243103482e-05, 285379000000, 
-0.04852071985368082, 0.01509472115225679, 5.4147316967318795e-05, 285384000000, 
-0.06374411524209707, 0.015413504356377106, 0.0003212484097263039, 285389000000, 
-0.0784316198228581, 0.01164404279985768, -0.00024425411667436674, 285394000000, 
-0.037698129755564525, -0.00313004151129406, -1.6805617349599168e-05, 285399000000, 
-0.06948359602621589, -0.007317837475429951, -0.00010789256765168505, 285405000000, 
-0.053336922772447726, -0.009999464519097386, -4.0755640323813915e-05, 285410000000, 
-0.048687720061283746, -0.0033205279491119403, -2.6214325218236984e-05, 285415000000, 
-0.06673861210239133, 0.029473264984449132, -5.079883764092805e-05, 285420000000, 
-0.030639854706223282, 0.02887958945539648, -0.00011450614648255725, 285425000000, 
-0.065803487073247, 0.002835848375620559, -0.00029484110182188367, 285430000000, 
-0.06234674514025195, -0.021753827942131435, 0.00014932062735166824, 285435000000, 
-0.03673444886903307, 0.004020150104630753, -4.1960127084679035e-05, 285440000000, 
-0.02589143284792764, 0.010932922244883642, 0.00018922705881274502, 285445000000, 
-0.055127954042305666, -0.01187294161265448, 0.00011411433933494006, 285450000000, 
-0.020855155617529257, -0.03331737414145278, -0.00011030017955625724, 285455000000, 
-0.043822103053349624, -0.023612267180536058, 0.000135760093091672, 285461000000, 
-0.04954325012793143, -0.007108442663065633, 1.2949320524161694e-05, 285466000000, 
-0.04055930660369577, -0.039890310982920896, -0.00012746089084203263, 285471000000, 
-0.04020876823161579, 0.015691594577631078, -1.912401707638868e-06, 285478000000, 
-0.04459230800595451, 0.003058996706325909, 3.5932356313381145e-05, 285483000000, 
-0.030315262919685934, 0.0023018449330552927, 6.05975839417799e-05, 285488000000, 
-0.06004087862034051, 2.828368802296091e-05, -0.00022035546186284036, 285493000000, 
-0.05015878896445053, 0.01733264836448974, 4.930110507500885e-05, 285498000000, 
-0.04065828904608057, 0.011891888505223658, -0.00028834939119080645, 285503000000, 
-0.05503104115149307, 0.0084006117957668, 0.00012165535930400076, 285508000000, 
-0.038329665916533806, 0.018894366197146826, 0.00022375946244831152, 285513000000, 
-0.08585837554621288, -0.012745419730005212, 9.845853670257749e-05, 285518000000, 
-0.015420267743843315, -0.0007271327193522953, -0.00021217695070744702, 285523000000, 
-0.04302175617854051, 0.02863439600373635, 0.00013966016429372847, 285528000000, 
-0.06698338237030053, 0.015647048720580956, 9.047094958414254e-05, 285533000000, 
-0.09908072093756565, 0.002871741583499952, -8.906534143875512e-05, 285538000000, 
-0.07568785267965411, 0.013149757057286632, 0.0001437093737157683, 285543000000, 
-0.054685101970455105, -0.033845892416200424, 0.00020670913979137437, 285548000000, 
-0.043679353828024264, -0.0054231483663242505, -0.00018986790646181577, 285554000000, 
-0.07270279174254925, 0.002792744736895849, -0.00029688917887763275, 285559000000, 
-0.07621153336449586, -0.017148721697179004, -6.079518953284449e-05, 285564000000, 
-0.06037286355936915, 0.005596985492167136, 6.070989249241968e-05, 285569000000, 
-0.07632668329895945, 0.018229762415626925, -6.227843937363732e-05, 285574000000, 
-0.06802104104216668, 0.006004131289323502, 0.00010605606919032231, 285579000000, 
-0.06797596751601963, 0.021133194951652924, 3.690030329509746e-05, 285584000000, 
-0.044829104803230824, 0.019043718251648144, 0.0002963810056206949, 285591000000, 
-0.10074575841657457, -0.012373935483649715, 7.09312631086612e-05, 285596000000, 
-0.07629316653762142, 0.02072475696285972, 8.671470114333662e-05, 285601000000, 
-0.06548622850802929, -0.027395353468109267, -0.00015890636110548574, 285606000000, 
-0.07264352012241677, -0.005286107226970087, 1.0758202276907029e-05, 285611000000, 
-0.04875014296250701, 0.011932824519080976, -0.0001684472369289483, 285616000000, 
-0.045947924234874295, -0.0030493831347593444, -1.9804287148364476e-05, 285621000000, 
-0.0510489360490617, 0.011356593566288112, -3.821388840402506e-05, 285626000000, 
-0.04590215164641376, -0.01301654941381509, -4.1047130984349576e-05, 285631000000, 
-0.044779069688123375, -0.014026414284365676, -0.00017373714164209845, 285636000000, 
-0.062042737345813996, 0.007581145915608822, 0.000149045940701699, 285641000000, 
-0.06035964570611569, 0.019427214261028555, 0.00011322727952786359, 285646000000, 
-0.062000168804453006, 0.03733001745307824, -0.0005791091648431399, 285651000000, 
-0.02709996828124051, 0.010015498647271838, -0.00016801625604506395, 285656000000, 
-0.04706018293377749, -0.0005953480170100835, -0.0004166713201687935, 285661000000, 
-0.060513449064182996, -0.018283556062153546, -0.0001101060797825483, 285667000000, 
-0.07469839577378994, 0.03141645117832062, 8.951362162564481e-05, 285673000000, 
-0.025283261815497757, 0.01219527807435828, -2.558769452684529e-05, 285680000000, 
-0.06958428195361341, -0.020111397444483394, 8.124600005352084e-05, 285685000000, 
-0.05457957507040201, -0.010578752097116414, 9.84651065733222e-05, 285690000000, 
-0.05014301522460858, -0.016841603293568933, 0.00011738519353068219, 285695000000, 
-0.03209431423480531, -0.0019473302725649057, 0.0002599518758512803, 285701000000, 
-0.03378602616766946, -0.017616577740344048, -5.0529045443048416e-05, 285706000000, 
-0.04702868584295048, 0.016800768411074696, 0.00046761445366495287, 285711000000, 
-0.04876390151898884, -0.002785376143711375, -0.00015961321010794034, 285716000000, 
-0.029288712254094854, -0.014934963423979757, -0.0002119735609025584, 285721000000, 
-0.05463500755739212, 0.006875524269241566, 0.00038923070745866013, 285726000000, 
-0.06329957681558603, -0.02148881168268848, 0.00024837716995512147, 285731000000, 
-0.0398951915587923, -0.02484760351867562, 0.00015292868520541092, 285736000000, 
-0.07923268135641987, -0.003434431491790611, 9.526928940271863e-05, 285741000000, 
-0.04538051980971264, 0.011272862136699499, 9.6097347971985e-05, 285746000000, 
-0.05100248758092383, 0.024742162076312132, -7.079214116236695e-05, 285751000000, 
-0.08390393346042879, 0.003052408885848696, 6.616716986789519e-05, 285759000000, 
-0.057721166468462856, 0.040921946703345626, 0.00011363903522886746, 285764000000, 
-0.05817509408248693, -0.019244034382540083, -0.00017272955520473683, 285769000000, 
-0.04586561637342865, 0.024724713959387527, 0.00023212379170560444, 285774000000, 
-0.042038383252407975, 0.014900747727375499, -8.959634925823278e-05, 285781000000, 
-0.06276586083022008, -0.0029488467752799754, 0.0002185670055789118, 285786000000, 
-0.07129419093787491, -0.00015611523580599308, 0.0001480364606935268, 285791000000, 
-0.036645371659217114, -0.004951551985252588, 0.0003859370956418621, 285796000000, 
-0.04494805702409203, 0.030868513002811345, -0.0002437521444881854, 285801000000, 
-0.055690503576665114, -0.029533152959151508, 0.00011582765514211757, 285808000000, 
-0.04006755066920463, 0.017397085942517557, 0.00019827060235774434, 285813000000, 
-0.05694357123661934, -0.02924430440485406, 0.00014666611464508793, 285818000000, 
-0.09542402570343249, -0.007903891879444454, -1.7245607101494704e-06, 285824000000, 
-0.09616538006956929, 0.00012536119240296828, -0.0002459622712246925, 285830000000, 
-0.03341756157926486, -0.011882423750480132, 0.00013859312115992517, 285835000000, 
-0.05290605825437772, 0.010002165676128527, -0.00014271276883962437, 285842000000, 
-0.06179198068893471, 0.00785650246127842, -9.037903023518021e-05, 285847000000, 
-0.0768876459486588, -0.004044457570190339, 4.401052653342887e-05, 285852000000, 
-0.0723141869687122, -0.030201676234183916, 0.00021576163364912343, 285858000000, 
-0.08355673449130852, 0.007764652197495591, -7.94871393915596e-05, 285864000000, 
-0.0813124612571013, 0.03029055417989783, 0.00037761427008643625, 285869000000, 
-0.04698119459789482, -0.0073111255574160785, -4.022597958443121e-05, 285874000000, 
-0.05145488456532834, -0.002593621179261038, 0.00015195356941393915, 285880000000, 
-0.0663487605398306, 0.011021342638881399, 6.101034491270256e-05, 285885000000, 
-0.0446210840023768, -0.006590066410680615, -4.2181624195415395e-05, 285890000000, 
-0.06902256376694611, 0.01154303808574685, -0.00017136597418827886, 285896000000, 
-0.018189895929764055, 0.011251012571651783, 0.00014673096076971308, 285901000000, 
-0.0832263081652929, -0.03113714320781787, -0.00010342421666638415, 285906000000, 
-0.042450010609880476, 0.007958671880719569, 0.00016726046818273094, 285911000000, 
-0.0684779300993215, 0.0002812277756077565, -0.0003186506448179029, 285916000000, 
-0.07401310931322626, -0.03748639656927137, 8.012454583489579e-05, 285921000000, 
-0.07130601207115735, -0.01884180997507968, 0.0004773210307431788, 285926000000, 
-0.0503919544844467, -0.0026003610436633948, -0.00016555726829891882, 285931000000, 
-0.033529653385312684, 0.002463462544860568, -0.00018229959801580826, 285936000000, 
-0.09540427317914822, -0.010453098876255862, -0.0002449403410102526, 285941000000, 
-0.055250647442784954, 0.007600303741152773, 0.00026836475436959196, 285946000000, 
-0.0567033131796193, 0.0112681172813703, 0.0002889498643508557, 285951000000, 
-0.04848362097139171, -0.02641848679734433, 3.3355040381417375e-05, 285956000000, 
-0.06762923356624127, -0.04050206969415274, 0.00010531739215139187, 285961000000, 
-0.053010788854809164, 0.01931075621614388, -4.518226385040957e-05, 285966000000, 
-0.033169127182714406, -0.024267942271681737, -0.00017610561310419596, 285972000000, 
-0.027018959426776706, -0.015713185846095597, -0.00018473527574961493, 285977000000, 
-0.038388187768277, -0.03320744419102148, 0.00027282063471533433, 285982000000, 
-0.052428952679288016, 0.007472123214942214, 0.00016357671569153194, 285988000000, 
-0.051262282434738474, -0.026608530945097266, -0.00028758630680171364, 285993000000, 
-0.05603632603847195, 0.01824638701559416, -9.347063574079089e-05, 285998000000, 
-0.08529171111800538, 0.038806563276357536, 0.00026370045671854624, 286003000000, 
-0.049756564890394005, 0.035008270677968044, 0.00011859241981436744, 286008000000, 
-0.08230310976821789, 0.016135759193816695, -0.0004724927328609011, 286013000000, 
-0.08632331138923383, -0.004819639640376993, -0.00010271396133381597, 286018000000, 
-0.057800259203620676, 0.01387000357701791, 8.018945932957318e-05, 286023000000, 
-0.05109555357786698, -0.025005453669018157, -0.00028322681384885254, 286029000000, 
-0.04264107704359183, 0.014493359154648364, -0.00030328586337726127, 286034000000, 
-0.06081091037640764, -0.042519085345868506, -4.425926338218427e-05, 286039000000, 
-0.07360176613183952, 0.00886992338494408, -0.0008409243267842219, 286044000000, 
-0.06695244223914165, -0.022068103333891018, 6.030446873284439e-05, 286049000000, 
-0.02788924265627902, -0.020139530694457324, 5.346838873703157e-05, 286054000000, 
-0.06058173950977067, 0.024230585119538618, 0.00043171643924030874, 286059000000, 
-0.05212505770069314, 0.013930984184429255, 0.0002461771065202661, 286064000000, 
-0.07246258202344513, -0.004480248227959282, -3.3008758352396755e-05, 286069000000, 
-0.07505333774584232, 0.002732451080179967, 7.070569108523892e-05, 286074000000, 
-0.07985083042643606, -0.015943282500723733, 4.892338885680017e-05, 286079000000, 
-0.06110665660260694, 0.03006444558291776, 3.18781103982616e-05, 286084000000, 
-0.06185924178710352, -0.03496403432678875, 0.00011043128043152857, 286089000000, 
-0.02321281142362245, -0.005285419031106704, -6.946313715414219e-05, 286094000000, 
-0.08298273055738739, -0.021131545883256827, 0.00016941272087186713, 286100000000, 
-0.09354271143693522, 0.0062127885052782016, 3.849858838992868e-05, 286105000000, 
-0.0633130344496684, 0.02746945642020097, 0.00032181027990312304, 286110000000, 
-0.09874692662966436, 0.0052358505128672125, -0.00012423642149061791, 286115000000, 
-0.055761773384547395, -0.0012611463488192826, 3.113535617625027e-05, 286120000000, 
-0.06007541821010248, -0.00785966207421961, -0.00038862116121030587, 286125000000, 
-0.06186468699124396, 0.017915429218572285, 0.0003092398908037222, 286130000000, 
-0.024211331951291312, -0.023876973374899073, -0.00010116900998456528, 286135000000, 
-0.025929809372425724, 0.018425922890697676, 3.7949937496746983e-06, 286140000000, 
-0.05445760161192507, -0.03711225012045117, -7.520953300324658e-05, 286145000000, 
-0.05289877862465923, 0.044349576839643634, -0.0001370990859994044, 286150000000, 
-0.0702478515147752, 0.01420648560016328, -0.00010737680566982001, 286156000000, 
-0.02352762609803257, 0.04482148730797153, -2.686929245488393e-05, 286161000000, 
-0.0337137369816226, -0.0007719923500939575, 9.702922085055474e-05, 286166000000, 
-0.048537573871859085, -0.02163132368908579, -0.0001218407743288178, 286171000000, 
-0.07373908301463684, 0.032839387980592466, 0.00021220446985449355, 286176000000, 
-0.06790156740714769, -0.009934253267955027, 6.355839799057305e-05, 286181000000, 
-0.03352639448740043, 0.0069691091420052975, 6.1458356624885725e-06, 286186000000, 
-0.09082694388206435, -0.01956088216731236, -0.000503804828950487, 286191000000, 
-0.03519775255324993, 0.024577831137696893, 0.0003144371176441028, 286196000000, 
-0.08694063161131083, -0.008751114020277102, 0.0002836920056344393, 286201000000, 
-0.07438453490853816, -0.018917887981339535, 2.7081824596268716e-05, 286206000000, 
-0.06836365997525923, -0.04128403493654849, -0.00020318331003049087, 286211000000, 
-0.059411396420734855, 0.01937072739526353, 0.00018359909385903825, 286216000000, 
-0.07272563215473872, -0.0013414903285950738, 7.966092760631253e-05, 286222000000, 
-0.059164321688379005, 0.0038213746882824057, -4.899631474961327e-05, 286227000000, 
-0.0791261692111735, -0.023705608002135163, -8.295632530360245e-05, 286232000000, 
-0.05951321165063492, 0.018526598348125683, 0.0002911083683424125, 286238000000, 
-0.025578666816622415, -0.01754972642149714, -0.00011620374229312283, 286243000000, 
-0.03252705776568364, -0.0033913442191113594, -0.0002217219278190176, 286249000000, 
-0.032958356801331856, 0.019812134828013576, 2.9992585489750236e-05, 286254000000, 
-0.04690171606979394, 0.00488205432508422, -7.950659222266972e-05, 286259000000, 
-0.0487759538655342, 0.025849415220151682, 0.0002689058237824805, 286264000000, 
-0.04425462502166985, -0.025130368582967067, 3.3688485966477414e-05, 286269000000, 
-0.0792594299610966, 0.016120102282389925, -1.4839650495385726e-06, 286274000000, 
-0.06549865983640253, -0.008307164073811163, -0.00019705939834669458, 286279000000, 
-0.0827523365297805, -0.018356400306227677, -1.5740751468834206e-05, 286284000000, 
-0.09353503939984653, -0.031338035124868706, -0.00013713897925131974, 286289000000, 
-0.059260737412694074, -0.012920495408807443, 0.00021821963815210388, 286294000000, 
-0.029401258308636404, -0.019112473812958292, 0.0002712016680313268, 286299000000, 
-0.04692599913411993, 0.01879855194219402, 0.00010594296604584751, 286304000000, 
-0.052959962646895335, -0.007680201398949762, -0.00016190353800525338, 286309000000, 
-0.031996976500224004, -0.01605753664895368, 0.0003866379840706239, 286314000000, 
-0.05825766628734704, -0.025716749778711398, -2.8824075044380036e-05, 286319000000, 
-0.08528206736061017, -0.0004583077568473021, -0.0002861907476888534, 286324000000, 
-0.048715968378305295, 0.016702620988828135, -0.0002553423361284787, 286329000000, 
-0.08460571016804279, -0.015704441367517166, 0.00022306896969418914, 286334000000, 
-0.06973650841188558, -0.0014333892121897226, 2.8770562492156013e-05, 286339000000, 
-0.047678069452643655, 0.005906129767876506, 1.7983163903216666e-05, 286344000000, 
-0.03827565126116232, 0.01657142916089276, -0.0003626173164293407, 286349000000, 
-0.07142563840275361, -0.012961765745174741, -6.789890286376752e-05, 286354000000, 
-0.06893935956787657, -0.007545606655097947, -0.00013446184506729308, 286359000000, 
-0.072932856053245, -0.0073034345124805816, -0.0002613134181420028, 286364000000, 
-0.032817739892650744, -0.00012666674262530229, 0.00019744028662367177, 286369000000, 
-0.053737722244370185, 0.009608990085776344, -7.4058052434334e-05, 286374000000, 
-0.0452585577888413, 0.0067012356219690785, 0.00015248043075565573, 286379000000, 
-0.06168078480290485, 0.0020653993108725524, -8.554553634465996e-05, 286384000000, 
-0.09285296760593713, 0.00511477626137484, -0.0001666672400350966, 286389000000, 
-0.0447816423861468, 0.0030198994960524018, -2.9485665196238834e-05, 286394000000, 
-0.08774529885916837, 0.014134474769975036, 0.000206444372907386, 286399000000, 
-0.05068691666032298, -0.003931410539380078, 0.0004103347094575467, 286404000000, 
-0.06021205328699776, 0.025326216018273482, -0.0004988468370186769, 286410000000, 
-0.06422852570033316, 0.0022837102685699705, 0.00016419269607459018, 286415000000, 
-0.042353294437261574, 0.008285070534664676, -2.530346416979262e-05, 286420000000, 
-0.053934532189177375, 0.00764365009451678, 0.00010146598654213632, 286425000000, 
-0.05233464551359899, -0.010826951374444643, 0.00011494462228752261, 286430000000, 
-0.06642111427098782, 0.01255183805967231, 0.000168354212951596, 286436000000, 
-0.07664996463423518, 0.006839316559232317, -5.2663909894696264e-05, 286441000000, 
-0.051609976676436305, -0.029234015992063815, 0.00012970390837308617, 286446000000, 
-0.03776053464090519, 0.02743488596589303, -3.380898643096597e-05, 286451000000, 
-0.06839365336036782, 0.023708030081590524, -3.2114743504522006e-05, 286456000000, 
-0.04905346902718127, 0.005774297292600904, -0.00019176028393077483, 286461000000, 
-0.05184165436151039, 0.026136160822308626, 0.00024130450966893858, 286466000000, 
-0.054156564311995406, 0.0012634992726466938, -1.171885484304754e-05, 286471000000, 
-0.04785736722167631, -0.01706238014717413, 0.00028304484294318106, 286476000000, 
-0.053573391621539526, 0.0036424154277817896, -0.000155404768134196, 286481000000, 
-0.028577488053732798, 0.01301952269567859, -0.00019101213477314588, 286486000000, 
-0.033146631864318446, -0.02716264566998372, -6.145857386225389e-05, 286491000000, 
-0.062764707432982, 0.0035139175711772783, 0.00011485568243420181, 286496000000, 
-0.03636225154319384, -0.007184234376387252, 0.0001499231151784316, 286501000000, 
-0.06326947512168288, 0.03992989860498526, -2.858950853083598e-05, 286506000000, 
-0.04936257166504935, 0.008068323650182927, 6.224449971433227e-05, 286511000000, 
-0.028287982960997098, -0.018718841860292375, -8.932983996950308e-05, 286516000000, 
-0.06525206252558616, -0.013479187937320393, -0.0001533048186171392, 286521000000, 
-0.06638861717433481, -0.013667367111858626, 2.0492605122555057e-05, 286526000000, 
-0.07451253466692825, 0.0018557347659591806, 0.0001456368938153407, 286531000000, 
-0.029476870980234285, -0.009216175132358145, 6.716306571201308e-06, 286537000000, 
-0.07595633768251, -0.016250580673520584, 0.0002950939072684742, 286542000000, 
-0.07228354237601455, -0.018122243590067963, 0.0004943465527086568, 286547000000, 
-0.04607972608525152, 0.010903529739234447, 0.00014268885302179936, 286552000000, 
-0.027414716401077167, 0.005581440896167945, 0.0002790715074418128, 286557000000, 
-0.04981692290520735, 0.003168700370011032, 0.00023078708155199572, 286563000000, 
-0.03306437916928448, -0.006132013217074378, -5.436941670218661e-05, 286568000000, 
-0.04756402156148869, -0.01601430427908829, -9.885511624607327e-05, 286573000000, 
-0.052673306306434575, 0.011388270152232859, 8.202226108276083e-05, 286578000000, 
-0.05198920392647236, 0.0019321551493117052, 1.7335393909022865e-05, 286583000000, 
-0.04787099508721133, 0.0009235620943594258, 9.388512619833802e-05, 286588000000, 
-0.09401956807007236, 0.04526360377191086, 5.8660203863495716e-05, 286593000000, 
-0.0681757757015636, -0.012587958042678734, 0.00018697469725721728, 286598000000, 
-0.029155168073382868, -0.01788979713505736, 0.00016661416814065633, 286603000000, 
-0.06257508110038745, -0.01014380379014741, 3.6700158151345296e-05, 286608000000, 
-0.08506396168417552, 0.004211376523741298, 0.00014172895184887927, 286614000000, 
-0.04367747334898257, 0.021604946759038186, 0.00020484625776630023, 286619000000, 
-0.07081146554602266, -0.010730964568238192, 0.0002276800883629847, 286629000000, 
-0.04533607764211958, -0.0016258549665315036, -0.0001176249327184296, 286634000000, 
-0.06779090714318294, 0.014046436766915528, 0.00016910101455378594, 286639000000, 
-0.062174427164673265, 0.010499983172300664, -0.0003000792132694213, 286645000000, 
-0.0643464610063299, 0.004139356192867449, -0.0001089704685143433, 286650000000, 
-0.03832895286488557, 0.006342455728422695, -0.00011662493829029537, 286657000000, 
-0.059928538567945375, 0.03513625859751999, 0.0001469014439080676, 286662000000, 
-0.07492461701644228, 0.011795498964832238, 3.3638255019005545e-05, 286667000000, 
-0.07930812824416572, -0.004224905113603969, -0.00021118520247547323, 286672000000, 
-0.03772609762071351, -0.035925823066889746, 0.00027405790649512015, 286677000000, 
-0.06904974051662968, 0.023459026444220623, -0.0002087102391908545, 286682000000, 
-0.05986813922137377, -0.013372021796584081, -0.00010175544915741981, 286687000000, 
-0.08519114598367912, 0.05214762482422716, 5.486490317991925e-05, 286692000000, 
-0.03876748099963287, -0.029386706376705197, 4.045092367874173e-05, 286697000000, 
-0.03965296098332718, -0.022044802782186772, 0.0002952991362394164, 286703000000, 
-0.07411187183133222, 0.022352362513393193, 0.00024417938219200257, 286708000000, 
-0.05228483321770665, 0.021133187883260563, -0.00022457242391478788, 286713000000, 
-0.08577534584148351, 0.052848147388838605, 0.00023195033036419789, 286718000000, 
-0.04020608866672694, 0.001073789893730563, 0.0001492153892179546, 286723000000, 
-0.04933836545955715, -5.844165058707326e-05, 0.00012793594302045085, 286728000000, 
-0.08748320835933068, 0.008217481716493367, -0.0002728183055285573, 286733000000, 
-0.04529549984243955, 0.00796273968022979, -0.00024484886029745674, 286738000000, 
-0.050884593040966444, 0.028932949104242562, -0.00012764575357282002, 286743000000, 
-0.0814742342693209, 0.016055820529503155, 1.5154098029082318e-06, 286748000000, 
-0.045594490265104426, -0.008501614544266739, -7.477513867497313e-05, 286754000000, 
-0.05388480303190677, 0.005402571259457563, 0.00024464489920016563, 286759000000, 
-0.02653221926300596, 0.01459482063019761, 0.00023979071666802596, 286764000000, 
-0.06428883053696002, 0.0042026260642824935, -0.00022826237721025478, 286769000000, 
-0.06460772040216689, 0.011510757988805, 6.935569601921477e-05, 286775000000, 
-0.09492168245303806, -0.007621579775118733, -5.471807478891424e-05, 286780000000, 
-0.06041582345808581, -0.01571811210812468, 0.00020243876157955632, 286785000000, 
-0.01740342731728313, -0.007957624091523063, 0.0002786000477813373, 286792000000, 
-0.07024308573500397, -0.01566499172749784, -0.00024899511348615744, 286797000000, 
-0.012263465971003702, -0.021336739349980018, 0.00026417008797198255, 286802000000, 
-0.06302384078298016, 0.03495334062001322, -4.1202990501665107e-05, 286807000000, 
-0.02392201176314479, 0.007657296392150969, 0.0004010222567987733, 286812000000, 
-0.06649204099808098, -0.001965999323040324, -2.410059010841356e-05, 286817000000, 
-0.09832762204754225, -0.018696062325030047, 0.00010653376294158166, 286823000000, 
-0.056478276275417696, 0.011321751487388048, 0.0001312295015854999, 286828000000, 
-0.07480948467851672, -0.01546765664600754, 0.000230808165179366, 286833000000, 
-0.07943356334887716, 0.004187993140139427, -0.00020223411981391424, 286838000000, 
-0.043987850742007645, -0.005705047862175203, 0.0003070042983733658, 286843000000, 
-0.05203365511994656, -0.03193925921477117, -0.000373067001811549, 286848000000, 
-0.04787677926528712, 0.023987790673325363, 0.0003186126016865729, 286853000000, 
-0.046460927362793225, 0.018698357123486112, -0.00013358069324974313, 286858000000, 
-0.035491107964462545, 0.006277760356094397, 1.78884571519234e-05, 286863000000, 
-0.023302516645385164, 0.012108657117948882, 5.265198632129106e-05, 286868000000, 
-0.05081177491566169, -0.011107165616308022, 0.0001044706831719335, 286873000000, 
-0.04256550372369408, -0.022706617354559325, -0.00010039137905399203, 286879000000, 
-0.04440337845769532, -0.0009519189938274192, 5.223259397614074e-05, 286884000000, 
-0.04686355951616021, -0.009179488391665666, -0.00019192705214625421, 286889000000, 
-0.0509461748995712, 0.013107479066175784, -0.00020349321693752823, 286894000000, 
-0.08018587086334081, -0.004085466392651142, 0.0003462049975305017, 286899000000, 
-0.055209486012037005, -0.030388362021075872, 0.0002806442305861104, 286904000000, 
-0.04575791371624004, 0.0028568997757769696, 0.0001125970455363057, 286910000000, 
-0.030044821595964225, -0.010367105863642524, 0.0001015864129488762, 286915000000, 
-0.07767639969976588, 0.012095201730457585, 2.4239904339286378e-05, 286921000000, 
-0.04992410077046368, 0.01025677589804808, 0.00015080220728510608, 286926000000, 
-0.022087575903911014, 0.0007786838282427159, -4.2822564407965606e-05, 286931000000, 
-0.033711398958274096, -0.039362130744852925, 2.0574722835744334e-05, 286937000000, 
-0.06820167490366609, -0.019033373828891184, -0.0003129793429835449, 286942000000, 
-0.06447062757411219, 0.00579162993960624, 0.00012427418185602797, 286947000000, 
-0.04102425294011956, 0.012446849023142855, 0.00010885106348674375, 286952000000, 
-0.05426622122118068, -0.02506220315930608, 8.097507787191493e-05, 286957000000, 
-0.05200995553307886, -0.020022305889105765, -0.00015183959667069375, 286962000000, 
-0.05045041515565426, -0.017000133277771966, 2.578614697301398e-05, 286967000000, 
-0.02715896094602177, 0.0067163489838907384, -0.00022851359586362974, 286972000000, 
-0.07582755225240126, 0.00892073103443236, 0.00016700065261221144, 286977000000, 
-0.07876590354669338, -0.0005110099435973034, -0.00041038974005529807, 286982000000, 
-0.06382319216823334, 0.024489262786175595, -0.00026859938664203296, 286987000000, 
-0.06257306519560582, 0.02372628430574409, 0.0003034256193131848, 286992000000, 
-0.07674876669793507, -0.009717176319638591, -0.0003654130945856271, 286997000000, 
-0.061492538553085244, 0.0034850451728365463, -0.0004431168796977264, 287002000000, 
-0.05219278551477715, 0.006008825594728644, 3.7569118698023432e-06, 287007000000, 
-0.048848444879414005, 0.023071410284634122, -0.00011367450162883901, 287012000000, 
-0.0632604770295929, 0.001976094617575313, -0.0001564035061669002, 287017000000, 
-0.05913517904267082, -0.025818719881342593, 0.0001696477775816835, 287022000000, 
-0.03241684554291223, 0.007664210130434186, -0.0002817694498928648, 287028000000, 
-0.08860896390093172, -0.023148681952780352, -0.00011609915144921553, 287033000000, 
-0.05875166249813823, 0.007977586131162704, -0.0001592430932280858, 287038000000, 
-0.06321154628724782, -0.03306779217307884, -1.1462492097871752e-05, 287043000000, 
-0.03908074470190122, -0.012432383321472102, -7.096429455468219e-05, 287049000000, 
-0.0235815209148136, -0.0016911181936638546, 0.00015835429374104547, 287054000000, 
-0.04568381734626001, 0.012229374615678135, -2.4180333452904563e-05, 287059000000, 
-0.062351631266068235, -0.009977333517169479, 0.0003887795357228567, 287069000000, 
-0.039902083889463896, -0.028888203643124374, 8.915591515270276e-05, 287074000000, 
-0.053156265357741164, -0.004857012372472016, -0.00019004572310226994, 287079000000, 
-0.06852467183647898, -0.04553004940411635, 0.00020380656414915307, 287087000000, 
-0.06402704797930509, 0.026166702354076473, 5.0921251287985736e-05, 287093000000, 
-0.05087503105534926, 0.01156686810988368, -0.00034086885786387144, 287098000000, 
-0.031085718080760563, -0.01699607558969362, 0.00035617013261581834, 287103000000, 
-0.07046474472539002, -0.008749641308251932, 0.00016404162092901843, 287109000000, 
-0.026178061545015934, -0.0006355213605543937, -0.000300305530550374, 287116000000, 
-0.05817644504014829, 0.017038005847922782, 0.00015816972745005836, 287120000000, 
-0.04051481217016309, 0.01965727977887906, 0.00022685786563194247, 287125000000, 
-0.037239729530944246, 0.009218907845034914, 3.175460941205137e-05, 287131000000, 
-0.07618839135192448, 0.010165743848993424, -0.0003649519207871452, 287136000000, 
-0.06377620267775448, -0.0004204595155820474, 8.098877687111329e-05, 287142000000, 
-0.053759568763165046, -0.010591754957091365, 0.0001590795457819994, 287148000000, 
-0.024613886688086915, 0.012617208518998044, -5.699121843416417e-05, 287153000000, 
-0.03787623697865798, -0.014673159813699066, -7.516881636711977e-05, 287158000000, 
-0.08101375656708193, -0.01851897173687784, -0.0005549205312348888, 287163000000, 
-0.026565701575522356, -0.005070096058701113, -0.00017632606024863177, 287170000000, 
-0.04360876238412395, 0.0024880162608854877, -0.0002341824843500442, 287175000000, 
-0.0440108027504217, -0.0007543216148028926, -5.7934900927226964e-05, 287180000000, 
-0.03558653183419749, 0.008299950862663788, -0.0001426314615421159, 287185000000, 
-0.0609000875126176, -0.008965774259166198, -0.0001834577061337913, 287190000000, 
-0.08672047607125008, -0.006034134525154146, 3.1538028534628316e-05, 287195000000, 
-0.06518908483863187, 0.014882672920345777, -0.00030243501529290864, 287202000000, 
-0.061626281804798226, -0.017128043344702533, 0.0001489905512073454, 287207000000, 
-0.05974078532376772, 0.023556186538768252, 0.00013563201880347414, 287212000000, 
-0.08087606259274757, 0.023287421355711626, -3.844055297077552e-05, 287218000000, 
-0.0621853464938919, 0.015705588511288126, 0.000217563483477113, 287227000000, 
-0.04336198576412523, 0.0020611565897377675, 4.700956532146505e-05, 287232000000, 
-0.036030417791319214, -0.013116911976837647, 0.00012172245265598561, 287237000000, 
-0.05164892261904812, 0.003652168897787024, 0.0003091617194936187, 287242000000, 
-0.05867713962495354, -0.03799350138427441, -7.507637456580941e-05, 287247000000, 
-0.03830461852727141, 0.0034083999278360384, -0.0001639020229831673, 287252000000, 
-0.04562481546195708, 0.008335751831919647, 9.768992630849769e-05, 287257000000, 
-0.08451806657879816, -0.001397075362547202, -8.744664636277297e-05, 287262000000, 
-0.041981204886289265, -0.01637666140307928, 0.0001509850413104992, 287267000000, 
-0.06445007049787502, 0.0005271423013939183, -0.0002660809688351476, 287272000000, 
-0.062458227780000194, 0.015569258740070278, -2.6635975496467795e-05, 287277000000, 
-0.05065514271065887, -0.01641725458628768, -0.000159134729947551, 287282000000, 
-0.032289960381873886, 0.020638407016614416, 0.00016315866147449624, 287290000000, 
-0.057907532936992245, 0.014024237403715091, 9.787664856449982e-05, 287295000000, 
-0.0656612106239794, 0.009372779953448563, -5.827476315433351e-05, 287300000000, 
-0.04705526387532864, 0.03036623881971222, -5.7541991674621025e-05, 287305000000, 
-0.0709810013221624, -0.020308634984482526, 0.00032526183432303625, 287310000000, 
-0.05755424134401971, -0.0024122949373540387, -0.00012479626744029941, 287315000000, 
-0.03708821344598514, 0.009188727899681236, 0.00014571409720289465, 287320000000, 
-0.026783618428689746, -0.037399133652582836, -0.00037477866180346466, 287325000000, 
-0.048717465125294145, -0.012064728496284044, -7.05081369145334e-05, 287330000000, 
-0.043553864246914605, 0.00643456488635871, 0.0001516345975274058, 287335000000, 
-0.06817759027063126, 0.0018469948027445512, -0.0005083246626612998, 287340000000, 
-0.05138740059217014, -0.021498775321471687, -8.798206871235316e-05, 287345000000, 
-0.05516574356461631, -0.003628161275043811, 0.0004355564404096713, 287350000000, 
-0.08072858635554721, 0.01060482294399722, -0.0002057681401148022, 287355000000, 
-0.06194992338926765, -0.012382523695297309, -0.00020281637848810984, 287360000000, 
-0.0594118187703649, 0.0244455623737844, 0.00021731393785195914, 287365000000, 
-0.08539285244318101, 0.0008279162948047495, 0.00013441673268081638, 287370000000, 
-0.06500778774930013, -0.01917524984100513, -4.270556712155195e-05, 287375000000, 
-0.05059146879571169, 0.016300354026350262, 7.369655639475956e-05, 287380000000, 
-0.06829871838314527, -0.02955569148909707, 3.9362732673222406e-05, 287385000000, 
-0.07690113031618186, 0.02633096397450096, -0.0002109759639159902, 287390000000, 
-0.06518536725018166, -0.006700787151137794, -0.0002810366208024283, 287396000000, 
-0.041800718115670245, 0.0060828501918035495, 0.00024496523184615586, 287401000000, 
-0.05320516265726018, -0.010806514701584603, 0.0004614641341490746, 287406000000, 
-0.07276660864620563, 0.007218782284365627, -0.00034603468787102625, 287411000000, 
-0.05733807402688557, 0.008411216717863466, 0.00012689245089378122, 287416000000, 
-0.05799463668521048, 0.02172904675808988, -0.00011656257751822543, 287421000000, 
-0.050210946583183126, 0.0013463702568296612, -1.7201509157020856e-05, 287426000000, 
-0.06966001592995179, -0.0045413204109831665, -6.995871360519845e-05, 287431000000, 
-0.031869400017907515, -0.024473397189375586, 4.9386385229317376e-05, 287436000000, 
-0.041234551081940046, -0.018779812861698837, 8.350137320683799e-05, 287441000000, 
-0.04181456699402858, -0.0226777308026056, -0.0002523408965792321, 287447000000, 
-0.07156104541025371, -0.019325742322883106, 0.00021804755266553489, 287452000000, 
-0.04489703144198062, 0.0203546226404231, -7.771451735206322e-05, 287457000000, 
-0.06832042219053013, 0.010172134624857701, 0.000407361085481007, 287462000000, 
-0.04736622996937835, 0.0009111422508518004, -1.8782641532092004e-05, 287467000000, 
-0.053731576525812445, 0.019461254345001452, -1.9192720145287866e-05, 287472000000, 
-0.024466509587271458, -0.014211729492213387, 6.718756762409477e-05, 287477000000, 
-0.04999891846826518, -0.0008370158184399497, 0.00019145275535337641, 287482000000, 
-0.07514174074237348, -0.0064470039636014866, 0.00014285636936141015, 287487000000, 
-0.06965070100611878, -0.005872768738823386, -0.0003850133302107115, 287493000000, 
-0.0889441972116074, -0.0025647667743280657, 7.503964878743737e-05, 287498000000, 
-0.06366477693781716, -0.006396447473903484, -0.0001787278394742206, 287504000000, 
-0.05171141715361128, -0.024101620325475814, 0.00010543019195316308, 287509000000, 
-0.06703528134527896, 0.016818432153039072, 2.9905114656803995e-06, 287514000000, 
-0.058752695089691824, -0.03299357102610142, -0.00016244257063173682, 287519000000, 
-0.05380830005133657, 0.018629948147828975, 0.00039482405532014603, 287524000000, 
-0.06510099138296559, 0.018380119340309403, -1.285793783065938e-05, 287529000000, 
-0.03876767440174977, -0.017709983672011907, -0.0001921202999178296, 287534000000, 
-0.06816328477347573, 0.014348633113408005, -0.00016568950623842396, 287539000000, 
-0.04494437666984036, -0.031832244087722894, -1.5741081235416875e-05, 287544000000, 
-0.07009639542539906, 0.010731882435081361, -7.149978533515936e-05, 287549000000, 
-0.06280268899125621, 0.0017921227652811997, -8.507747717549393e-05, 287554000000, 
-0.057818147358097344, 0.007397931327608192, 0.00016385543922349362, 287559000000, 
-0.07050478640181947, 0.0027059256350652054, 6.0896966585249416e-05, 287564000000, 
-0.06889252760206005, 0.0006633850767922202, -8.57041989527602e-05, 287569000000, 
-0.07031815386986982, 0.02031568597152726, 4.153193520662633e-05, 287576000000, 
-0.06293307922836934, 0.007479128346096222, -5.1927876273292045e-05, 287582000000, 
-0.030196290502218573, 0.0074580423112878165, -3.3044702726693e-05, 287591000000, 
-0.05025368380568134, 0.003761706255421419, 0.00014680087692479918, 287596000000, 
-0.036499347179700374, -0.006902962190003802, -0.00038835435210876417, 287601000000, 
-0.03942525703024878, -0.012958539289808313, 0.00016799058408722287, 287606000000, 
-0.06817658463821998, 0.019978911053824055, -3.398011939390776e-05, 287611000000, 
-0.07410057224170753, -0.009267924014910929, -0.000178632872271496, 287616000000, 
-0.04625372727745942, 0.029355328136327758, 0.00011535516281366734, 287623000000, 
-0.05432037458636749, 0.005611697220194395, 0.0004051410948288707, 287628000000, 
-0.055997123465319515, -0.018580366849174444, 5.862592179925904e-05, 287633000000, 
-0.08301332778237486, 0.026814249028427353, -0.00022816907783486834, 287638000000, 
-0.035984249531648, -0.003839041734285225, -0.0004385960522278795, 287643000000, 
-0.06536321334972048, -0.005771522678805009, -9.676274550893622e-05, 287648000000, 
-0.06647505142046577, 0.02982997082862924, -0.0002833947971827694, 287653000000, 
-0.09655936292092962, 0.01974907365446618, 0.00012291496270494865, 287658000000, 
-0.08183911758664009, 0.028994954422170906, -0.00015989601793481068, 287663000000, 
-0.03327449471265269, -0.02664969794647797, -5.2828908254445174e-05, 287668000000, 
-0.0525712056228936, -0.010103691708138232, 0.00020459633931546017, 287673000000, 
-0.05490404064367805, -0.02190394353466889, 1.549869857403543e-05, 287678000000, 
-0.052410249084329334, 0.00799801625839076, 0.00025365454306627296, 287683000000, 
-0.08392969553297765, 0.022420484161638336, -0.0003350036561568285, 287688000000, 
-0.06913987658245921, 0.004545484274156909, 2.5014222746890212e-05, 287693000000, 
-0.06989072134181584, -0.01264599662642654, 0.00011975068613951966, 287698000000, 
-0.059403512817096236, -0.0049288960707842165, -0.00025753871538944395, 287703000000, 
-0.04124160189173299, -0.0027808378242987356, 2.9226211423524315e-05, 287708000000, 
-0.053905577410121204, 0.03610063329366621, -5.3993625975041336e-05, 287714000000, 
-0.05261156047793082, -0.016497630852415297, 0.00011360354880284174, 287719000000, 
-0.0814607860172452, -0.03664497256271749, 0.0004907412865790189, 287725000000, 
-0.045345868416275976, -0.018552612683455233, 5.2747493073168776e-05, 287730000000, 
-0.029667770841229693, -0.003828265710580323, 0.00017771013698468773, 287735000000, 
-0.06500668991939439, 0.008250378511413614, -0.0002627174699070681, 287740000000, 
-0.04299675632369579, -0.008536019596323144, -8.557573209801835e-05, 287747000000, 
-0.05322327316265037, -0.02115534693976108, 5.386163814397215e-05, 287752000000, 
-0.05085438119437243, -0.004272324882903086, 0.00013374027042177393, 287757000000, 
-0.0409705708213355, 0.02498370581604429, -0.00010285801232526304, 287762000000, 
-0.06744579357957971, -0.01809899525798737, -0.00017063705263434817, 287767000000, 
-0.06189725938435092, 0.011687944522781431, -0.0003882859141845722, 287773000000, 
-0.09450326321626085, -0.003943133005441171, 3.2986871941163835e-05, 287778000000, 
-0.09199252935146099, 0.006531968835300346, -0.00017900332898916987, 287783000000, 
-0.6204150510141463, 0.07374332632127022, 0.0092624978501327, 287788000000, 
-17.96954443458054, 2.325198942417025, 0.019281485241801188, 287793000000, 
-17.533586633914467, 2.007793545976199, 0.02813605560461163, 287798000000, 
-12.98677971014181, 1.516051380896983, 0.0351248806720725, 287803000000, 
-9.37630508909024, 1.0191478041029307, 0.03947405365356312, 287808000000, 
-6.506576997746868, 0.6920790323120528, 0.043573558225363025, 287814000000, 
-4.0515605334111715, -0.1511909337672279, 0.04586118488926967, 287819000000, 
-0.34011960361480076, -3.2023534691159052, 0.045033567597391334, 287825000000, 
-0.21647717837402583, -2.167921184385909, 0.044581938528912624, 287830000000, 
-0.7320348772519624, -0.8084861048915026, 0.044258968354534155, 287835000000, 
70.10715068391058, 0.010126382880259865, 0.08905920932910867, 287840000000, 
-4.417834540790188, 2.7184191292360627, 0.11554801752023486, 287845000000, 
-12.688327330884867, -1.266268536036336, 0.13289439104568773, 287850000000, 
-18.297028535681367, 2.195705958666106, 0.14033538766320758, 287855000000, 
-13.16647004744516, 1.5448352123826061, 0.14849472856830753, 287860000000, 
-9.053222314226785, 1.008823381101181, 0.15271378200279753, 287865000000, 
-6.466990827014472, 0.7326556906263157, 0.1564156346774442, 287870000000, 
-4.568610653941764, 0.48654770803007863, 0.15852397053742054, 287875000000, 
-1.0167204763580613, -2.484964231452219, 0.1583334053934025, 287880000000, 
-0.2718324785999909, -2.3782627555935636, 0.15788565643783875, 287885000000, 
-0.17682954925529454, -1.641396400673719, 0.15746669192059062, 287890000000, 
-0.11940853916508239, -1.1969598045233711, 0.15717942951398717, 287895000000, 
-0.10322897205324867, -0.7940805344230173, 0.1573014732740805, 287900000000, 
-0.0766171357461912, -0.5142673485422931, 0.15707003254723328, 287905000000, 
68.72852247112375, 0.9852630322540924, 0.20922144646679372, 287910000000, 
1.0180086907848687, 3.9736399380870067, 0.23657905539005494, 287915000000, 
6.4484947079441435, -7.83566837190879, 0.2729399516419583, 287920000000, 
-21.56468463914008, 3.417285200524948, 0.285912611682652, 287925000000, 
-17.007620669163604, 2.361233554536388, 0.29459908344380037, 287930000000, 
-12.167894621549365, 1.6553414498836003, 0.3008165306800815, 287935000000, 
-8.629645993048427, 1.1736383921103761, 0.30515285098394007, 287940000000, 
-6.143608434847868, 0.808461834560501, 0.3080239680314225, 287945000000, 
-4.34221872088052, 0.5750099383331982, 0.31052809042628093, 287950000000, 
-3.043721616470411, 0.3539823047567143, 0.31214419003536814, 287955000000, 
-0.2555986239538383, -2.263152081935894, 0.3118536503027291, 287960000000, 
-0.16957319934284396, -1.5225517851804573, 0.311434279099055, 287965000000, 
-0.13935165906482985, -1.0294531814636327, 0.31124330935560646, 287970000000, 
-0.08165161101132293, -0.7096681412503235, 0.310768658901115, 287975000000, 
-0.07154781079467672, -0.46495418336386407, 0.3113320978742957, 287981000000, 
64.14326401432913, 2.635093570490658, 0.3555515256680578, 287986000000, 
4.6603640967461795, -2.4559019886144053, 0.38253776284371244, 287991000000, 
3.159730547128058, -1.7758564973545532, 0.40818003935864333, 287996000000, 
-0.16381574860629095, 1.427087778231134, 0.43408474792591306, 288001000000, 
-21.880820736757144, 3.894394004823166, 0.4450708930910373, 288006000000, 
-15.064680531637249, 2.5704926134982804, 0.454556209957167, 288011000000, 
-11.006121064698137, 1.9171600401822675, 0.45818351479939357, 288016000000, 
-8.165148365278618, 1.3651956890495422, 0.462686252522683, 288021000000, 
-5.543393103937474, 0.950558801063375, 0.46569370130955695, 288026000000, 
-3.0987565478523798, -0.5261235144499068, 0.4670886290096152, 288031000000, 
-0.3990231194830465, -2.8481828762106467, 0.46663492389335903, 288036000000, 
-0.2803498322153138, -1.9726101554324396, 0.4660785555442217, 288041000000, 
-0.19043473786185816, -1.3500641590163427, 0.46586628450313616, 288046000000, 
-0.12379812839349637, -0.9011209567717723, 0.465469924660756, 288051000000, 
-0.08156116153845364, -0.5537576589629131, 0.4657644610559674, 288057000000, 
-0.05159261007486176, -0.35310175398482596, 0.46549724149321564, 288062000000, 
57.744047769089185, 5.4702205310132275, 0.5062541708737334, 288067000000, 
5.9008374575388824, -1.9512514746454712, 0.5315850937674933, 288072000000, 
2.6702421153510563, -1.4725454221091734, 0.5546967972684741, 288077000000, 
-64.95271463277156, -0.15427245366895856, 0.6459622802324931, 288082000000, 
49.43782527071451, 5.321499285456477, 0.7853980322042111, 288088000000, 
-21.732712655930502, -1.9588825274342048, 0.8622290043561445, 288093000000, 
10.366027128732524, 4.460306863248987, 0.8802916215894607, 288098000000, 
-34.9264897380513, -6.752588300685315, 0.8941922241882017, 288103000000, 
0.05425034785449357, -0.06658984160740415, 0.8947770186178067, 288108000000, 
0.018818499382488085, -0.03767245893371596, 0.8941811969426378, 288113000000, 
30.124567725424985, 6.36940627785794, 0.9131758697806343, 288118000000, 
25.567556273019733, 5.149265976280747, 0.9438922260318181, 288123000000, 
-12.775933454471367, -1.3342670337561215, 1.0297038356109574, 288130000000, 
-36.79189666210159, -8.892750486951849, 1.0785473347775991, 288135000000, 
33.31725179289234, 8.823630332327424, 1.1056956348108438, 288140000000, 
-1.6308411539986913, 0.9853832705765916, 1.15852405547044, 288145000000, 
-11.939193205694474, -3.4229909116307438, 1.2024815204920745, 288150000000, 
15.407185061159554, 8.435291776679271, 1.2177077995015897, 288155000000, 
-27.92056294161005, -11.485071993703928, 1.2257464728935372, 288160000000, 
22.500241737105426, 6.25565895997328, 1.2377639516026127, 288165000000, 
-2.8853074253362587, -0.03829936173752201, 1.290800931590824, 288171000000, 
-18.24420825621608, -5.613061030492337, 1.3236718718613107, 288176000000, 
1.1524734175316753, 0.31397764639341097, 1.362255144143569, 288181000000, 
37.159018311272916, 11.915127134349753, 1.377127074379004, 288186000000, 
-10.744442941757224, -2.140855392255955, 1.4409089747547228, 288191000000, 
-13.085686141534385, -5.595856160566303, 1.4910722716970888, 288196000000, 
2.3002188523689813, 0.8055407757655972, 1.5403352932582282, 288201000000, 
14.64796156717943, 10.34774757880036, 1.592017745049099, 288206000000, 
-12.418415665692724, -9.934397827155049, 1.668330823481729, 288211000000, 
28.61626494173526, 23.21948162060939, 1.7582624904904074, 288216000000, 
4.832402882803308, 5.51315564116678, 1.8860884986295965, 288222000000, 
-27.60924182121635, -28.864888372025693, 1.999578108717225, 288227000000, 
2.1344810876833136, 0.3242099978922897, 2.1075442676224787, 288233000000, 
2.106658032323877, 0.12521491435018492, 2.164733548351846, 288238000000, 
1.7593900338112562, 0.6184797716701605, 2.226867103402236, 288243000000, 
-27.145925199461008, 52.277161192199365, 2.203631589409647, 288248000000, 
-11.056507663735148, 5.938596900181428, 2.1972958059902576, 288253000000, 
-9.446829654040913, -2.5158663485772306, 2.194928757686258, 288258000000, 
-5.401368545338121, -1.7430415226822424, 2.193711271175044, 288263000000, 
3.590620205707693, -0.6724716426117509, 2.1951724723480357, 288268000000, 
7.755587139412382, 6.564079178413578, 2.1956513553191455, 288273000000, 
0.3780659596000622, -0.16697352513315442, 2.1956012182222855, 288278000000, 
-9.393511380865306, -2.080491974527125, 2.1927787992859233, 288283000000, 
0.4322392991938697, 0.24684502464845423, 2.192712109383422, 288289000000, 
1.1275854565673389, 0.6956840930932311, 2.1928564282379255, 288294000000, 
0.4831439358975776, 0.27028755886574174, 2.1928316945331057, 288299000000, 
0.5415941906172699, 0.29756770275665256, 2.192735050001095, 288304000000, 
0.9223415107199876, 0.49499185094477927, 2.1929390719728348, 288309000000, 
0.5831527593987752, 0.3072607002430501, 2.192926977742671, 288316000000, 
1.0264608141765466, 0.5792445656014528, 2.193093718390496, 288321000000, 
0.6457066949749031, 0.3311305285974208, 2.1931340897395604, 288326000000, 
0.956660866486271, 0.49437469007525386, 2.1929078141386906, 288331000000, 
0.6871401047516174, 0.3395135280911479, 2.1930546225359797, 288336000000, 
0.956458830462319, 0.47336448351428756, 2.1929637309948795, 288341000000, 
0.9058541830924127, 0.4726641608668354, 2.192739235771803, 288346000000, 
1.0524162868453126, 0.5322879485442418, 2.193224966301431, 288351000000, 
0.7641795092537191, 0.39246079975340625, 2.1931675830415407, 288356000000, 
1.2781481131914985, 0.6151804956544547, 2.193224826403634, 288361000000, 
0.8070492222175596, 0.431606053759544, 2.1932987242132573, 288366000000, 
1.0110517789131204, 0.47890903176893607, 2.1931747746183037, 288371000000, 
1.0561362273535175, 0.469351064001932, 2.193291426647342, 288376000000, 
1.3915313340813766, 0.6207342317621799, 2.193822926076894, 288381000000, 
0.8804077166542027, 0.4298252979938295, 2.193580992918248, 288387000000, 
1.0968041925836787, 0.4755169612284546, 2.1937232100514215, 288392000000, 
1.4505163448906047, 0.6017984172522348, 2.193624986440957, 288397000000, 
0.9484811582921068, 0.40264114141462337, 2.193825485375441, 288402000000, 
1.4166847490059813, 0.5881926479803534, 2.194011105982355, 288407000000, 
1.2854867415129765, 0.5413545103480236, 2.194539199822932, 288412000000, 
1.2771627329787232, 0.5094854405719843, 2.194165467122012, 288417000000, 
1.028573828777798, 0.41528712958686054, 2.1945382315545787, 288422000000, 
1.5479903357167666, 0.6105037800161366, 2.195048405720603, 288427000000, 
1.032924457256405, 0.4374150188674235, 2.19472690028149, 288432000000, 
1.6711185834070896, 0.6320749705425972, 2.1953011468989394, 288437000000, 
1.0939288163018954, 0.3965566629120311, 2.1952488862316075, 288442000000, 
1.6802524369175564, 0.6054837103159483, 2.195472070599141, 288447000000, 
1.1342417704986896, 0.4101944130873851, 2.1960145795146757, 288452000000, 
1.811441286362939, 0.6178454971936047, 2.1962265338445293, 288457000000, 
1.1360771785744948, 0.37687228558549307, 2.1967115164085147, 288462000000, 
1.749757866897785, 0.5912226046635484, 2.1968757414005484, 288467000000, 
1.227650411737928, 0.39602919340384213, 2.19743569718621, 288472000000, 
1.8681701535114872, 0.6092332796400697, 2.198054368260977, 288477000000, 
1.2261957087150508, 0.4142492236968879, 2.198123623267951, 288482000000, 
1.8765245386427252, 0.5800260177888389, 2.198499052347685, 288487000000, 
1.6268653883222075, 0.49177474818958133, 2.199204891930448, 288492000000, 
1.6271400319635052, 0.476127630574663, 2.199588469749808, 288497000000, 
1.2733204343441884, 0.3754835677227943, 2.20004106008182, 288502000000, 
1.9471848295192187, 0.5459956812159891, 2.2000641492031456, 288507000000, 
1.3056083023656477, 0.36886542810443274, 2.2008118318965, 288512000000, 
1.6927099327765294, 0.440313805529698, 2.2014351839513315, 288517000000, 
1.6959112689018365, 0.43555398663729866, 2.2018134017404987, 288522000000, 
2.298676257307281, 0.5725299437044059, 2.2019018171090674, 288527000000, 
1.70466780799197, 0.4243407397954716, 2.2028107949400355, 288532000000, 
1.7117023907897266, 0.42011049283917135, 2.2037332920159165, 288537000000, 
1.398503265947512, 0.36037738354784016, 2.203901258936808, 288542000000, 
2.1136442319772217, 0.48090950998082066, 2.2046158403826404, 288547000000, 
1.4464727399883535, 0.3327657330833276, 2.204845597944936, 288552000000, 
1.8369001723087872, 0.41393887099145094, 2.2055941553877267, 288558000000, 
1.8035368678590107, 0.38375743946864327, 2.2064227185394274, 288563000000, 
1.84784855636352, 0.31707837632497937, 2.206910607004168, 288568000000, 
1.8527785125640548, 0.331311514460765, 2.207556379850906, 288573000000, 
2.228547067643651, 0.420412503498585, 2.207882745360893, 288578000000, 
1.8769797130329635, 0.303778646024728, 2.208675055701545, 288583000000, 
1.5200157080925223, 0.22456056984544145, 2.209299767462118, 288588000000, 
2.310875435945597, 0.3713357133846368, 2.20995163124423, 288593000000, 
1.5171780361578808, 0.2314948204788864, 2.2102394963791365, 288598000000, 
2.3258211567226845, 0.3234716806680979, 2.2110811308849967, 288604000000, 
1.9862742323898002, 0.2755997554647695, 2.211925392241536, 288609000000, 
1.5553026716494964, 0.19231487672225903, 2.211915713961937, 288614000000, 
1.9599696978344705, 0.21351538436703946, 2.2124847894825233, 288619000000, 
1.9453648213419934, 0.21966135407121382, 2.213353745716558, 288624000000, 
2.3699529625559124, 0.23937476545216424, 2.2140304345951995, 288629000000, 
1.6149289927020791, 0.170551969416675, 2.214892697908817, 288634000000, 
2.4405864173340515, 0.19653297000950262, 2.215436695188554, 288639000000, 
1.6194335781131013, 0.12439264319149057, 2.216004509135507, 288644000000, 
2.019931616426339, 0.13698869809698405, 2.2166130696674373, 288649000000, 
2.144897182306631, -0.04921542940187863, 2.2173590023228344, 288654000000, 
2.293694257131906, 0.30273434057570525, 2.2173811440185873, 288659000000, 
1.7346617433417486, -0.16995903321751005, 2.217953826434449, 288664000000, 
2.4140779425761223, 0.2847162628618577, 2.218279344883296, 288669000000, 
1.754076135543704, -0.17379292467418433, 2.2187363095020283, 288675000000, 
2.086934060783707, 0.01839878980195485, 2.2194568215561064, 288681000000, 
2.1068390405969386, 0.03021394630621728, 2.219776990680411, 288686000000, 
2.0604716998014863, -0.006387596043327837, 2.220302810102635, 288692000000, 
2.147529533237216, -0.160908618156222, 2.2205196114001238, 288699000000, 
2.013105587483805, -0.10293917549671094, 2.2212328881926506, 288704000000, 
2.367276441049761, -0.03467701294803362, 2.221600300515406, 288709000000, 
2.314282627637909, -0.046567656942001504, 2.222382015421255, 288714000000, 
2.4082609696670216, 0.08576162539922069, 2.2222473859676177, 288719000000, 
0.5985548892357132, -2.246792088477817, 2.2230562673051852, 288724000000, 
2.5280606195438726, 0.525626626282869, 2.223109957229752, 288731000000, 
0.7386170877352196, -3.053381631891403, 2.224467405501998, 288736000000, 
3.3459811635314916, 2.047061227705108, 2.2232799356054285, 288741000000, 
0.6467257779959545, -3.146258302540622, 2.2247643639098267, 288747000000, 
1.025233788564552, -4.947797640823402, 2.2268395230801348, 288752000000, 
4.398425402314376, 6.9713085207122925, 2.2239463223348777, 288757000000, 
0.6665483813158442, -3.5865524660523023, 2.225450090728469, 288762000000, 
0.8656556207249085, -5.132626619263987, 2.2280427417880024, 288767000000, 
1.1233111421090678, -6.6639998343209825, 2.231042088839821, 288772000000, 
5.753258815733352, 13.739892133028361, 2.2254196385440834, 288777000000, 
41.70999782647057, -4.6168852124440205, 2.211029686941018, 288782000000, 
0.15664089862127784, -0.3252017092662815, 2.2110909809047916, 288787000000, 
0.14157257415583993, -1.6520565278149795, 2.2114839062806633, 288792000000, 
18.456947120796748, 3.7265416731491965, 2.196654811872829, 288797000000, 
0.1038331420743156, -0.526332178209234, 2.1967131937543067, 288803000000, 
0.23036603172045736, -2.708677920672497, 2.198312437176664, 288808000000, 
5.358590062085343, 3.9277378176478637, 2.193746619015908, 288813000000, 
3.0102412390966706, 0.3527879124820922, 2.1918118141196565, 288819000000, 
-0.0396378297189042, -0.5381693126296898, 2.1917290398171745, 288824000000, 
3.160265111013617, 0.5165005714355554, 2.1900895535859206, 288829000000, 
-0.03331648122979245, -0.9895130394159224, 2.1906122224093454, 288834000000, 
2.8225059903279583, 0.6305553103123375, 2.1885939088509763, 288839000000, 
2.681123742771161, 0.2786494641179966, 2.1874718756986904, 288844000000, 
2.9878966155688613, 0.23969445281563528, 2.1864967171527825, 288849000000, 
1.288335336073349, -0.03269422669806221, 2.1858939445673076, 288854000000, 
2.695642709642093, 0.03852104216971003, 2.184689991790133, 288859000000, 
1.7196042344262672, 0.044684914340819205, 2.183917867745856, 288864000000, 
2.7351272257036303, -0.04467772110247967, 2.182831666537684, 288869000000, 
2.015566569263124, -0.00901378179727724, 2.1821945092607082, 288874000000, 
1.57484177385009, -0.026232026524277433, 2.1813228985105866, 288879000000, 
2.0592861373854876, -0.0715444675165446, 2.180614061580614, 288884000000, 
2.6336629928126043, -0.1603654303298341, 2.18000897702127, 288889000000, 
1.584388780442596, -0.04877121030953342, 2.179105082737861, 288894000000, 
1.8587278326296572, -0.06523003685207508, 2.1780793212162566, 288900000000, 
2.543014688303179, -0.19203271479412617, 2.1769167920349037, 288905000000, 
1.8039748153380535, -0.12953352649124525, 2.1762165155867526, 288910000000, 
1.523959787066527, -0.16380539622838192, 2.175435545317514, 288915000000, 
1.9583764705446374, -0.16423969588261172, 2.1748012875159577, 288920000000, 
1.9344397530893351, -0.20148837459494431, 2.1740951069042147, 288925000000, 
2.0586286163732073, -0.2262577064092565, 2.1730354371791987, 288930000000, 
2.170529620370527, -0.2119471302985215, 2.172010038732015, 288935000000, 
1.490657061115378, -0.1708497997298324, 2.171706310767677, 288940000000, 
2.4246880061708675, -0.3336502634448829, 2.17110722291369, 288945000000, 
1.4979609033233448, -0.16871594618265448, 2.1701010428804772, 288950000000, 
2.1003373376312724, -0.27705632460521057, 2.169432481419258, 288955000000, 
1.45706427346577, -0.1777917845825908, 2.1687419477569856, 288960000000, 
2.2986384502519126, -0.3245217759734065, 2.167570270783942, 288965000000, 
1.713206183722865, -0.2905274601827439, 2.1670357850232964, 288971000000, 
1.440918676623552, -0.20122963801605862, 2.1662588471975393, 288976000000, 
1.8294881362196809, -0.3116485286488071, 2.1655393733529853, 288981000000, 
1.7633277200371285, -0.30700009614202445, 2.1648016199115654, 288986000000, 
2.0517817973831374, -0.29870687145151215, 2.1642050073666206, 288991000000, 
1.4996136673973528, -0.26677624598988114, 2.1636490090810474, 288997000000, 
1.6711888525023932, -0.3086160464744648, 2.162755534232346, 289003000000, 
1.9205032249984906, -0.3574316418886377, 2.1618775958848575, 289008000000, 
1.3284096743537805, -0.245788360275919, 2.161439622145982, 289013000000, 
1.6396839622391552, -0.333868336240575, 2.1606663605825602, 289018000000, 
1.9005002274494762, -0.4024598734719167, 2.1601827282628427, 289023000000, 
1.2705284373535974, -0.2764875519740202, 2.160052072505508, 289028000000, 
1.988990048192196, -0.44404499052103724, 2.1590670970697508, 289034000000, 
1.2377743206847147, -0.2984350421341305, 2.1585599870608236, 289039000000, 
1.8448314032983975, -0.3955948714899125, 2.1584984781310412, 289044000000, 
1.524889411295821, -0.3668369635449752, 2.1574406704603586, 289051000000, 
1.5099057324242458, -0.37448072429434354, 2.1570994492392157, 289056000000, 
1.5120612864802505, -0.3626705925894253, 2.1566106667937284, 289061000000, 
1.4228577112315246, -0.36587833272308556, 2.155913613933426, 289066000000, 
1.4433017026083703, -0.3720995120791309, 2.155654775569636, 289071000000, 
1.2077400222086148, -0.3307146735397374, 2.1550878324398957, 289077000000, 
1.391890046767192, -0.3347466869964951, 2.1546225970758504, 289082000000, 
1.3274017165751322, -0.39388704066978025, 2.154576697521931, 289087000000, 
1.342066704625532, -0.37657410150994686, 2.1541422162529877, 289092000000, 
1.3285592743530468, -0.36499706555739514, 2.1538531224675554, 289097000000, 
1.3250887846962074, -0.3736072647764442, 2.1536965762224782, 289102000000, 
1.5433082630440809, -0.41251631648016274, 2.153257056007919, 289107000000, 
0.8775981525728638, -0.4467317688540313, 2.1529505409426917, 289112000000, 
1.5885258534593094, -0.2904245529376258, 2.152254409284634, 289117000000, 
0.8513327084208836, -0.4164154489407625, 2.151701453354791, 289122000000, 
1.1911389274397772, -0.3929063934906515, 2.151245221587409, 289127000000, 
1.1584843019518019, -0.36401998842253974, 2.150677269162358, 289132000000, 
1.5302480151451392, -0.2911343131186743, 2.1500853777266182, 289137000000, 
0.7338090491503109, -0.42940568925626893, 2.14980782735436, 289142000000, 
1.457220235168845, -0.2854746336537967, 2.1491579607297195, 289147000000, 
0.7015968129882748, -0.4215769364804061, 2.14887896339065, 289152000000, 
1.4165447328182201, -0.214254501463837, 2.1478335428170903, 289157000000, 
0.6807415820026288, -0.4029280428762515, 2.1474916725009194, 289162000000, 
1.3461332138193567, -0.24632214055132765, 2.146418031024649, 289167000000, 
0.46650087686439, -0.4784477667802099, 2.1459722961004872, 289172000000, 
1.3068421331591353, -0.09969939464144374, 2.144719843975077, 289177000000, 
1.0758047476695602, -0.3652699456981011, 2.1443304596182498, 289182000000, 
0.9632235101722301, -0.33881074965186786, 2.1429759671079944, 289187000000, 
-1.7949257131215928, -1.566735752408053, 2.143753879370264, 289192000000, 
0.4193397827356857, -0.4221641925580408, 2.1422740072093145, 289198000000, 
1.1638300823700143, -0.21314723432460647, 2.1404955962619483, 289203000000, 
2.710351989190384, 0.908729949129493, 2.1380411318279093, 289210000000, 
-2.6571444444574825, -2.107308240506553, 2.138904664813468, 289215000000, 
3.4728548872692007, 1.1493189522338225, 2.134979715934005, 289220000000, 
-2.759300008817446, -2.008513664106608, 2.1358512774283436, 289225000000, 
-3.9288275140405666, -2.818993239044029, 2.1363929866082625, 289230000000, 
11.14894547098856, 5.413941793513222, 2.129625817822455, 289235000000, 
-2.6397167840230513, -1.8209574230676253, 2.1303679502238295, 289240000000, 
-4.083206971885703, -2.656898908874789, 2.1312745295768383, 289245000000, 
-5.35345341511855, -3.467577865094277, 2.132823235202134, 289250000000, 
55.09693620465203, -16.12023310691804, 2.098396518987318, 289255000000, 
44.39580097783698, -18.977976069224503, 2.074590531432128, 289260000000, 
9.824647355664077, 3.994114642086078, 2.0685869948872626, 289265000000, 
7.440306310642615, 2.009894124120869, 2.064573074461341, 289270000000, 
2.9664593363443865, 1.1621497724818786, 2.061820306854399, 289275000000, 
1.6999805270920658, 1.1289333108728108, 2.059610605816003, 289280000000, 
-4.577958218012577, 1.1401391057994328, 2.0590048055136205, 289285000000, 
0.4993164373332987, 0.32869663842950353, 2.055790056741037, 289290000000, 
1.1546022803038944, 0.6657607053324391, 2.053451497089852, 289295000000, 
1.0595511403914317, 0.8650049724413599, 2.0505982509626697, 289300000000, 
0.7235671708606111, 0.5905477214920036, 2.0474641815060757, 289305000000, 
0.5640743296100218, 0.6553674231946138, 2.045552829595389, 289310000000, 
0.657159874355587, 0.8078156285019331, 2.0426195533332443, 289315000000, 
0.5218659130624985, 0.6858929498843875, 2.0398359153351926, 289320000000, 
0.43614417587861504, 0.6553808471356584, 2.0374366830104815, 289325000000, 
0.6450489580339468, 0.8963669596201709, 2.034654536662385, 289330000000, 
0.46319921127800473, 0.7972341679648083, 2.031064881208461, 289335000000, 
0.6524848088344021, 1.0275249124221344, 2.0292266275132733, 289340000000, 
0.49070085274991015, 0.7157447862132734, 2.0269800398722047, 289345000000, 
0.5751742795158022, 0.9472019796569431, 2.0242434449785645, 289350000000, 
0.43860067885566406, 0.8915647984976635, 2.021010818705948, 289355000000, 
0.48220116854755535, 0.9695960573855934, 2.0190736428533325, 289360000000, 
-16.690966342807076, 0.10428172392468672, 1.9961654112859866, 289365000000, 
-18.977201692470274, 3.701265710425406, 1.7760286268853533, 289370000000, 
-7.633028653148614, -1.6388111328541088, 1.664822375938117, 289375000000, 
1.4172829511270395, -0.2938043973566381, 1.5201989449302695, 289381000000, 
1.0918707046323155, 0.2932124068774789, 1.4510692466700739, 289386000000, 
0.54414887162504, 0.5067306675202752, 1.3572479266972042, 289391000000, 
-6.614617148603144, 0.34783902564640523, 1.3130495392190364, 289396000000, 
-6.373899093929679, -0.5850807197695677, 1.3097313727661282, 289401000000, 
1.455399031044956, 0.35907290956785315, 1.3106197330185771, 289406000000, 
-0.26172488080955303, 0.2794905490934204, 1.3106050105849705, 289411000000, 
-0.8808707768286846, 0.40728816100850934, 1.310421141803396, 289416000000, 
-1.0894636826901662, 0.26928612865109347, 1.3107669468991474, 289421000000, 
-1.1093984948012088, 0.19040597094974793, 1.3105691614515156, 289426000000, 
-1.040829278983206, 0.1847340493293525, 1.3107375111688302, 289431000000, 
-0.7745131773969443, 0.35746687789941717, 1.3105502066876005, 289436000000, 
-0.23424270926905658, 0.4804238112305331, 1.3105598148366306, 289441000000, 
0.08531240965706702, 0.5829308685480972, 1.3110928967119957, 289446000000, 
0.12393931521142082, 0.6652221706466407, 1.3114615354837094, 289452000000, 
0.33735301330333994, 0.6523777388270291, 1.310905997291406, 289457000000, 
0.07579889106233345, 0.6654364001682815, 1.310331902225918, 289462000000, 
0.07215423423329828, 0.6854099008379364, 1.3098616295570729, 289467000000, 
0.08660772824949908, 0.6995793965379395, 1.3087707940855542, 289473000000, 
0.07391982216787037, 0.7349389533631404, 1.3078656994753581, 289478000000, 
0.05219709613121641, 0.7831119411813763, 1.307076262825146, 289483000000, 
0.02536651525980677, 0.804294570581578, 1.3065727474150182, 289488000000, 
0.048464332184921494, 0.8307923237082382, 1.3055790024273746, 289493000000, 
0.02210638180860638, 0.8457954036288942, 1.30504132397835, 289498000000, 
-0.0033587573287816863, 0.8946103857681712, 1.304128343527208, 289503000000, 
-0.02868042085897181, 0.8906422353746402, 1.3032917309145216, 289508000000, 
-0.03430246853163042, 0.9430267664100684, 1.3024861022767875, 289513000000, 
-0.09958477582566459, 0.9648279186716022, 1.3019933308923652, 289518000000, 
-0.07968232626543549, 0.9857936141526183, 1.3012599928663295, 289523000000, 
-0.11545038390896104, 0.9944514273772682, 1.3002521337447737, 289528000000, 
-0.13833670628144745, 1.0238555492960606, 1.2993985142539761, 289533000000, 
-0.16857833894146762, 1.0612743425604287, 1.299007833765944, 289539000000, 
-0.15805293872008824, 1.0304685777218878, 1.297454870932042, 289544000000, 
-0.1716445318859375, 1.0790563933732056, 1.2969604546924278, 289549000000, 
-0.18658732578694293, 1.0882349603049937, 1.2966289539891598, 289554000000, 
-0.22399391023408283, 1.1446985780746415, 1.294864829819954, 289559000000, 
-0.20556508358164155, 1.134820476740648, 1.2945624597784462, 289564000000, 
-0.22146946597710238, 1.1788283334342953, 1.2938307219379923, 289569000000, 
-0.24474759199021248, 1.1609490336303676, 1.2927787935847976, 289574000000, 
-0.2405338505454099, 1.241274232967907, 1.2917264691305075, 289579000000, 
-0.27728221938319286, 1.2446546243561445, 1.2916638747532183, 289584000000, 
-0.2913229907524933, 1.2981108162257922, 1.290587791879322, 289589000000, 
-0.3423528423824686, 1.2506204645583747, 1.289466858619548, 289594000000, 
-0.3418865570204533, 1.2985752114543765, 1.2886867561720112, 289599000000, 
-0.3420332823230724, 1.323507775489843, 1.287928629053103, 289604000000, 
-0.3467592827797885, 1.3398715839666873, 1.2870216588422034, 289609000000, 
-0.3872187390711176, 1.3365827515407058, 1.2866593688319943, 289614000000, 
-0.3873038165652424, 1.3893447542822528, 1.2857570866695704, 289619000000, 
-0.42808969289956744, 1.411863854125315, 1.284518560065752, 289624000000, 
-0.4534536448326444, 1.3987956841649272, 1.283600844444784, 289629000000, 
-0.42108188234651966, 1.472505544856569, 1.2826726416609442, 289634000000, 
-0.4310124234652912, 1.4782311493095157, 1.2819034625478576, 289639000000, 
-0.44818643052606144, 1.4711062364382097, 1.2817090244850875, 289644000000, 
-0.44571183852095353, 1.5158606415399318, 1.2803741773519286, 289649000000, 
-0.4646063827136148, 1.5044918037674604, 1.280161864024987, 289654000000, 
-0.49421214523683865, 1.5545710860039996, 1.2790036425764943, 289659000000, 
-0.5085853456117664, 1.5496131823316588, 1.2782100552754874, 289664000000, 
-0.5567649698899395, 1.5865525971003085, 1.2767198347066038, 289669000000, 
-0.49638907351701045, 1.5952255755785671, 1.2766642761989964, 289674000000, 
-0.5413168841660405, 1.607425724150566, 1.2755481993814801, 289679000000, 
-0.5483209206412746, 1.6213561593042236, 1.2747382517192138, 289684000000, 
-0.5499707441227908, 1.6729876697930868, 1.2742373389464692, 289689000000, 
-0.5831439706163802, 1.6674926099080722, 1.273003037418548, 289694000000, 
-0.5976361077336051, 1.6951761056347736, 1.2726215201373972, 289699000000, 
-0.6069233698271845, 1.7260543241846578, 1.27160849392256, 289704000000, 
-0.597513308747342, 1.7309668093146575, 1.2707562645548687, 289709000000, 
-0.6305726084252344, 1.7803042621201548, 1.269876373660926, 289714000000, 
-0.5839563384730042, 1.7568204335519935, 1.2691038873207048, 289719000000, 
-0.643506364955411, 1.799312912666875, 1.26915910276254, 289724000000, 
-0.6344627905890906, 1.7991426451074117, 1.2679208503102273, 289729000000, 
-0.6391187010842301, 1.8274466056067264, 1.2667529164594895, 289734000000, 
-0.6680410633188973, 1.8322188294306834, 1.2660407818653103, 289739000000, 
-0.6743660389386626, 1.8532029628282287, 1.2651072368720626, 289744000000, 
-0.6922010142174269, 1.8458927859804453, 1.2640510085437817, 289749000000, 
-0.7063495382137837, 1.9039323420458991, 1.2628662176751426, 289754000000, 
-0.7060997088380864, 1.8869773941505397, 1.2621320574396686, 289759000000, 
-0.7232689283635487, 1.9268103432756503, 1.2613933841420752, 289764000000, 
-0.7264700201265054, 1.9575543649653593, 1.2606772492042069, 289769000000, 
-0.7443383899809566, 1.9841789552185158, 1.2594969853701956, 289774000000, 
-0.7068250294631582, 1.9775968057233204, 1.2586242983378064, 289779000000, 
-0.7504464030756384, 2.0081479479572755, 1.2579563750233884, 289784000000, 
-0.7338850598102543, 1.9871682657195486, 1.2570102141919866, 289789000000, 
-0.755909372164159, 2.011430400041756, 1.2559659297478711, 289794000000, 
-0.7792214180237675, 2.0347089207767883, 1.2551742865867594, 289799000000, 
-0.7798385766818738, 2.0781897933843183, 1.2542441476219786, 289804000000, 
-0.7951613821374227, 2.0801692283083404, 1.2530600889618013, 289809000000, 
-0.7509347045420938, 2.102631021972731, 1.2522893597351252, 289814000000, 
-0.830511663513831, 2.0960292297380625, 1.2515117424635074, 289819000000, 
-0.8203025367257861, 2.1295451172066757, 1.2503872758808623, 289824000000, 
-0.8252279736068345, 2.137258815590739, 1.2495463567543534, 289829000000, 
-0.8152627097237295, 2.155523882966856, 1.2483609796638266, 289834000000, 
-0.8615143005733273, 2.1924362708349228, 1.247314556564122, 289839000000, 
-0.8097130851160155, 2.2027341516291967, 1.2462405461514534, 289844000000, 
-0.8622600668146997, 2.2244656032595302, 1.2449216764473032, 289849000000, 
-0.8534862748177473, 2.205489692187245, 1.2445861195076289, 289855000000, 
-0.8751724692790421, 2.2455857984211764, 1.2437895065240496, 289860000000, 
-0.9013831351092326, 2.2175540492894625, 1.2422837080392553, 289865000000, 
-0.8897420862422598, 2.286119646518828, 1.241685882171717, 289870000000, 
-0.8911617619300233, 2.3114255552404566, 1.2409640577663843, 289875000000, 
-0.9073857691342222, 2.288722363392222, 1.239336358566173, 289880000000, 
-0.9068125429818634, 2.3040447110921733, 1.238367055217186, 289885000000, 
-0.8977273728285937, 2.308705883211795, 1.2374900878789257, 289891000000, 
-0.9410939276529355, 2.344937792176422, 1.2365824643271728, 289896000000, 
-0.9150593853882665, 2.354054573724008, 1.2356491370062717, 289901000000, 
-0.9231586569230202, 2.3444420164121453, 1.2346482513795973, 289906000000, 
-0.9305927666513992, 2.349958206281557, 1.2339687268599617, 289911000000, 
-0.9718661087562669, 2.397302671602396, 1.2328240491832088, 289916000000, 
-0.9248618510102142, 2.405474094588167, 1.2321131825396494, 289921000000, 
-0.9539495185875762, 2.4494415649363614, 1.2310426655655646, 289926000000, 
-0.9505285933609611, 2.430124872610529, 1.2303204524905784, 289931000000, 
-0.9209993108763243, 2.4402153488320764, 1.229772469716876, 289936000000, 
-0.9644467010427896, 2.4369315861595053, 1.228483565712667, 289941000000, 
-0.9686607244575592, 2.466176756285897, 1.2271572461332074, 289947000000, 
-0.9946044080982542, 2.469887145694692, 1.2263518646619003, 289952000000, 
-0.9927364456974221, 2.517640508650927, 1.2254612489621013, 289957000000, 
-0.9867537660556847, 2.512311109661621, 1.2248898478690289, 289962000000, 
-0.9762844022877135, 2.535148728966824, 1.2240708590122042, 289967000000, 
-1.3709175266474198, 2.4451464435338797, 1.2226197230618527, 289972000000, 
-1.3791566882067, 2.556883518075154, 1.2218016194141712, 289977000000, 
-1.0945642553345112, 2.5374743804601394, 1.2207635486853978, 289982000000, 
-1.0094476087333664, 2.5097203186046824, 1.220022162635778, 289987000000, 
-0.9955724296587155, 2.5312397679182452, 1.2189031671412498, 289992000000, 
-1.012795545461539, 2.54635041077333, 1.218224565143039, 289998000000, 
-1.0168856669964887, 2.568563302335016, 1.216823482331972, 290003000000, 
-1.016616748848696, 2.6020987955298125, 1.2160575002625549, 290008000000, 
-0.9879165267753403, 2.5994139664636537, 1.2151184459522488, 290013000000, 
-1.0539659872293001, 2.6582372397993703, 1.2141539550743465, 290018000000, 
-1.0292770900680115, 2.6445878306218242, 1.2134017345443309, 290023000000, 
-1.0364355419017677, 2.6429244913383383, 1.2127562283159146, 290028000000, 
-1.0405698918219832, 2.684183856093738, 1.211690024989955, 290033000000, 
-1.0584854310423308, 2.681159127926609, 1.2109861594840885, 290038000000, 
-1.0454411941412647, 2.6603740127156645, 1.2102892797640963, 290043000000, 
-1.0352218141933156, 2.6715613563600535, 1.2093805654220482, 290048000000, 
-1.0461966060057941, 2.695623163268855, 1.2077993252347627, 290053000000, 
-1.0521219090570109, 2.7053503004856405, 1.2070401642321649, 290058000000, 
-1.061995178953161, 2.7230933593382307, 1.2062295929422133, 290063000000, 
-1.0521155976069603, 2.7210214057240827, 1.2051550337621477, 290068000000, 
-1.0749511195641752, 2.754656557678163, 1.2044035970017961, 290073000000, 
-1.0422569758850597, 2.760973494623116, 1.2031156738111874, 290078000000, 
-1.0576971326717532, 2.7478604127032376, 1.202833364762927, 290083000000, 
-1.0890621957927955, 2.7679934359541676, 1.2017899542433739, 290088000000, 
-1.0580761759407387, 2.770215617796419, 1.2006874811519443, 290093000000, 
-1.098264246031118, 2.786497027904373, 1.1991961902742787, 290099000000, 
-1.100662274874913, 2.781156208690151, 1.198015581137345, 290104000000, 
-1.104711105452807, 2.8082148374174984, 1.1969819741599934, 290109000000, 
-1.0813311898557671, 2.8070812928930353, 1.196433838048541, 290114000000, 
-1.087629248626532, 2.819297367851549, 1.1954924142200638, 290119000000, 
-1.0794859415077085, 2.8234740013927864, 1.1944442148819205, 290124000000, 
-1.0876352736069699, 2.8113816845657027, 1.1935735710466073, 290129000000, 
-1.1057258730810096, 2.8573088378100326, 1.1929492473571466, 290134000000, 
-1.0947987899588365, 2.863665594929054, 1.1913857622782023, 290139000000, 
-1.1058499661289949, 2.838580810267016, 1.1907607574153076, 290144000000, 
-1.1080232886014023, 2.8673153078236773, 1.1897874524239955, 290149000000, 
-1.0931538569227555, 2.8642872233374357, 1.1887445121697249, 290154000000, 
-1.0796803098098995, 2.8813324843951897, 1.1876369871044907, 290159000000, 
-1.1191127115134964, 2.8874700135971954, 1.1864488629385919, 290164000000, 
-1.1026578789251098, 2.883527804770034, 1.185925297029484, 290169000000, 
-1.1170022592547948, 2.918989794780252, 1.1847458080927766, 290174000000, 
-1.0790985754901028, 2.89007941378293, 1.1842747696222544, 290179000000, 
-1.125754326445581, 2.876666217184247, 1.1828956014424652, 290184000000, 
-1.147350359218786, 2.8979100158797397, 1.18211328815738, 290189000000, 
-1.118433941849084, 2.9030915721560655, 1.181340584096904, 290194000000, 
-1.1143611934326676, 2.9266784773765755, 1.1803384331967228, 290199000000, 
-1.1357467824918697, 2.951414265543384, 1.1794567693751643, 290204000000, 
-1.130958287994878, 2.9167622671816607, 1.1786991634236854, 290209000000, 
-1.122987371327647, 2.929839104480268, 1.177368022052227, 290214000000, 
-1.1133978976853882, 2.9693161554019993, 1.1770317873043015, 290219000000, 
-1.0918759243898355, 2.9606371097646105, 1.1756796211330383, 290224000000, 
-1.118227413396399, 2.954892874718308, 1.174661435032317, 290229000000, 
-1.1327717147762573, 2.9550170154517366, 1.1737944498797435, 290234000000, 
-1.1129667359013664, 2.9525741278709248, 1.172704978845016, 290239000000, 
-1.1448940774560132, 2.933871151379284, 1.172152909779595, 290244000000, 
-1.1407435730577147, 2.9358743621177847, 1.1713266339119006, 290249000000, 
-1.1170966415347727, 2.9634159539671288, 1.1698127272068388, 290254000000, 
-1.1303427883736306, 2.94125082380738, 1.1696112769238458, 290259000000, 
-1.1388753147831765, 2.9461650930338146, 1.1688572053037596, 290264000000, 
-1.147302638680483, 2.969363998503758, 1.1675597584607007, 290269000000, 
-1.1464730545109556, 2.9529847552671398, 1.1672692816193135, 290274000000, 
-1.1681063017369284, 2.988090831316201, 1.1659000339039776, 290279000000, 
-1.1535393801846738, 2.9812720655095952, 1.164915179210223, 290284000000, 
-1.1166640509583659, 2.9963182217510216, 1.1646042207542848, 290289000000, 
-1.1634263201297814, 2.9812669317442495, 1.1637281678101319, 290294000000, 
-1.1500285089402584, 2.9787007095121045, 1.1627355789322054, 290299000000, 
-1.1518958137807096, 2.987691643848668, 1.1616500292617247, 290304000000, 
-1.159931145882417, 2.9931028190817632, 1.1607635678052477, 290309000000, 
-1.1551137194003123, 3.0037310199970064, 1.1601419314027714, 290314000000, 
-1.1360050299828344, 2.97812451969344, 1.1593917325747274, 290319000000, 
-1.1686930275192864, 3.013828560072867, 1.1583609344988, 290324000000, 
-1.1493631058710365, 2.976332932410633, 1.1575499455692027, 290329000000, 
-1.145822555310737, 3.010913696826365, 1.1567537122971334, 290334000000, 
-1.1518174849549438, 3.042229130755819, 1.1556437966651412, 290339000000, 
-1.1633592252127258, 2.998495417616395, 1.1548410349269846, 290344000000, 
-1.134528560756712, 2.9934162582452313, 1.1541303897759931, 290349000000, 
-1.1482779934486835, 3.0301846959331478, 1.1530885639251744, 290354000000, 
-1.1884960477620758, 3.002596074922978, 1.1520845766402692, 290359000000, 
-1.1318930619079808, 3.0150647128294374, 1.1512992532360302, 290364000000, 
-1.1600070007826009, 3.0049905472910705, 1.149826031908873, 290369000000, 
-1.1681169975927246, 3.009263949116787, 1.1494271543402246, 290374000000, 
-1.171825900742295, 3.0022971492083173, 1.1481150626505163, 290379000000, 
-1.1637163160520647, 2.987349475945556, 1.1474975900399302, 290385000000, 
-1.1373465200829738, 3.0229961899593336, 1.146033539732171, 290390000000, 
-1.162847620258238, 3.007563845584632, 1.1455173057478336, 290395000000, 
-1.1576898689756052, 2.9941934606701666, 1.1442469943579776, 290401000000, 
-1.1997328297385172, 2.9729439760970853, 1.143200796201776, 290406000000, 
-1.1856908929704508, 2.9982534118801603, 1.1422364495806687, 290411000000, 
-1.1486834813025562, 2.995352701104736, 1.1411632046834086, 290416000000, 
-1.1644198935790422, 2.9902622613692946, 1.1402863684245683, 290421000000, 
-1.1627008400056782, 3.0089605649894113, 1.1396686197176067, 290426000000, 
-1.1653920424744528, 2.9836097477038863, 1.1386241353850357, 290431000000, 
-1.1430300756633935, 2.967084853365469, 1.1374490446802097, 290436000000, 
-1.178134499614279, 2.984028464774731, 1.1366705993391977, 290441000000, 
-1.161661705000148, 2.986426477596314, 1.1354836972019458, 290446000000, 
-1.207753155558599, 2.9616132311330925, 1.1350263454586487, 290451000000, 
-1.1716757352574323, 2.9664251586176453, 1.1337243174161933, 290456000000, 
-1.2065581724056524, 2.9878548168890524, 1.132685881999072, 290461000000, 
-1.1676818299821214, 2.956204335717858, 1.1319367040827888, 290466000000, 
-1.1740769745148416, 2.9704165684693633, 1.1311157995340524, 290471000000, 
-1.184888228510853, 2.967128528885136, 1.1300882738895122, 290476000000, 
-1.1745585130213088, 2.94790089675878, 1.1291544225923023, 290481000000, 
-1.1925813608156888, 2.962356879740208, 1.1278956613730566, 290487000000, 
-1.1777568136123533, 2.9460296457678945, 1.1271429419915595, 290492000000, 
-1.1747194547159372, 2.9517581677406346, 1.1258017816923847, 290497000000, 
-1.1741610287902524, 2.965959214265678, 1.1250842737462592, 290502000000, 
-1.1979839746031318, 2.9427586330333395, 1.1245609373038628, 290507000000, 
-1.1919024939564906, 2.9575568095062104, 1.1231116547242124, 290512000000, 
-1.0897099683074225, 3.0389994632879107, 1.1221458482887476, 290517000000, 
-1.026022751596372, 3.084134522857003, 1.121926464218051, 290522000000, 
-0.8500110029938708, 2.9740337933894643, 1.1213423881714448, 290527000000, 
-0.757376410072046, 2.8296980296505647, 1.1206085999069009, 290532000000, 
-0.7082012492418307, 2.7413197166514713, 1.1196525602326681, 290537000000, 
-1.0213208753346243, 2.822034931953517, 1.1189177974942712, 290542000000, 
-1.1573193824808787, 2.889090636673055, 1.1182138293508739, 290547000000, 
-1.1781253670855676, 2.9020931339553138, 1.1169943790148493, 290552000000, 
-1.1676670944299012, 2.9120841582541765, 1.116425994062137, 290557000000, 
-1.1762105500581719, 2.8870805134553197, 1.1157105062371067, 290562000000, 
-1.1701838280245311, 2.855899015952832, 1.11489270649552, 290567000000, 
-1.1571441320819553, 2.891218273843013, 1.1133944837393026, 290572000000, 
-1.1877552277053243, 2.8619838417020382, 1.1127891603944615, 290577000000, 
-1.1585042525103562, 2.8470038526078794, 1.1119676583580893, 290582000000, 
-1.1810399776694087, 2.85363045517516, 1.1115183578924417, 290587000000, 
-1.163148072307131, 2.869145489118337, 1.110578910949459, 290592000000, 
-1.137140869950341, 2.8637014884270786, 1.1094503905933701, 290597000000, 
-1.194313833882361, 2.8483795095622395, 1.1084409971438125, 290602000000, 
-1.1640277740279572, 2.8396470623141674, 1.1077575884884583, 290607000000, 
-1.1768103767500497, 2.846773079265848, 1.1068403852502835, 290612000000, 
-1.1508402029669889, 2.8068845937724, 1.1059890774729901, 290617000000, 
-1.2084826369810997, 2.821964910444949, 1.1059186585601182, 290622000000, 
-1.1782299686828985, 2.781215312047538, 1.1044012386298612, 290627000000, 
-1.168001490365134, 2.7763884856098078, 1.1035258375113468, 290632000000, 
-1.218518109417351, 2.7550287381030536, 1.1024028981975504, 290637000000, 
-1.1776759130385783, 2.787995020827835, 1.101408418748502, 290642000000, 
-1.1894985819444281, 2.761831990339817, 1.1006863755770613, 290647000000, 
-1.1701601358284761, 2.739923858400324, 1.0995359925751986, 290652000000, 
-1.1790307324124452, 2.7247873302954915, 1.099005705485514, 290657000000, 
-1.1725369177638598, 2.722136919076745, 1.0975161796195316, 290662000000, 
-1.203738342330773, 2.7170253393794903, 1.0970441756504679, 290667000000, 
-1.1807412629784781, 2.727558309847216, 1.0960379105970373, 290673000000, 
-1.2217365545058727, 2.7038107831105145, 1.0947495648179189, 290678000000, 
-1.2103239105889674, 2.694568045639678, 1.093986511966351, 290683000000, 
-1.2143705570635062, 2.6844862342650213, 1.0932890438015053, 290688000000, 
-1.2060146365154165, 2.6906536320326384, 1.0920404157367392, 290693000000, 
-1.202204568470131, 2.698495850897193, 1.0911844383820342, 290698000000, 
-1.2068203616272741, 2.660882134668563, 1.0900834628180862, 290703000000, 
-1.2083661280848037, 2.6536745028516657, 1.089105144002544, 290708000000, 
-1.1797103317599413, 2.6284911132138933, 1.0881270760366162, 290713000000, 
-1.2113235735653192, 2.632165241993373, 1.0866862772639976, 290720000000, 
-1.2206942150908144, 2.667373346090165, 1.0857376618881083, 290725000000, 
-1.2036554410295814, 2.57466852896182, 1.0844205593222047, 290731000000, 
-1.1855702690480046, 2.5832101632690745, 1.083836782939764, 290736000000, 
-1.189792479653481, 2.5531136363249276, 1.0826721826825323, 290741000000, 
-1.2410630239374072, 2.538841676692662, 1.0819341548505395, 290746000000, 
-1.2439296448787138, 2.6345593456661063, 1.0808493645346784, 290751000000, 
-1.2475188505974144, 2.5821732436647125, 1.0797962155814915, 290756000000, 
-1.2487117402317227, 2.5740815886075215, 1.0791318646074746, 290761000000, 
-1.2134041503924387, 2.524878709236239, 1.0785088364415643, 290766000000, 
-1.2142102682122333, 2.5045282770352006, 1.0768977933380435, 290772000000, 
-1.2342901017711871, 2.526172234599067, 1.0759474754672818, 290777000000, 
-1.2433612029225771, 2.4970044969155296, 1.0752815676726553, 290782000000, 
-1.2522351613358844, 2.4438250410430933, 1.0738883328224256, 290787000000, 
-1.227028659825067, 2.465693379290078, 1.0730115869445571, 290792000000, 
-1.2163789107601306, 2.415282967131894, 1.0724120545699094, 290797000000, 
-1.2282940641519147, 2.3963034071231686, 1.0710648034241403, 290802000000, 
-1.2593175632429354, 2.412161148585709, 1.069965932321872, 290807000000, 
-1.251900462689488, 2.402152753719298, 1.0696440058705972, 290812000000, 
-1.2210366969770563, 2.354509681680553, 1.0690001358186307, 290817000000, 
-1.217701999555653, 2.3294693550801013, 1.067716084328724, 290822000000, 
-1.2230632182752632, 2.347521801869893, 1.0665863795110557, 290827000000, 
-1.2371966484922237, 2.3277615015140984, 1.0658055337594519, 290832000000, 
-1.2633676985691948, 2.31367624793449, 1.0649063527755545, 290837000000, 
-1.2664777430288152, 2.3294775363292857, 1.063944325877807, 290842000000, 
-1.2781035424985823, 2.284479484882624, 1.0632619758139068, 290847000000, 
-1.2853194681505589, 2.286409932365748, 1.0622185963811337, 290852000000, 
-1.2676473598534532, 2.2532888697926126, 1.0614036944452698, 290857000000, 
-1.2716297403103343, 2.2484151666137313, 1.0600036809676687, 290864000000, 
-1.2613265814964845, 2.251789964071861, 1.0592354055945918, 290869000000, 
-1.2922451288073968, 2.214437270353082, 1.0581167873486388, 290874000000, 
-1.293173848058244, 2.179661399651523, 1.0573157793520906, 290879000000, 
-1.3023427751722283, 2.174109071416498, 1.0564197849396506, 290884000000, 
-1.3092193049251275, 2.1562282483120705, 1.0551911386114274, 290889000000, 
-1.2950195084678089, 2.144251290041388, 1.05426217277605, 290894000000, 
-1.2948520145933915, 2.0992256304840926, 1.0536333642599933, 290899000000, 
-1.323246733501793, 2.0966337497150285, 1.0528450300687897, 290904000000, 
-1.2974593096180116, 2.096272521127532, 1.051575522691192, 290909000000, 
-1.3172935396028131, 2.086895550603352, 1.050564495871551, 290914000000, 
-1.3388399407245188, 2.01956953228927, 1.0499513413050894, 290919000000, 
-1.335880565512314, 2.0616646141056645, 1.0485145610365854, 290924000000, 
-1.3789254286062589, 2.011069799033756, 1.0479634668413245, 290929000000, 
-1.3404384180729072, 1.9976668838200393, 1.0463612745138118, 290935000000, 
-1.345042946742116, 1.997162751614074, 1.0452906735962662, 290940000000, 
-1.3218428195510497, 1.924177885095302, 1.0441501255718737, 290945000000, 
-1.3417039643636306, 1.9148106453934903, 1.0433593695189545, 290950000000, 
-1.3324196802250465, 1.9322173811598018, 1.0428033813974131, 290955000000, 
-1.3466264915948862, 1.9109547906474815, 1.0416145903291267, 290960000000, 
-1.3798936586880213, 1.8898098045497327, 1.0400769835129695, 290965000000, 
-1.3607709880021268, 1.8793757207896404, 1.0393186724345937, 290970000000, 
-1.3800295064776824, 1.8352337491403237, 1.0379611324702183, 290975000000, 
-1.367190674180782, 1.8227643035270649, 1.0371401882857787, 290980000000, 
-1.351785043586189, 1.804927048115866, 1.035986046850316, 290985000000, 
-1.365043114603408, 1.7973590371773063, 1.034857474198372, 290990000000, 
-1.3697730705676558, 1.7477288130027677, 1.0340060542916907, 290995000000, 
-1.390103475664369, 1.742702888647748, 1.032898931388584, 291001000000, 
-1.4216555753072486, 1.7087012564021649, 1.0315541420748269, 291006000000, 
-1.4157028061973875, 1.6957756788613578, 1.0306011678467712, 291011000000, 
-1.3913049206193822, 1.6695015616296733, 1.029554924192494, 291016000000, 
-1.3848463651827119, 1.6629004785618862, 1.028429113545691, 291021000000, 
-1.4175268886474217, 1.5969629446845215, 1.026917987136292, 291026000000, 
-1.4418383207652046, 1.6332787566986497, 1.026081691420617, 291031000000, 
-1.48445562848629, 1.5844804845094236, 1.0246692861656217, 291036000000, 
-1.4737859134893598, 1.5561521257116433, 1.0237960141326028, 291041000000, 
-1.4334814514582186, 1.5510459704824147, 1.022628651873152, 291046000000, 
-1.4795025288879506, 1.5335159304190298, 1.0216767221022651, 291051000000, 
-1.4591167965919174, 1.5115907081627586, 1.0207106753736699, 291056000000, 
-1.4462207004884267, 1.5085647756871021, 1.0194526907275077, 291061000000, 
-1.4908064958228953, 1.470536665342819, 1.0178931343519622, 291066000000, 
-1.4946184452429485, 1.4423264899282813, 1.017055265641993, 291072000000, 
-1.5109169343513165, 1.3947273060503629, 1.0162535198013884, 291078000000, 
-1.5195577763537964, 1.4083422326639095, 1.014785318258048, 291083000000, 
-1.5216327298462764, 1.4064154169462766, 1.013750802445853, 291088000000, 
-1.4981692527556376, 1.3315658367630205, 1.012545489288887, 291093000000, 
-1.5456512845244326, 1.3204204508511082, 1.0120057220381706, 291098000000, 
-1.5450089695951494, 1.3095810440378257, 1.0101154836395552, 291103000000, 
-1.5563790599424943, 1.2889836412412115, 1.0094447016606864, 291108000000, 
-1.5776294310770305, 1.2528066567800824, 1.008205181182735, 291113000000, 
-1.5593762882382662, 1.2470779444621782, 1.0069495676704148, 291118000000, 
-1.5512807189705105, 1.2015794080195046, 1.0059605558363554, 291123000000, 
-1.5841586731955757, 1.1760186754976147, 1.0048316502120491, 291128000000, 
-1.5657475235583902, 1.1412936998059608, 1.0035957535904743, 291133000000, 
-1.5982418042453634, 1.111808917374117, 1.0026987994511292, 291138000000, 
-1.6286671364497651, 1.1102149452769445, 1.0014439797127554, 291143000000, 
-1.6049937198769018, 1.0955546388038309, 1.0002302513723562, 291148000000, 
-1.6292325314926188, 1.0549368258129572, 0.9990003663029555, 291155000000, 
-1.6483601429598642, 1.0179632210721843, 0.997533334258372, 291160000000, 
-1.6480234164113177, 0.9966710737863852, 0.996328833054161, 291165000000, 
-1.6503884669584539, 1.0004185354001682, 0.9951667736346714, 291170000000, 
-1.6472337448482155, 0.9497542186987457, 0.994263546730525, 291175000000, 
-1.6676638610723247, 0.9237702492654097, 0.9933670270708544, 291180000000, 
-1.669436028331526, 0.9144225991482154, 0.9917330431930891, 291185000000, 
-1.7004226097543556, 0.8774053029424119, 0.9910801521260714, 291190000000, 
-1.6772810217623721, 0.85745988582186, 0.9895089806994355, 291195000000, 
-1.723479619513528, 0.8157207602934485, 0.987646970843722, 291201000000, 
-1.7138192411607356, 0.7889501961322318, 0.9869153521785472, 291206000000, 
-1.7456052016109473, 0.7494057833390043, 0.9856523364301021, 291212000000, 
-1.7741766037934132, 0.7159581925445518, 0.9840200218356876, 291217000000, 
-1.749677486179947, 0.7319458986347456, 0.982779963288316, 291222000000, 
-1.7707559813348699, 0.6559150549856627, 0.9819890840704079, 291227000000, 
-1.8011397388635326, 0.6395785558441628, 0.9805437690795263, 291232000000, 
-1.7867107676101128, 0.597620970757266, 0.9784516070738779, 291238000000, 
-1.799516428036205, 0.5765992727399135, 0.9770443384366566, 291244000000, 
-1.8142843018081036, 0.5389887698053221, 0.9755639096929041, 291249000000, 
-1.8222620026743763, 0.5362777471831628, 0.9747054170567571, 291254000000, 
-1.8283531812281566, 0.5019390116908624, 0.9729558382560959, 291259000000, 
-1.8772457310468067, 0.5014032507317844, 0.9719779940561891, 291264000000, 
5.6217401322290685, 0.37746999604950315, 0.9629090395454241, 291269000000, 
3.2004265958061873, 0.6246690059618296, 0.7785461922566096, 291276000000, 
-13.420323426598717, -2.5613155035299164, 0.6521058962953119, 291281000000, 
-1.2462309972608843, 1.0302204153162933, 0.5009150137357099, 291286000000, 
8.972873146939227, 4.099333079896932, 0.3162370710099098, 291291000000, 
7.951106712545607, 3.270318000507403, 0.23215640323199793, 291296000000, 
-0.41029407170483745, 0.2764032737475191, 0.05795386438034253, 291301000000, 
-3.9067804564323105, -0.3137037447562928, -0.034057138652390885, 291306000000, 
-4.924783643062283, -0.4389374132570445, -0.14390333711389158, 291311000000, 
-5.818490617511324, -1.0285679498088478, -0.24957207486850425, 291316000000, 
-9.360592572341657, -3.1399759025141636, -0.3227758929585424, 291321000000, 
-1.4217002116234974, -0.4151807441370409, -0.34446317238390345, 291326000000, 
-2.677135859084528, 0.10161164754193865, -0.3414553373161098, 291331000000, 
-3.5491330551457922, -0.047430167202988094, -0.33080493997854865, 291336000000, 
-4.31812916185028, -0.068323587642527, -0.32699503100704475, 291341000000, 
-1.6401172891089997, -0.09122233577414483, -0.3261187812554003, 291346000000, 
-1.852377149442012, -0.24113211170245002, -0.3249566066204931, 291351000000, 
-39.29116201100356, 12.05106590044409, -0.305660528117052, 291356000000, 
34.4553889877705, -14.154707873185007, -0.322834342555604, 291361000000, 
-2.5776147480248697, 0.4684194675419964, -0.32145013611575374, 291366000000, 
-2.2067405523611945, 0.03159943648032809, -0.32032837805396697, 291371000000, 
-1.6749799461970978, -0.27423222736965525, -0.3193789878030047, 291376000000, 
-1.7046075138553896, -0.378120790449548, -0.3187067471928344, 291382000000, 
-1.789783890368347, -0.38295576625405453, -0.31737904711173826, 291387000000, 
-1.889876531217378, -0.4970904748706701, -0.316617029243473, 291392000000, 
-1.9523956377052794, -0.5092988519540159, -0.3155259646716357, 291397000000, 
-6.014175204674147, -1.7706352839639865, -0.3129226813257511, 291402000000, 
-0.05554414089382853, -0.39511150981055865, -0.31269811684777765, 291407000000, 
-2.068122152759107, -0.07536831036771122, -0.31167382258760773, 291412000000, 
-1.7189128206939739, -0.33611692507468155, -0.31059149022891586, 291417000000, 
-1.7140613062493693, -0.4981780868337997, -0.3096756068698713, 291423000000, 
-1.851731529536137, -0.5786516733416107, -0.30845626435599266, 291428000000, 
-1.9689279772851733, -0.5879038130334645, -0.30723382273846755, 291435000000, 
-5.48455349642328, -2.163483941592374, -0.30468128326757216, 291440000000, 
1.5760031780492234, -0.22790454693662268, -0.3050745517300842, 291445000000, 
-2.7037316659190895, 0.0205831295407899, -0.3037213853397612, 291450000000, 
-1.8990963517600794, -0.43774497383267846, -0.30256007113936506, 291455000000, 
-1.7998025243158786, -0.5934010004382998, -0.3016649156151123, 291460000000, 
-1.9013854526663505, -0.6703990438163373, -0.3010775628368886, 291465000000, 
-1.9488067699752052, -0.741875081333006, -0.30007768872655977, 291470000000, 
-13.461913853619217, -1.9480230640928045, -0.29467568399579924, 291475000000, 
8.311439073481456, -1.7440077720432645, -0.2982560209917903, 291480000000, 
-3.073993339799733, 0.1472071940100669, -0.29642630486361676, 291485000000, 
-2.0149348975620205, -0.4511938358919279, -0.29560624385035666, 291490000000, 
-1.8214699239823395, -0.6841057942948833, -0.29432863713048263, 291495000000, 
-1.9055357848716048, -0.7512190148728621, -0.2938820635200055, 291500000000, 
-2.0310566957307046, -0.8244040654475786, -0.2928633482472635, 291505000000, 
-4.543908172137717, -3.317912996520552, -0.29152923563423233, 291510000000, 
-1.6935772306079433, -0.0844787195665419, -0.2905412241814535, 291515000000, 
-2.1823600557538088, -0.3271080534269815, -0.2895815786662792, 291520000000, 
-1.8617007228737015, -0.6762678404985718, -0.28855770543123405, 291525000000, 
-1.9119457262551667, -0.8404934008241324, -0.28729672117466176, 291531000000, 
-36.871727714187394, 4.064026475880056, -0.2735948953426224, 291536000000, 
23.71982012922995, -7.316863613221352, -0.28514693215099274, 291541000000, 
-2.309103922506248, -0.12876757042693476, -0.28410552278930246, 291546000000, 
-2.0516880277024705, -0.5399735788597892, -0.2830257501158236, 291551000000, 
-1.8343140693003632, -0.7789388101479958, -0.28259937519570666, 291556000000, 
-1.9395458973429176, -0.9506159564297538, -0.28133760343545716, 291561000000, 
-22.29355433572984, -1.0133987945010394, -0.27035180305883766, 291566000000, 
21.27290274848908, -3.9334020665809626, -0.2795358885863062, 291571000000, 
-3.3049826298938703, 0.10788697241062321, -0.2776367179995878, 291577000000, 
-1.9414863532373543, -0.638106834645797, -0.27688353710123387, 291581000000, 
-1.8168372148599299, -0.8427797784687598, -0.27680073535534205, 291586000000, 
-1.9978909898156334, -1.0024804630504027, -0.27518490236512755, 291591000000, 
-6.7755588622799845, -4.363376423615696, -0.2736010273178557, 291596000000, 
1.3130294926179713, -0.2657591538194213, -0.2739995262005556, 291601000000, 
-3.250378213234115, -0.14637427769062386, -0.27249161847104353, 291606000000, 
-1.935755589455647, -0.8134651325715773, -0.27106107787845557, 291611000000, 
-1.9174171836460394, -1.0023730900273844, -0.2703745065311565, 291616000000, 
-2.0826886980941177, -1.166596579988275, -0.2700568806218854, 291621000000, 
-1.4943647595332064, -4.467806170183632, -0.2705231827506821, 291626000000, 
-4.3698286615804625, 0.6011070335244337, -0.26843238075871995, 291631000000, 
-3.004101798790222, -0.4854826842757154, -0.26625322313733907, 291636000000, 
-2.012258490124953, -0.9075701690306157, -0.26590171670874063, 291641000000, 
-2.048737367940531, -1.0970131800275118, -0.26461006612021365, 291646000000, 
-21.51125260396625, -5.596555969919211, -0.2584580158584473, 291651000000, 
14.423247453341638, -1.4203308288783436, -0.26520526300959485, 291656000000, 
-5.199788031619984, 0.42017511995763446, -0.26241001933966557, 291661000000, 
-2.4517161749199703, -0.7585863029818257, -0.2608968298134731, 291667000000, 
-2.0215025847118824, -1.1043193825978626, -0.26002143591193577, 291672000000, 
-32.56447027103359, 2.988511436651139, -0.24587969612211746, 291677000000, 
27.690508967854203, -9.071195702383624, -0.25927930018257184, 291682000000, 
-3.7248497205363726, 0.07522327147847205, -0.25778991036133797, 291687000000, 
-2.333079824756721, -0.8021729758059896, -0.2563617294640985, 291693000000, 
-1.9523600322759092, -1.1555507438996797, -0.25556674363788423, 291698000000, 
-32.22487039466574, 5.082285789245368, -0.2379866046947368, 291703000000, 
42.29152113756858, -16.64493665789416, -0.25519082974689455, 291708000000, 
-2.641566100121703, 0.4338790688350977, -0.25378895767554843, 291713000000, 
-3.6169982158506815, -0.3166645249520701, -0.25196543272680133, 291718000000, 
-2.1042442187283537, -1.0067961698703234, -0.2510039345021671, 291723000000, 
-2.0503981010324783, -1.2737065410084347, -0.2502596044114738, 291728000000, 
-40.692592832861095, 7.142295213879677, -0.23170167669730596, 291733000000, 
37.533049410115424, -14.765592273214786, -0.2512892143299999, 291738000000, 
-4.119301831750388, 0.8463184608426022, -0.24941459149624698, 291744000000, 
-3.9113037512824333, -0.34672321087810715, -0.24660068502116814, 291749000000, 
-2.0755863676350175, -1.184357352774982, -0.24569768986601773, 291755000000, 
-2.1690984427462365, -1.3843699559876974, -0.2441835430391733, 291760000000, 
-7.6197960172267765, -6.7111581585156115, -0.24280530126481323, 291765000000, 
5.552122532236543, -0.0706184401893767, -0.2452220383377381, 291770000000, 
-5.956549157719709, 0.5059192770480404, -0.24341693814878024, 291775000000, 
-3.1703500799302495, -0.6899607317686482, -0.24122349213589744, 291780000000, 
-2.085145671314172, -1.2354300800631053, -0.24073134052350825, 291785000000, 
-2.1688676563078, -1.451501816554012, -0.23948065322965162, 291790000000, 
-5.124106804964257, -5.005567941794592, -0.23858274411980823, 291796000000, 
0.23332656858832834, -0.4968837477280511, -0.23899102045823362, 291801000000, 
-3.417988910159024, -0.43782290250870504, -0.23639452482411216, 291806000000, 
-2.05054100974029, -1.1639877487987413, -0.23591323670788042, 291811000000, 
-2.0957706840934707, -1.3688688162938034, -0.23505073820042827, 291817000000, 
-2.251678461893833, -1.520025624470268, -0.23419472062559182, 291822000000, 
-2.747273920025802, -7.099834709101507, -0.23532827079788637, 291827000000, 
-2.9069236417446405, 0.5405920771575703, -0.2334957387437928, 291832000000, 
-3.5011132143944317, -0.05692488460297224, -0.2323656329755008, 291837000000, 
-2.382907850441377, -1.2565358327863212, -0.23084538174510397, 291842000000, 
-2.2427142769820048, -1.5277987087814318, -0.22982377753902725, 291847000000, 
-34.169739477203514, -0.34097470947189223, -0.2159633211715607, 291852000000, 
31.07790789269969, -7.815379871712805, -0.23116633610333026, 291857000000, 
-5.221648899468812, 0.6417853697692957, -0.2281219357781156, 291862000000, 
-3.1755918707385895, -0.2603691151453272, -0.2263113669494203, 291867000000, 
-2.1424683373504285, -1.565525792767232, -0.2252126181230349, 291872000000, 
-2.345514065319922, -1.6503870373284193, -0.22495610748359995, 291877000000, 
-1.167696547168202, -6.347184835260453, -0.22679744984727437, 291883000000, 
-4.285142262700052, 0.9010163162137325, -0.22454995051183513, 291890000000, 
-4.021762398300919, 0.025008499985198933, -0.2223992011066338, 291895000000, 
-2.1463357541762296, -1.406805578750526, -0.22127053460344567, 291900000000, 
-54.83574928728976, 7.534197050799768, -0.20159996872732713, 291905000000, 
33.62469567314514, -12.184586301762272, -0.22232066677646253, 291910000000, 
-4.684141003576589, 0.8483067506700868, -0.22068316953056685, 291915000000, 
-3.089063950099925, -0.513590209252328, -0.2184251181496458, 291923000000, 
-2.299579825497516, -1.8105247935104056, -0.21671911065987673, 291928000000, 
-3.0327944396080198, -7.9333802405427285, -0.21794488749005136, 291933000000, 
-1.8986368461933278, 0.7466432727150348, -0.21731974912130214, 291939000000, 
-4.090632658281063, -2.1035877482814686e-05, -0.2147873672275847, 291944000000, 
-1.970358047386329, -1.1693937895566369, -0.21382324990194143, 291950000000, 
-37.72155049197636, -0.5335811299248812, -0.19827897894710608, 291955000000, 
41.52530218268962, -10.844285733519603, -0.21469191144917515, 291960000000, 
-2.972917201008731, 0.8086221112694143, -0.21297354653790934, 291966000000, 
-3.696378567298132, -0.2981286319428213, -0.21117811785961976, 291972000000, 
-26.690492418593866, 1.2099776126127297, -0.1931292519433753, 291977000000, 
42.790983266323444, -14.54945788742484, -0.21055672559642769, 291982000000, 
-1.1625213121743179, 0.4829515672705454, -0.20951321143071402, 291989000000, 
-3.3089765956169526, -0.4932239465958194, -0.20805512682094607, 291994000000, 
-11.74233912332529, -4.700078508177486, -0.20039304809106065, 292004000000, 
17.323551073117695, -0.1352244144191525, -0.20953475039302497, 292010000000, 
-4.074926866743692, 0.14437896301097478, -0.20627046897238308, 292016000000, 
-2.6191831951822175, -0.7907635344014815, -0.20524830037795538, 292021000000, 
-2.042346062940155, -1.760527204406674, -0.20456003256789143, 292026000000, 
-2.373490227227981, -5.748919564903975, -0.20680957414108675, 292032000000, 
-3.5068862328390553, 0.13115133625927158, -0.2036458583591956, 292042000000, 
-2.190198241599745, -1.3608310515119515, -0.2025763337717836, 292048000000, 
-16.53251438780523, -9.956158702843593, -0.19916662767714213, 292053000000, 
9.802087267808286, 0.2846039949482206, -0.2041610982229384, 292058000000, 
-4.762399586781169, 0.22840208118562044, -0.2018328791313175, 292063000000, 
-3.17461579897158, -0.65314871013932, -0.20044140308728695, 292068000000, 
-1.869763107033654, -1.4241762573887335, -0.19949495501249961, 292073000000, 
-7.75289584095205, -8.511042256830734, -0.20017894003002798, 292078000000, 
2.22839388859854, 0.7604531326703485, -0.20121044866822158, 292084000000, 
-4.729536084507053, -0.15589271207438135, -0.198917459448462, 292089000000, 
-2.3544967006040514, -1.0486806462960372, -0.19786196129814454, 292096000000, 
-22.473207389026843, -8.519742750619127, -0.19034066817351442, 292101000000, 
15.146822456309586, 0.12753489765791068, -0.19961556234013172, 292106000000, 
-4.813020837961908, 0.2732243766066222, -0.19703105631540474, 292111000000, 
-3.1662674169545655, -0.674761306332867, -0.19592655960300426, 292116000000, 
-2.0705604620322156, -1.5723512755237763, -0.19471851310715232, 292121000000, 
-3.686892610024563, -6.790553567721884, -0.19686168435771437, 292126000000, 
0.38919892626009306, 0.8546249632415275, -0.19670980288501444, 292131000000, 
-4.882400310640879, 0.05418041737888695, -0.19432867996994635, 292136000000, 
-2.750461045029217, -0.824769752748944, -0.19291243527618396, 292141000000, 
-47.86850999773522, 4.558215919004865, -0.17236080817088162, 292146000000, 
36.10175742871831, -11.524975784023802, -0.19494979699356849, 292151000000, 
-2.683181703384111, 0.7729664521651874, -0.1939843253574088, 292156000000, 
-4.605745038394947, -0.18268920821718992, -0.19130609111997535, 292161000000, 
-2.386099482778678, -0.8909879979739823, -0.1906032672117711, 292166000000, 
-59.48613143885298, 5.850051040416482, -0.1699003279317863, 292171000000, 
36.28982399494462, -11.439014551334433, -0.1925039228028194, 292176000000, 
-3.3134698154720734, 0.7297704888986319, -0.1912699732016657, 292181000000, 
-4.207726641528154, -0.38401943197830213, -0.18900551040606825, 292186000000, 
-2.235825657765117, -1.2709553900892379, -0.18804603200273096, 292191000000, 
-21.42721767143754, -8.492230697042531, -0.1814316280666226, 292196000000, 
17.703658285263597, 0.3076278689845616, -0.18941029251907612, 292202000000, 
-4.753316802680914, 0.30801487037795583, -0.18679955093313802, 292207000000, 
-2.6310680756266156, -0.8271373501387694, -0.18528444732562413, 292212000000, 
-2.2980075290018602, -1.7714934781992167, -0.1849051298317437, 292217000000, 
-4.240673989466423, -6.676701400844868, -0.18515189124874745, 292222000000, 
0.03518284597146363, 0.7819281735040542, -0.18553785022639474, 292227000000, 
-4.225941549333121, -0.16517453336130364, -0.18317707535151886, 292232000000, 
-2.17684995870935, -1.0064634285463872, -0.1823049936738267, 292237000000, 
-31.07448799841441, -2.02408754490463, -0.16783001515573395, 292242000000, 
42.284649963929056, -8.003234632206889, -0.1838306426610423, 292247000000, 
-4.136089967034459, 0.7146302747862285, -0.18180669621939077, 292252000000, 
-4.043517981699796, -0.28106717306243173, -0.17934813366036098, 292257000000, 
-2.1674500604975426, -1.111232213408874, -0.17886975388089985, 292262000000, 
-29.921131089816345, -2.31568963327649, -0.16458821150093678, 292267000000, 
26.21650545523162, -4.438798418062203, -0.1797134912758995, 292273000000, 
-5.2050636802583865, 0.2700464560668927, -0.17726828721061225, 292278000000, 
-2.804498937652072, -0.6416887483336959, -0.17558446283908066, 292283000000, 
-2.248407453565113, -1.529232216650002, -0.1747761270918994, 292288000000, 
-7.654467840873224, -7.147710524409973, -0.17392126147002773, 292293000000, 
3.4072537293131613, 0.41742400701363114, -0.17545088225495484, 292298000000, 
-4.739888415949044, 0.0022111546672909307, -0.17316243721755303, 292303000000, 
-2.569121215553098, -1.0277382015250753, -0.1717997449182398, 292308000000, 
-2.247247339324367, -1.4786691535983572, -0.17135175329153676, 292313000000, 
-7.299629449387684, -6.819269791469454, -0.17024239822065504, 292318000000, 
1.4110505761365926, 0.3005141213707409, -0.17114114485054194, 292323000000, 
-4.209179219571863, -0.18336213643623986, -0.16976001479156022, 292328000000, 
-2.6261472595849495, -1.0293835726033345, -0.16829347828162053, 292333000000, 
-2.178341009403645, -1.4005428873928978, -0.1673827467272606, 292338000000, 
-17.841066694377066, -6.644292834628028, -0.16215500124899612, 292343000000, 
10.807888844613041, 0.11438588101618548, -0.16818785399409428, 292348000000, 
-5.222115309860187, -0.3483492622005621, -0.1655766571710276, 292353000000, 
-2.562517979262395, -0.989569514374047, -0.16462523971466042, 292358000000, 
-2.171848248680056, -1.241761593275681, -0.16357734418833295, 292363000000, 
-14.157965591703666, -3.4467445991824106, -0.15802161098635994, 292368000000, 
13.982974331482016, -2.2701042173804793, -0.16323059586250518, 292373000000, 
-3.4318759833951695, -0.48752363129571386, -0.16174051172998943, 292378000000, 
-2.299991387580976, -0.8744441365528427, -0.16031648003704368, 292383000000, 
-1.9988387697959722, -1.1444957233797661, -0.16025878180958383, 292388000000, 
-42.091394984154306, 3.642039697499826, -0.142166214725046, 292393000000, 
39.46950627959692, -10.331153353579724, -0.1611524485399366, 292398000000, 
-5.081299771633058, 0.1372978815149368, -0.1583756177105064, 292404000000, 
-2.9394643018598923, -0.7551535809300209, -0.15706867018009485, 292409000000, 
-2.1871264726190502, -1.0713156041223666, -0.15595452016898903, 292414000000, 
-2.1484280755850715, -1.2171957709711634, -0.15510095545487884, 292419000000, 
-6.693059155425682, -5.7816770790016285, -0.15487434458470534, 292424000000, 
0.12815855467587667, 0.2330222649012644, -0.15456303482287348, 292429000000, 
-3.180348893701469, -0.6795424328560958, -0.1526567073013719, 292435000000, 
-2.173288490979469, -1.0624432590585473, -0.1520845666631019, 292440000000, 
-2.078170886201425, -3.706960643752015, -0.1529578826517353, 292447000000, 
-0.5631472999524801, 0.4717701638853148, -0.1527908367558506, 292452000000, 
-4.828098426345148, -0.2885896724094684, -0.1497917162577514, 292457000000, 
-2.4057434136556513, -0.8819655751448072, -0.14900390961762497, 292462000000, 
-2.1183336835993183, -1.0689332754233452, -0.1478343274960504, 292467000000, 
-2.0865459603828214, -4.209841394274017, -0.149129986586639, 292472000000, 
-2.7736145534155066, 0.2400593549562234, -0.14759466552735187, 292477000000, 
-3.6644640666366928, -0.46808538724281956, -0.14624692420310154, 292482000000, 
-2.2724895729731944, -0.8678773835487231, -0.14496411360575684, 292487000000, 
-27.19775735699732, -3.7165499709063803, -0.13473888850438387, 292492000000, 
23.852923674015642, -1.0804196427304784, -0.14592715640889087, 292497000000, 
-4.485768295553007, -0.18730495332183625, -0.14319024581373535, 292502000000, 
-2.569090246760717, -0.6580896499987853, -0.14250048630040957, 292507000000, 
-2.080433996306447, -0.91479219898199, -0.14146014617744818, 292512000000, 
-1.8578246292527982, -4.30651219638145, -0.1427264088425103, 292517000000, 
-3.0902152393073403, 0.15791654900226762, -0.14063248576147086, 292522000000, 
-3.3589380313482398, -0.49385054852010934, -0.13958906448694602, 292527000000, 
-2.245298957622552, -0.8073660674280181, -0.13847943213355735, 292532000000, 
-15.184391203759656, -4.736069399559444, -0.1333934480776104, 292537000000, 
12.416208627123913, 0.4846196534798249, -0.13965907726190138, 292543000000, 
-4.7292032024881046, -0.1593661573037572, -0.13660559583073772, 292548000000, 
-2.429405294976532, -0.6965271622658236, -0.13550115703738572, 292553000000, 
-1.6495780889361362, -2.9500952397020677, -0.13669768679885574, 292560000000, 
-2.841050288026365, 0.2674712682600435, -0.1352411418148532, 292565000000, 
-3.6614415847601633, -0.3630336714653362, -0.13338278212269697, 292570000000, 
-2.35990207790341, -0.6398695603157405, -0.13282979958491403, 292575000000, 
-2.316919065595238, -2.418636939012794, -0.13345140069756048, 292580000000, 
-2.786865663854498, -0.04074986317244537, -0.1322196088938255, 292585000000, 
-2.852153531837468, -0.41494956088703483, -0.13056393283538012, 292590000000, 
-32.807685294372156, 1.3868932419905189, -0.1167513203078886, 292595000000, 
28.358925867190784, -4.609802680611432, -0.13010504917428656, 292600000000, 
-3.208361734473673, -0.19158393274768365, -0.12797705183733302, 292605000000, 
-2.3398403173472326, -0.4831670697849854, -0.12718878458803212, 292610000000, 
-20.681058815874817, -2.672967264625173, -0.11885534886005195, 292615000000, 
20.561884501002023, -0.31967038149706145, -0.12679114307078412, 292620000000, 
-2.882054707371224, -0.16248406007857363, -0.1251457753918892, 292625000000, 
-2.1832510384928128, -0.5149124673309223, -0.12422551226966716, 292630000000, 
-4.993639106504033, -1.9474784125976137, -0.12315475365267438, 292635000000, 
-0.6768305298254209, -0.3145079642714435, -0.12299751315605899, 292640000000, 
-2.041947161365524, -0.43630825375244264, -0.12176005718018519, 292645000000, 
-19.15224358561671, -2.118416032136689, -0.11420134830808357, 292650000000, 
14.581961710918742, -0.2502895262461485, -0.12117592937088778, 292655000000, 
-2.7483266519316216, -0.23931847990552174, -0.11994277063876305, 292660000000, 
-2.0695964575173105, -0.4260869645685963, -0.11865992638967744, 292665000000, 
-9.79995271062366, -2.0557078847658956, -0.1159590202305635, 292670000000, 
3.788259566943867, 0.0016381075777420692, -0.11782459135515831, 292675000000, 
-2.737366853092877, -0.21893044302475753, -0.11692350407865088, 292680000000, 
-1.9956613839717754, -0.4005643108055185, -0.11574539597825369, 292685000000, 
-5.158612256904082, -1.7843266837663188, -0.11493664110024082, 292690000000, 
-0.2752379793381649, -0.0005381820887357565, -0.11444664012585277, 292695000000, 
-2.460249355250264, -0.2679673862354578, -0.11347404269283223, 292700000000, 
-1.9310089907853472, -0.3690987823417458, -0.11265854658513835, 292705000000, 
-3.10681302823574, -1.4356111237431621, -0.11241404539119726, 292710000000, 
-1.8802726372361749, 0.049183936395568534, -0.1119154017056767, 292715000000, 
-2.4069357895120422, -0.20947793330190442, -0.10998797198241518, 292720000000, 
-11.001146808516884, -0.6979948359122818, -0.10636756236817384, 292725000000, 
5.718252932134525, -0.5134116002121364, -0.10911577582270843, 292730000000, 
-2.0432732747426616, -0.13645317728847003, -0.1080637600137658, 292735000000, 
-1.7453074721479462, -0.22900597778006693, -0.10713185835562197, 292740000000, 
-3.041300992163585, -0.9949024120828224, -0.10692298746644814, 292745000000, 
-1.5157982508939098, 0.07433045411767597, -0.10593180871868628, 292750000000, 
-2.468995415835733, -0.1179426278247293, -0.10526654237189674, 292755000000, 
-11.88282687310334, -1.057622551306282, -0.09928616317809275, 292760000000, 
7.093254756300409, 0.4574935263081681, -0.10316368464145768, 292765000000, 
-2.2051730902371594, -0.15993855245288183, -0.10204591739469794, 292770000000, 
-1.8117813862025027, -0.13996416891986216, -0.10170751991769969, 292775000000, 
-1.7708521238887203, -0.2461477720510833, -0.09754603135553554, 292780000000, 
-1.1244925876159528, -0.09481039250758025, -0.07974216867730635, 292785000000, 
-2.890964628864922, -0.18955655276742822, -0.05590332413718088, 292790000000, 
-2.480649708379358, -0.15306622371418346, -0.009582847223226939, 292795000000, 
-2.389181025254003, -0.07618210341756762, 0.05322381255764432, 292801000000, 
-2.4362278744732175, -0.04652415110053638, 0.09076103145140944, 292806000000, 
-2.2906027560656077, -0.024992656928112665, 0.13476212776980753, 292811000000, 
-2.3628247375042455, -0.2051072187971702, 0.16174772921387912, 292817000000, 
-1.3350345441238425, 0.637087093548863, 0.1604514650788485, 292822000000, 
-4.027792476754839, -0.008163560027099719, 0.1589079155847734, 292827000000, 
-2.223908012784399, 0.05256368525332841, 0.15811714642528765, 292832000000, 
-1.8723352443174317, 0.16280565105639025, 0.15680246861165853, 292837000000, 
-1.8354792459598879, 0.17232282126686624, 0.15592532648033094, 292842000000, 
-9.486869995439724, 0.7570586566410012, 0.15541987852891886, 292847000000, 
1.5161750788972164, 0.07991626130822918, 0.15625895125878123, 292852000000, 
-2.0432966498542706, 0.2034104768557986, 0.15513994930855016, 292857000000, 
-1.701922310866959, 0.20316215369428606, 0.1547576786733338, 292862000000, 
-1.7063038602643805, 0.24052277008243453, 0.1535889353619207, 292867000000, 
-1.771761421574868, 0.31574145586054053, 0.152709653510341, 292872000000, 
-1.8584208922441712, 0.36258208477707415, 0.15181871690374926, 292877000000, 
-1.930563911658311, 0.34544159609000963, 0.15057311717768196, 292883000000, 
-2.0082700571599297, 0.39277729979501813, 0.15003043061668112, 292888000000, 
-2.0448543833207316, 0.4309148417970717, 0.14879542065104992, 292893000000, 
-2.0007876002245775, 0.4533136685804183, 0.14797278077411782, 292898000000, 
-2.0457260111170745, 0.4773359826510521, 0.1470083010453274, 292903000000, 
-2.0267027669568796, 0.5266060695648646, 0.14595966199567795, 292908000000, 
-2.009725076081266, 0.5357331482829638, 0.14491097585803706, 292913000000, 
-2.028717878805299, 0.5367576129214091, 0.14394503663607489, 292918000000, 
-2.0327622891062633, 0.5596726589003377, 0.14319975352080413, 292923000000, 
-2.007286902115759, 0.5947197285196979, 0.1419957520597464, 292928000000, 
-2.0111766293176014, 0.6307253739507392, 0.14144040953669923, 292933000000, 
-2.021058409234856, 0.6392235504766431, 0.14026883028201298, 292938000000, 
-1.9946646916204573, 0.6298118424866341, 0.13948891851601597, 292943000000, 
-1.9741611377798012, 0.6825896904485628, 0.13867122756415273, 292948000000, 
-1.928831793409461, 0.6917411380613834, 0.1379096238171251, 292953000000, 
-1.9423182027613286, 0.7239603019204344, 0.1367177375748564, 292959000000, 
-1.9338577697081205, 0.747500611918396, 0.13582970474349815, 292964000000, 
-1.9479343574444687, 0.7699423690978859, 0.13468728308279732, 292969000000, 
-1.9323599873093513, 0.772789048300487, 0.1340673717552767, 292975000000, 
-1.903716683841822, 0.8060984548347832, 0.13195355823533733, 292982000000, 
-1.9085683715077153, 0.8416802852001263, 0.13148947497003918, 292987000000, 
-1.9176614613768062, 0.8544706595137099, 0.1308666682719394, 292992000000, 
-1.8743889248142718, 0.8563713403399361, 0.12995665257681657, 292997000000, 
-1.8965528842370762, 0.8560470507983128, 0.1290145403553812, 293002000000, 
-1.874305045416783, 0.8952889443343524, 0.12802339842437374, 293007000000, 
-1.8972447424351435, 0.9034775961252617, 0.1270648301455625, 293012000000, 
-1.8167589181308923, 0.9029559817796727, 0.12651885256890685, 293017000000, 
-1.834430151464671, 0.9731358793128146, 0.12578732467799814, 293022000000, 
-1.8226224742146817, 0.9899724912866713, 0.12488826239830683, 293027000000, 
-1.8286700455285623, 0.9810616210934123, 0.12414231498424445, 293032000000, 
-1.8025262388884864, 0.9928963877214324, 0.123271105420907, 293037000000, 
-1.7743555047622088, 1.021257062368303, 0.1222516879501408, 293042000000, 
-1.7915463770245545, 1.0314372937305751, 0.1208474682502815, 293050000000, 
-1.7549729908334402, 1.0281387924541128, 0.12059769550274181, 293055000000, 
-1.780806120110813, 1.1030670683954795, 0.11970977129085329, 293060000000, 
-1.7643236228591304, 1.1083070298976196, 0.11883772857050122, 293065000000, 
-1.708884535041738, 1.0785900357999116, 0.11798024899520684, 293070000000, 
-1.7273917704319848, 1.1108757294476859, 0.11684607428248728, 293076000000, 
-1.71083954660756, 1.163477957294151, 0.11652649347433038, 293081000000, 
-1.719473921268678, 1.1557336896754846, 0.11551689232385778, 293086000000, 
-1.6991734143155623, 1.1539307283916556, 0.114799720733284, 293091000000, 
-1.6734461744865674, 1.164411833435045, 0.11432087314630644, 293096000000, 
-1.6755075509757524, 1.1769606225951403, 0.11325344967527295, 293101000000, 
-1.6548428642820123, 1.2121099748982338, 0.11227660749542628, 293106000000, 
-1.699834822180346, 1.2293788475659648, 0.11191089793023667, 293111000000, 
-1.6754504370834096, 1.226654304470115, 0.11150244566759793, 293116000000, 
-1.640150333284443, 1.2251468219956054, 0.1102962287314446, 293121000000, 
-1.6589959409981943, 1.236416357499406, 0.1096138400671993, 293126000000, 
-1.634767997064794, 1.2536898908165612, 0.10914220580892116, 293131000000, 
-1.6132294746738645, 1.2596895584323042, 0.10810833892890326, 293136000000, 
-1.5997051332848133, 1.28395502103217, 0.10796088036392636, 293141000000, 
-1.5934316057123916, 1.2912654324100996, 0.1069131435537212, 293146000000, 
-1.5700665173081803, 1.2985822868150476, 0.10638206385534958, 293152000000, 
-1.567342430065337, 1.312635647651601, 0.10544995248939568, 293157000000, 
-1.5360252968188126, 1.3148733784856954, 0.10492789820791261, 293162000000, 
-1.559415518633223, 1.3528683882893586, 0.10417214552567952, 293167000000, 
-1.5222697488192782, 1.376602334965634, 0.10319795590590136, 293175000000, 
-1.5181935907050041, 1.3739351007500864, 0.10215519632373668, 293180000000, 
-1.5201035714102642, 1.3963176354504507, 0.10160641346127751, 293185000000, 
-1.4979671532789651, 1.3974804023753609, 0.10155975998732347, 293190000000, 
-1.476080055470273, 1.4118042779776665, 0.1003621773103094, 293195000000, 
-1.478951430083057, 1.4210480189092254, 0.10004624022384268, 293200000000, 
-1.45386237184582, 1.4306960257908934, 0.09928901778780594, 293205000000, 
-1.4507675926684656, 1.4139807460725866, 0.09890953555238839, 293210000000, 
-1.4409898175811318, 1.4125830647039055, 0.09855337825314837, 293215000000, 
-1.4451410413393508, 1.4756934933859163, 0.09739085655528375, 293220000000, 
-1.397754871184053, 1.4680218411270713, 0.0969258473461513, 293225000000, 
-1.4022525479483814, 1.4492313022007162, 0.09651937657395357, 293230000000, 
-1.4216404747243165, 1.4591650872884634, 0.09592937386624957, 293235000000, 
-1.3962400883170478, 1.4896175271359533, 0.0951700554357792, 293240000000, 
-1.3677478350294971, 1.4863236542640434, 0.09432005243025002, 293245000000, 
-1.3677393128014756, 1.4961198062391883, 0.09442307124429251, 293250000000, 
-1.390913619383386, 1.5167437177954717, 0.09348961769022673, 293255000000, 
-1.3503971148018763, 1.5224446432229275, 0.09325923747834379, 293260000000, 
-1.3220189409361005, 1.521752037752366, 0.09250792588561817, 293265000000, 
-1.337347013308767, 1.5066408343882582, 0.0915779605371371, 293270000000, 
-1.2720941397090082, 1.527530967350992, 0.09115285071910527, 293275000000, 
-1.3122652023803953, 1.54630577213912, 0.0907761909326534, 293281000000, 
-1.28149131317347, 1.5585238442012814, 0.09026152312749279, 293286000000, 
-1.2672964792708121, 1.559898871980174, 0.08958542101154036, 293291000000, 
-1.2618214469350695, 1.5579866104448756, 0.08897398530106458, 293296000000, 
-1.2317100003838908, 1.581963068940558, 0.08872614096857642, 293301000000, 
-1.2339968867607056, 1.5736464717071237, 0.08841604739606722, 293306000000, 
-1.2149405949271956, 1.578256076665352, 0.08765011804064181, 293311000000, 
-1.2097112673385548, 1.5903584565899265, 0.08737699691107813, 293316000000, 
-1.2171832731010364, 1.5578451796412551, 0.08648405762699153, 293322000000, 
-1.1966133737249098, 1.5785732136838067, 0.08628439988723281, 293327000000, 
-1.1930157974565945, 1.6103767341944768, 0.08562766965791722, 293332000000, 
-1.1626998910922075, 1.614517544524304, 0.0854382705930164, 293337000000, 
-1.1664219596624175, 1.5929956964574388, 0.08482402000962445, 293342000000, 
-1.1338912679644964, 1.596075627989399, 0.0844091248297818, 293347000000, 
-1.164580440892049, 1.6232349211016848, 0.08382109141195576, 293352000000, 
-1.115582074942966, 1.6011990601866304, 0.08354003509654619, 293357000000, 
-1.1117651439611114, 1.596633685666565, 0.0831423686777549, 293362000000, 
-1.1055206079234214, 1.6399146048341642, 0.08266404145607868, 293367000000, 
-1.0749343236547686, 1.615944852088925, 0.08195230001723963, 293372000000, 
-1.0789914681809967, 1.623424330937741, 0.08172682219049592, 293377000000, 
-1.077049512711741, 1.6115682388095145, 0.08112362575803472, 293382000000, 
-1.0800255852891347, 1.618515102753854, 0.080443094458472, 293387000000, 
-1.0538915659934531, 1.6260221482014001, 0.08016139221392608, 293392000000, 
-1.0345367862729566, 1.648368104337607, 0.0801489870342387, 293397000000, 
-1.0384766293292964, 1.6472638146472665, 0.07941039438530137, 293402000000, 
-1.0035963314562122, 1.6144229260406395, 0.07891633360523016, 293407000000, 
-0.9973816958490144, 1.6509463168172283, 0.07880997740776535, 293412000000, 
-0.981752418806021, 1.629867620137488, 0.0783182530286212, 293417000000, 
-1.005897567693812, 1.6424794073680407, 0.07764057308579576, 293422000000, 
-0.9826120519372085, 1.6257054427496376, 0.07777709080124232, 293427000000, 
-0.9609096722401522, 1.6216818316231427, 0.07673740534921315, 293432000000, 
-0.9620480073132585, 1.6182511673300073, 0.07681131945311881, 293437000000, 
-0.9162446327957527, 1.6392657451433763, 0.07640794855423516, 293442000000, 
-0.9215764397905547, 1.6301406668551, 0.07612926545492102, 293447000000, 
-0.9060260128996026, 1.6215196955366946, 0.07564371364842597, 293452000000, 
-0.8856611092395681, 1.6429822920635826, 0.0753985277881727, 293457000000, 
-0.8751356761656922, 1.6023293865484156, 0.07494183375701892, 293462000000, 
-0.8582756010678771, 1.652657230965155, 0.07465329802638938, 293467000000, 
-0.8548935794628156, 1.6249954406300893, 0.07476302825290461, 293472000000, 
-0.8598858179544624, 1.6290208837637516, 0.07390373113113335, 293477000000, 
-0.8370865239751333, 1.6222607589201195, 0.07393268185969169, 293482000000, 
-0.8388188568289633, 1.6449220049211721, 0.07339757919320597, 293487000000, 
-0.7955946849339599, 1.6225707962001712, 0.07320553925550424, 293492000000, 
-0.7910179355415177, 1.5948631696479372, 0.07279696199571888, 293497000000, 
-0.7755961503864413, 1.6236349533005257, 0.07252829925313196, 293503000000, 
-0.7741369881442783, 1.6167600022627147, 0.07258611310094905, 293508000000, 
-0.764530986034394, 1.6435085266757279, 0.07221350939034803, 293515000000, 
-0.757509121936557, 1.5956394733469397, 0.07183324189271059, 293520000000, 
-0.7471648360125006, 1.6220720182263324, 0.07129505452344405, 293525000000, 
-0.7174969698983469, 1.5767761222599534, 0.07154770456781906, 293530000000, 
-0.6788160702430962, 1.5798996477764147, 0.07077186300598685, 293535000000, 
-0.663938745935516, 1.595669207410069, 0.07094090992248976, 293540000000, 
-0.696037763533153, 1.6038102950767719, 0.0702463699426303, 293545000000, 
-0.654359709796465, 1.5868518296499363, 0.07018886590936313, 293550000000, 
-0.6531521642116026, 1.570048937059384, 0.06999298245489728, 293555000000, 
-0.6216587389072248, 1.5892712360539119, 0.06971001095667906, 293560000000, 
-0.6418465623072627, 1.5537863402055716, 0.06951144651002403, 293565000000, 
-0.6146098404747606, 1.5616400349231394, 0.06893008033524875, 293571000000, 
-0.6190572497149484, 1.5529264481170442, 0.0689106560656084, 293576000000, 
-0.6135000934001604, 1.559203748726051, 0.06894267777668454, 293581000000, 
-0.5884610542592275, 1.5579401402703927, 0.06841080834220967, 293587000000, 
-0.5787274740874618, 1.5329923781673693, 0.06864282717429901, 293592000000, 
-0.5537527996836271, 1.5323031865134586, 0.06813046348042441, 293597000000, 
-0.5381706496578509, 1.5706609524708202, 0.06808797550239655, 293602000000, 
-0.5715249602756629, 1.4989731805913922, 0.06784668312246803, 293607000000, 
-0.5192848103733061, 1.4944763498841243, 0.06784592340875406, 293612000000, 
-0.5160601506583061, 1.4983398212778454, 0.06761422588851121, 293617000000, 
-0.4747471516177986, 1.4902791138443812, 0.06749082615576897, 293622000000, 
-0.4734949249084526, 1.5039177380297735, 0.06710721216112786, 293627000000, 
-0.46151665882994763, 1.493130763111565, 0.0670123549524945, 293632000000, 
-0.42544488216968135, 1.458474601008444, 0.06691848573834956, 293637000000, 
-0.4216955477257949, 1.5239204773380641, 0.06646872390163315, 293642000000, 
-0.44616399838364024, 1.474264984082701, 0.06676644043260427, 293647000000, 
-0.4088253825776119, 1.4608138129599781, 0.06641356436907633, 293652000000, 
-0.4303446421217033, 1.466932837907303, 0.0659477801642358, 293657000000, 
-0.38714996434607635, 1.4230866029157472, 0.06626213608235111, 293662000000, 
-0.3515805563402282, 1.4240639523620096, 0.06615741580125704, 293667000000, 
-0.3785696724648138, 1.4290185224564718, 0.06572485962930198, 293672000000, 
-0.37055042851337033, 1.408569405348249, 0.06586520658072946, 293677000000, 
-0.34097217335796765, 1.3663933392602177, 0.06542491484358666, 293682000000, 
-0.30411578239186776, 1.4141974235379806, 0.06543386317084778, 293687000000, 
-0.3189026052300502, 1.393662255023184, 0.06566872413683496, 293692000000, 
-0.27690954564974063, 1.3649985133847404, 0.06538523103376809, 293697000000, 
-0.3157823644067155, 1.401598187372533, 0.06526376142547773, 293702000000, 
-0.2654821465481559, 1.3359578450226797, 0.06476492184131123, 293707000000, 
-0.24585176475969078, 1.3648574442179038, 0.06511858138525586, 293713000000, 
-0.2738654917063854, 1.3219497118183543, 0.06507790285089296, 293718000000, 
-0.24427463583643488, 1.3029417303428628, 0.06498781496915522, 293723000000, 
-0.21697894714751306, 1.3124818830518015, 0.06470852988070516, 293728000000, 
-0.22307586755390932, 1.2970133644956852, 0.06495234845541371, 293733000000, 
-0.18974304813771278, 1.282360805356752, 0.064871687670861, 293738000000, 
-0.1721357071935676, 1.2772985568553856, 0.06476269277162829, 293743000000, 
-0.16755425282067232, 1.218183143493529, 0.0647715927179109, 293748000000, 
-0.1468288300754859, 1.2299974311405504, 0.06498985232734397, 293753000000, 
-0.14980319806535938, 1.2395357139999628, 0.06468274909202011, 293758000000, 
-0.07265219629118164, 1.2457938329893523, 0.06487537214135403, 293763000000, 
-0.13859761769803866, 1.2209470218391345, 0.06460684495866229, 293768000000, 
-0.09408080410772968, 1.191690934846554, 0.06465426893768496, 293773000000, 
-0.09792098206620975, 1.1981829783284907, 0.06494990353772553, 293778000000, 
-0.0436980703614524, 1.168862041395033, 0.06492860898668905, 293783000000, 
-0.056050531354517395, 1.1931955498178182, 0.06494279100773788, 293788000000, 
-0.05428142272399056, 1.150183501210821, 0.06528674130345614, 293793000000, 
-0.03196693884189549, 1.1334607334442037, 0.06488899442571607, 293798000000, 
-0.006215361614931142, 1.1105009566782806, 0.06467619148925147, 293803000000, 
-0.03042408319047277, 1.0924648765718528, 0.06479039442886313, 293808000000, 
0.009132869067983178, 1.0786785237136416, 0.06510513814684085, 293813000000, 
0.018002269401639577, 1.055822866761903, 0.06495571133495455, 293818000000, 
0.040851952787034004, 1.0456745418018074, 0.06511172838855976, 293823000000, 
0.06394476697741788, 1.0172873814337775, 0.06482066265885661, 293828000000, 
0.08595442368552843, 1.0105143730030688, 0.0651347540500529, 293833000000, 
0.05531149404531635, 0.9785229612425859, 0.06516725583182213, 293838000000, 
0.11782170201300018, 0.9714909866746773, 0.06589398250939767, 293843000000, 
0.11756515456233213, 0.9755264816044489, 0.06578053993431299, 293848000000, 
0.127468802737744, 0.9668825434588356, 0.06593789723110269, 293853000000, 
0.17509874834909517, 0.9140643206775773, 0.06586989434102393, 293860000000, 
0.1576063133291241, 0.9267111297193691, 0.06574395895640141, 293865000000, 
0.13673787524201356, 0.9036661239725179, 0.06611115178696524, 293870000000, 
0.1766007474644297, 0.8830302969051167, 0.06603323472461291, 293875000000, 
0.1810752708299985, 0.8696548205735141, 0.06626350886494017, 293880000000, 
0.20850323456003658, 0.8283688159444668, 0.06638546522756701, 293886000000, 
0.2017529962080289, 0.8395955411235884, 0.0664161111866081, 293891000000, 
0.20932990473292248, 0.8211508922042077, 0.06627246320902626, 293896000000, 
0.24701736799438312, 0.8242084608549954, 0.06671272069086634, 293901000000, 
0.2796865705407462, 0.7643523747736698, 0.06699391469650512, 293906000000, 
0.2838956338777544, 0.7328034360991394, 0.06696729984090909, 293912000000, 
0.27898083156534, 0.7167435090899804, 0.06720414769976366, 293917000000, 
0.31518098323068416, 0.6981701617282697, 0.06750064285025714, 293922000000, 
0.3148006145045288, 0.6653423559365804, 0.06801626751252651, 293928000000, 
0.33178372507987597, 0.6401445443179188, 0.06737437620404109, 293933000000, 
0.35163213188714293, 0.6151884125956196, 0.0677618669238805, 293939000000, 
-0.5249878125623764, 0.9365699409581993, 0.06887325359810174, 293944000000, 
0.8364172278355895, 0.773420261247864, 0.07095665033255869, 293949000000, 
0.724189015421704, 0.6812739940588682, 0.0741002503422041, 293954000000, 
0.4804614112877561, 0.5937955397183193, 0.07584542184061283, 293960000000, 
0.4333312184092303, 0.5919922305658678, 0.07811705199795366, 293965000000, 
0.4435548762933641, 0.527913491794825, 0.07995725473108833, 293970000000, 
0.49662723787580154, 0.49183556723756594, 0.08243345865974135, 293975000000, 
1.1317634875080242, 0.41907887554453127, 0.08498385150086184, 293980000000, 
1.444558111133975, 0.3971130167729098, 0.08799789201902009, 293985000000, 
1.4625435194186203, 0.2510644694263773, 0.08984614240543222, 293990000000, 
1.5019686256756242, 0.07045171770309434, 0.09340906680761847, 293996000000, 
1.602382715667391, -0.016708019666496314, 0.09514474206186854, 294001000000, 
1.5586570642441262, 0.047948240416921736, 0.09853293134693625, 294006000000, 
1.3055108114175062, -0.08276881635259772, 0.10084549779396094, 294012000000, 
1.6592004941744551, 0.1523745697504065, 0.10407303475178417, 294017000000, 
1.6161002574658583, 0.0346158884805998, 0.10659382318066504, 294022000000, 
1.6551600458470805, 0.15591612373833116, 0.10995888160353166, 294028000000, 
1.6195793223824708, -0.04336901785921593, 0.11255235936089483, 294033000000, 
2.4897134422400633, -0.3176669351827748, 0.11572641082182485, 294038000000, 
2.772311175345336, -0.2542250720808493, 0.12076019064845103, 294045000000, 
1.9427177972118461, -0.05822962076536547, 0.12293878985636644, 294051000000, 
-5.294103448615949, 1.5365272359956677, 0.12253015986817002, 294056000000, 
-7.111281309712692, 2.037062253281782, 0.12151740064090319, 294061000000, 
-1.9447628603258496, 0.7649385482512026, 0.12308681485688155, 294066000000, 
-0.1359682467555846, 0.25755798762503845, 0.1248363291008114, 294071000000, 
0.3983418667173517, 0.12952495085858096, 0.1270227027800613, 294076000000, 
-0.30994423391702325, 0.2552170506519806, 0.12894584010906038, 294081000000, 
-7.098332066843689, 1.8485929361582314, 0.12792047506443732, 294086000000, 
12.35992105236812, -2.826930857568088, 0.11797093740122828, 294091000000, 
15.259559864118236, -5.3474600868912, 0.10662447751189509, 294096000000, 
0.32545758795966384, -1.4282905716441496, 0.10369641272237397, 294101000000, 
-7.2246914856441276, 3.290948730703214, 0.10413856183968917, 294106000000, 
-2.8971026923947627, 2.6143373416690276, 0.10312483971990388, 294111000000, 
-0.4235305134306875, 0.7810947826671972, 0.10033226467118923, 294116000000, 
0.3613675279071943, 0.17144380706930762, 0.09909500342811985, 294121000000, 
0.6334275098744094, -0.04170692014988426, 0.09545217318869427, 294126000000, 
0.7742303326813644, -0.14302581932162065, 0.09253780972934028, 294131000000, 
-0.040723961144839504, 0.04141765665123632, 0.09077483080401035, 294136000000, 
9.30482215797503, -5.938319131725155, 0.08188105119312032, 294141000000, 
0.1865448233635293, -2.733257482771697, 0.07905718474299633, 294146000000, 
-0.6173163469514629, -1.6995359482054928, 0.07671746470060392, 294151000000, 
0.2820421899372419, -0.31067150675809263, 0.07272497229176807, 294158000000, 
0.7383854037233205, -0.3194937574278469, 0.07031593611765113, 294163000000, 
0.8126464857861755, -0.2887127541487308, 0.06783997526753119, 294168000000, 
0.7162894047159856, -0.2966241256968569, 0.06535340926382034, 294173000000, 
3.666563244994888, 1.6669717177593844, 0.061346993007102654, 294178000000, 
2.876989899360039, 1.174586587124291, 0.05799665950903156, 294183000000, 
3.0148696879049552, 0.8896789907842105, 0.05473411873916966, 294188000000, 
-16.249682019200915, 2.2766008409094396, 0.05591529019926788, 294193000000, 
19.4004260631923, -0.7165228366596019, 0.0486039518546706, 294198000000, 
-2.9003760523464877, 1.145992310807077, 0.04869436062909263, 294203000000, 
5.9217066917796455, -2.757551575492291, 0.0434641889129556, 294208000000, 
-29.454056604941616, 6.99165334486032, 0.04888849408146979, 294213000000, 
23.88722624076955, -6.722115597561689, 0.03650860639167662, 294218000000, 
3.816165195469152, 0.07957283270985152, 0.03369898699819981, 294223000000, 
-22.26014026540745, 4.944147879812786, 0.03712298441973182, 294228000000, 
20.58170821953965, -6.417739383321694, 0.026256775159078538, 294233000000, 
5.39686307947207, -0.2527140564698603, 0.023402013107130012, 294238000000, 
-12.690074111435333, 0.36430831442289957, 0.024598719011370295, 294243000000, 
16.608738783080415, -1.8850131530819667, 0.016247920445059936, 294248000000, 
-12.216724392504366, -0.09239375534749651, 0.01680882314428569, 294253000000, 
-3.0441576936048245, 2.5132288859412495, 0.014217474674157059, 294258000000, 
15.772476365184332, -4.259605799258771, 0.006212824135882213, 294263000000, 
-0.2002729983406648, -0.6510503042040036, 0.0029673510994744396, 294268000000, 
-1.003726903795091, -0.8320052686467451, 0.00041655007513238985, 294273000000, 
-12.262623761600869, 1.120093658685597, 0.002176316224519138, 294278000000, 
-6.015745023379871, -1.3979609419672152, 0.0023199687656785145, 294283000000, 
-11.15266774109845, 1.9721984708593538, 0.004912239599555996, 294288000000, 
-10.300944901660671, 1.7903574828200346, 0.0076958914571784495, 294293000000, 
-7.940298393440747, -2.8329178531672543, 0.011455568200466436, 294298000000, 
-3.296098647458037, -5.357497802040618, 0.013899619266772039, 294303000000, 
-4.140942152976303, -2.271336079136229, 0.01614822068665695, 294308000000, 
1.090512043617323, -0.8453535238683663, 0.014842966851073943, 294313000000, 
1.0595136285193063, -0.8973681477363047, 0.013514867416094228, 294318000000, 
0.9057942988241099, -0.7305540563462503, 0.012316846103209746, 294323000000, 
1.2933276568050425, -1.0226174664382115, 0.012657071304524169, 294329000000, 
1.1641017142443235, -0.9093715682433375, 0.012222686488867738, 294333000000, 
1.154804436606868, -0.9331267793650063, 0.012147387259533153, 294338000000, 
0.9389802353730905, -0.7306211493372491, 0.012724272664623247, 294343000000, 
1.1492168760804773, -0.9664387721568105, 0.012310423175064707, 294348000000, 
1.2055573364267826, -1.0306353182551253, 0.012815973437867882, 294353000000, 
1.3572746906495077, -1.1441202374023718, 0.013023674413701216, 294358000000, 
1.207542727268506, -1.0276276305899974, 0.013187121347556773, 294363000000, 
1.1883388791700207, -0.9972007668926846, 0.0127992783089677, 294368000000, 
0.9290197300921884, -0.8279019999358026, 0.013271771540848225, 294373000000, 
1.3694854720844896, -1.2157880638935026, 0.013463773611620761, 294378000000, 
6.0401395132360935, -4.114656055481098, 0.01045304222164032, 294383000000, 
2.180349262161407, -3.5117306355266273, 0.005744651952923942, 294388000000, 
3.175729549128035, -4.440865471435949, 0.0017401755071109945, 294393000000, 
-0.8802010076187496, -2.5720182374174003, -0.001059164907996263, 294398000000, 
8.646580152402873, -7.968324934258237, -0.00833060314636631, 294403000000, 
-1.1595918297468537, -3.3923283205644754, -0.011328785705144648, 294408000000, 
7.565807915877912, -6.383071450205205, -0.017255158074530673, 294413000000, 
-2.143204349994281, -1.4913887831402735, -0.019322465630370995, 294418000000, 
6.0240735490620345, -2.749441045274693, -0.024700381265292934, 294423000000, 
-3.3242700045111535, -0.43071439982273246, -0.02630978063253865, 294428000000, 
5.970829880728672, -1.895764134483481, -0.031070290119628648, 294433000000, 
-1.6511095073884956, -0.652017194587168, -0.03291792678845095, 294438000000, 
2.694388406388849, -0.43741424321518935, -0.037210873729693845, 294443000000, 
3.324743098493454, -0.34733382046859357, -0.04098674396001414, 294448000000, 
7.48958190268199, 0.1056785453622178, -0.04602536850807697, 294453000000, 
0.5686608562939671, -0.22243759763676463, -0.04972048643159864, 294458000000, 
4.4915727949761175, 0.5599373584361638, -0.05493620085649154, 294463000000, 
5.012807356210989, 0.6860749541985973, -0.059051176090418364, 294468000000, 
8.726585356743056, 1.8547542442237965, -0.06514740417638729, 294473000000, 
2.4300839136647627, 0.13389720706823813, -0.06887175306797844, 294478000000, 
9.758139682297728, 1.7994783894574953, -0.07602552288468527, 294483000000, 
2.890374987203405, 0.6189072439396586, -0.07974705975716867, 294488000000, 
9.986571048154362, 2.7387315166146995, -0.08624099301464676, 294493000000, 
2.2757068998831045, 0.6454310814925046, -0.09022370170817995, 294498000000, 
5.432857364876307, 0.07236792688724916, -0.09466598876310806, 294503000000, 
-0.6028935921145759, -1.1503717515636758, -0.09703780820773561, 294508000000, 
3.2532015271333443, -1.3204304988659155, -0.10099116301139216, 294513000000, 
-0.6697608397263995, -1.2647581804509815, -0.10319512327638215, 294518000000, 
2.9139166056892347, -1.461449025473003, -0.10682024900310168, 294523000000, 
1.597564759203368, -1.142341846796321, -0.1085095150921948, 294528000000, 
1.7965541020498565, -0.8846182498379388, -0.11237413867095325, 294533000000, 
-0.5387617485791154, -1.0904099167288115, -0.11441379047049845, 294538000000, 
2.412904689919996, -1.5200211254102567, -0.11728943595086633, 294543000000, 
-0.649925850563278, -1.2169362573919822, -0.11949308226533213, 294549000000, 
3.111389432589147, -1.5929006969944937, -0.12248935564722162, 294554000000, 
0.9831553988457208, -1.4979228850473458, -0.125418971795768, 294559000000, 
-0.22380814533527302, -1.3543303046702433, -0.1276904789017374, 294564000000, 
-0.7442596911610717, -1.1297619090806454, -0.12997528878346828, 294569000000, 
-3.577297945331232, -0.7289102752793863, -0.13019156782089178, 294574000000, 
9.226029923569552, -2.3636933752874656, -0.1346494190215683, 294579000000, 
-1.770987423182236, -1.4520951222720735, -0.13703295034185722, 294585000000, 
2.769297771381611, -0.9453656739581866, -0.13851502660271622, 294590000000, 
1.4684546756824683, -2.364614734990398, -0.14261729906205575, 294595000000, 
0.2363456563956821, -0.37439110890443417, -0.14298037282824944, 294600000000, 
1.6368667637872907, -2.5696402301599224, -0.14691815333288472, 294605000000, 
0.9127054688175448, -0.5298059511235162, -0.14750883264677264, 294610000000, 
-0.3849343644730233, -2.0395934635586994, -0.15158199361879468, 294615000000, 
3.406326247059307, -1.0978083730422423, -0.1527626287775236, 294620000000, 
-13.364491401827538, -0.26124999751121497, -0.14864273421534469, 294625000000, 
18.914086587589917, -3.5698984622040806, -0.15855756673075774, 294630000000, 
-0.4868219255492308, -0.27775254205780736, -0.1584635104139543, 294635000000, 
-8.214792386288053, -1.7165509749671004, -0.158225831902669, 294641000000, 
16.438528426745606, -2.82927840407086, -0.1646673739300345, 294646000000, 
-0.5678601872211188, -0.3146092425576554, -0.1643943032646056, 294651000000, 
-0.47904657684872143, -0.9144501593206131, -0.163777558747051, 294656000000, 
3.051690953615788, -3.89325798808627, -0.16856445388700522, 294661000000, 
0.15468068684627723, -0.6930386540266178, -0.1685435274390718, 294666000000, 
-0.09788970521934909, -0.800519951416779, -0.168871210408187, 294671000000, 
0.46075353982264444, -1.1332840861190998, -0.16875150848813453, 294676000000, 
0.673535353868821, -1.2595910118687463, -0.16896586382230921, 294681000000, 
0.7782155462594381, -1.375646502126672, -0.16943151516922583, 294686000000, 
3.7440446711199464, -3.8202708870035647, -0.1751031102217346, 294691000000, 
-0.7373766928913803, -0.5666993141172062, -0.17500961235193702, 294696000000, 
-0.6944056481458771, -0.8032690057643137, -0.17470502178532293, 294701000000, 
0.4228701080573869, -1.0666470303947515, -0.17485108389821719, 294706000000, 
0.6378107792753926, -1.277342541804149, -0.17462402519876397, 294711000000, 
0.698506996792788, -1.392257185559749, -0.1751853977975779, 294717000000, 
0.7416026287835471, -1.4924096252531132, -0.17582720327983192, 294722000000, 
0.7961502847658382, -1.5164654533681394, -0.17579839897712937, 294727000000, 
0.8163105141544873, -1.5387239271764728, -0.1767052651115342, 294732000000, 
0.783564946771626, -1.5980741724015346, -0.17657692727038077, 294737000000, 
0.7830708212855544, -1.6123416768524792, -0.17677192271819928, 294742000000, 
0.7730786176929598, -1.6045756334981245, -0.17731060270141683, 294747000000, 
0.7792328799318321, -1.617086050117484, -0.17737513586778186, 294752000000, 
0.7727788225780432, -1.5987984187294024, -0.1778064312313291, 294757000000, 
0.7379110212455573, -1.6375014497944942, -0.17822178731843183, 294762000000, 
0.7561646932466595, -1.6156881534734828, -0.17823075240318212, 294767000000, 
0.7211810245222545, -1.5986733816052647, -0.1791744697081047, 294772000000, 
0.7203814777500517, -1.6104174285855306, -0.17937188497175605, 294777000000, 
0.7540310967372934, -1.6133154952509934, -0.17938352034002564, 294782000000, 
0.7133228356756022, -1.605992818121623, -0.17947641277704485, 294787000000, 
0.7325487367112018, -1.625975529537238, -0.17985462680864991, 294792000000, 
0.6942328213593144, -1.616358789908277, -0.18006592948132713, 294797000000, 
0.7077039238765415, -1.60451056843326, -0.18060848629451665, 294802000000, 
0.699708478130632, -1.6105665973510497, -0.1807670974231629, 294807000000, 
0.6996746484355841, -1.6130531820493308, -0.18130717018835077, 294812000000, 
0.6420967237787849, -1.5898190047732854, -0.18178082818231683, 294817000000, 
0.6495618899691101, -1.6036938767430677, -0.1817894317801994, 294822000000, 
0.6018337591802543, -1.575898685857956, -0.1823035859379483, 294827000000, 
0.6422691606955957, -1.6113449957747212, -0.1822770889857574, 294832000000, 
0.6267430098818848, -1.5951908879068524, -0.18251120672536247, 294837000000, 
0.6469199122773591, -1.5659552617206087, -0.18322065084556863, 294842000000, 
0.6170218478288514, -1.5879573134350535, -0.18265382681223938, 294847000000, 
0.612212269250335, -1.5552045429935448, -0.18349239656890792, 294852000000, 
0.6274154956959181, -1.5824302647553314, -0.18391394906216577, 294857000000, 
0.6167433034623317, -1.560983834799921, -0.18379582416559714, 294862000000, 
0.5947950800571127, -1.5455050650348385, -0.18423902479395995, 294868000000, 
0.5625932273403649, -1.5244602175523467, -0.18453711670463907, 294873000000, 
0.5703252015914992, -1.559036085288827, -0.18457139130123712, 294878000000, 
0.5220621940100317, -1.5425738230923844, -0.1848877403049661, 294884000000, 
0.5809900410834763, -1.5531129865381104, -0.1855617272173405, 294889000000, 
0.5771172659387787, -1.565626400395321, -0.1852607613660711, 294894000000, 
0.49949574157502574, -1.5029617137530369, -0.18553678364221374, 294899000000, 
0.516950864818604, -1.5239302122667318, -0.18597406774405562, 294904000000, 
0.5098086978882953, -1.5136942950937475, -0.18611944132753214, 294909000000, 
0.4837845376217654, -1.5300765005310026, -0.18644722369960942, 294914000000, 
0.4887446894566859, -1.5034164925970608, -0.18670789884874586, 294919000000, 
0.4733916282688452, -1.4698842277228596, -0.1868101342902392, 294924000000, 
0.47013349986532976, -1.4892904783161511, -0.18665358426948384, 294929000000, 
0.47944607643442616, -1.482024956317024, -0.18723657958588186, 294934000000, 
0.4769930475314644, -1.4979514409062924, -0.18711453665472116, 294939000000, 
0.4836175210196002, -1.4812830569298792, -0.18761041433585826, 294944000000, 
0.4655028915418099, -1.47613421290683, -0.1877812974563899, 294949000000, 
0.45408024251645357, -1.436539917342112, -0.18798401531055117, 294954000000, 
0.4621685498965219, -1.459807962186017, -0.18794481564033697, 294959000000, 
0.422928569725856, -1.4396842248822317, -0.18834686504946618, 294964000000, 
0.3977962320912501, -1.4625631616479222, -0.18854625784270837, 294969000000, 
0.4381351957511235, -1.431924140128486, -0.1891289841412304, 294975000000, 
0.41451243263451376, -1.4347871997473312, -0.18902446864567407, 294982000000, 
0.38533020646394167, -1.4278218273439178, -0.18909285341460422, 294987000000, 
0.4226817399522478, -1.4254124663606091, -0.18930256483314403, 294992000000, 
0.37349874789525833, -1.4180575631591763, -0.1895358359199153, 294997000000, 
0.37857771421765063, -1.380257499242255, -0.18970745697869112, 295002000000, 
0.38172861807827757, -1.3735383216553514, -0.1899261719016775, 295007000000, 
0.3568655677291173, -1.3651441587122963, -0.19027472412269392, 295012000000, 
0.3323764855968952, -1.324468328451008, -0.18996806729443272, 295017000000, 
0.31297184873452316, -1.3502056628102637, -0.19044688892571823, 295022000000, 
0.374706260752242, -1.3474462606367659, -0.19050887587776114, 295027000000, 
0.31940751366589326, -1.3383142388772036, -0.1905273718835795, 295032000000, 
0.28036111166866473, -1.3062912280069194, -0.19094018437215998, 295037000000, 
0.34539687737910435, -1.299330436925538, -0.19112493231103136, 295042000000, 
0.3040223579389994, -1.2877703783743306, -0.19090834927682312, 295047000000, 
0.2937931437556371, -1.250621681153473, -0.19103126493969697, 295052000000, 
0.3030488347557093, -1.2771995761934156, -0.1917492550933053, 295057000000, 
0.28034044068777003, -1.2959433180409645, -0.1915989810870849, 295062000000, 
0.2747675560558539, -1.2408235324425578, -0.191664711881083, 295067000000, 
0.2933334874436711, -1.2172889448905948, -0.1917652812390922, 295073000000, 
0.26037038999243634, -1.2093825291860223, -0.1920487744050129, 295078000000, 
0.2607330618844436, -1.1945293838675566, -0.1924565385671453, 295083000000, 
0.25381260947197515, -1.1809546279425864, -0.1920939410612981, 295088000000, 
0.25768734934414383, -1.1788855465249009, -0.19212809546430346, 295093000000, 
0.22195599809942934, -1.1728224672258567, -0.19233420908118357, 295099000000, 
0.23326857007523696, -1.1460567601760943, -0.1924509405030472, 295104000000, 
0.2080151725137263, -1.1392775729398594, -0.19203023590072762, 295109000000, 
0.1920754053086025, -1.1028580934143566, -0.1922839578891933, 295114000000, 
0.18099714380447926, -1.1206435397740315, -0.19237332908702096, 295119000000, 
0.1966971547950211, -1.132103142893594, -0.19290105231102425, 295124000000, 
0.17725051611528964, -1.1232791996017917, -0.1924878243398419, 295129000000, 
0.19093823339924104, -1.0828131851312934, -0.19254905497894917, 295134000000, 
0.16279079754748457, -1.0593703233774219, -0.19281298751897713, 295139000000, 
0.1687509759103593, -1.044886660561349, -0.19280092755006487, 295144000000, 
0.17839291545796998, -1.0330316107128197, -0.19301305308584746, 295149000000, 
0.12190357340865603, -1.0428820007232789, -0.1930419098911934, 295154000000, 
0.1324350650962073, -1.0153807988144017, -0.19308652377976143, 295159000000, 
0.13537948063135186, -1.0095024894628422, -0.19332506806065153, 295164000000, 
0.1256981465729447, -0.9414379133666203, -0.19313064121234236, 295169000000, 
0.13533472348813305, -0.9733532981813267, -0.19324061210407836, 295174000000, 
0.10650450150495173, -0.9743662384773573, -0.1933026790786095, 295179000000, 
0.1080728416412452, -0.9183698492917023, -0.19340853573093325, 295185000000, 
0.09373289104607158, -0.8998744084257307, -0.19347013312709008, 295190000000, 
0.11474400821361008, -0.8731145109803544, -0.19345837916361208, 295195000000, 
0.06681774461080471, -0.9020311045329164, -0.19309417647107566, 295202000000, 
0.07172626237704428, -0.8397209659335662, -0.19341161929407696, 295207000000, 
0.06723701929244146, -0.8404464880400548, -0.19345348717488506, 295212000000, 
0.051627959004163365, -0.8131218909620829, -0.19326326896800144, 295217000000, 
0.043016959264951, -0.8137563509318058, -0.1933496021185605, 295223000000, 
0.046405132135618025, -0.7823890531294557, -0.1932980456702409, 295228000000, 
0.04400888222557962, -0.7546399595141707, -0.19368168446682263, 295233000000, 
0.04531771232016002, -0.7460562071431824, -0.19345228504411163, 295238000000, 
0.024142532857137678, -0.7321899423712432, -0.1932529084096718, 295243000000, 
-0.019499797870663638, -0.6891515964376407, -0.19339956209280978, 295249000000, 
0.005855320023778166, -0.6706928437608838, -0.1931152529410628, 295254000000, 
0.02216743918214474, -0.6683624792407018, -0.1937424299819195, 295259000000, 
0.01818874227227546, -0.6415396803164408, -0.19334829030572623, 295264000000, 
-0.0011690649847094278, -0.6410322692202945, -0.19324282345240856, 295269000000, 
-0.014522686802829298, -0.6227745900431029, -0.1933503094359997, 295274000000, 
-0.014431527056542813, -0.5628473546631162, -0.19300794643547664, 295279000000, 
-0.02777741008430337, -0.5740802132745582, -0.19318291994037312, 295284000000, 
-0.052056759190460156, -0.5564898412940565, -0.1935884410619747, 295289000000, 
-0.03249596815614611, -0.4972760664779737, -0.19285239658787856, 295294000000, 
-0.061976069815695076, -0.5060228345165358, -0.19300741124738585, 295299000000, 
-0.07362901409703106, -0.4894146777480824, -0.19311115865395845, 295304000000, 
-0.04720223977659968, -0.4581043040288203, -0.1930347435985297, 295309000000, 
-0.07490207485471598, -0.4270957494543624, -0.1932980304526028, 295314000000, 
-0.08979730828990365, -0.4198629248733178, -0.19323265485100818, 295319000000, 
-0.09232604287968538, -0.39356862821034866, -0.19325738795792993, 295324000000, 
-0.036583196023675026, -0.35885814403247374, -0.192712146233172, 295329000000, 
-0.102433420930389, -0.3306007791849706, -0.19302670689614265, 295335000000, 
-0.08972962660091457, -0.3212360135435204, -0.19287882190118194, 295340000000, 
-0.11981026736261513, -0.3147423265366899, -0.1926778355741186, 295346000000, 
-0.10058936633584822, -0.2901804467749736, -0.19237598007666554, 295351000000, 
-0.13806376174743407, -0.24599338458311262, -0.19251306776164046, 295356000000, 
2.0311196640268685, -0.19949880961430488, -0.18337587671652295, 295361000000, 
1.2417230984997585, -0.2642220870276456, -0.15926894420459056, 295366000000, 
-0.4868318734326065, -0.2778331529875074, -0.12441341851631744, 295371000000, 
-0.294912513656862, -0.17740408290529291, -0.08375098374817595, 295376000000, 
-0.2167803977767463, -0.0968399997962819, -0.040663461879498944, 295381000000, 
-0.18865715894319907, -0.07973213603679485, 0.0020160719015630863, 295386000000, 
-0.1955397979184256, -0.015010481597524904, 0.04129590411607379, 295391000000, 
-0.2267232687941082, -0.01123179674687549, 0.07588299398017358, 295396000000, 
-0.2653200759398332, 0.008796735187179668, 0.09775162766409182, 295401000000, 
-0.2636108087563891, 0.06774847264608687, 0.12856833722677086, 295408000000, 
-0.22108553592845473, 0.09409071883582695, 0.1331578948139953, 295413000000, 
-0.19653362505679878, 0.07577660915923912, 0.13102181442580046, 295418000000, 
-0.40206418608671446, 0.17355343769564283, 0.12381900334609638, 295423000000, 
-0.3678497326428357, 0.1779216325095748, 0.11543234931219573, 295428000000, 
-0.26716140212856665, 0.15076471975142772, 0.10899356701257783, 295434000000, 
-0.5831765939228433, 0.18141207648482363, 0.09928596237279375, 295439000000, 
-1.1426102400441416, 0.14008832494951315, 0.09684636161363062, 295444000000, 
0.03676315723950986, 0.2075744040704667, 0.09646547761322649, 295450000000, 
-0.15321343693393882, 0.22412518281797814, 0.09636982351238567, 295455000000, 
-0.21437721211492897, 0.2734916186870781, 0.09645593338454007, 295460000000, 
-0.2487598229979898, 0.26529104797870484, 0.09595894107933707, 295465000000, 
-0.251014586122601, 0.29553381492305353, 0.0962190750999343, 295470000000, 
-0.2716817997651298, 0.31530256726718264, 0.09569117594523154, 295475000000, 
-0.28070468109648283, 0.32586629049588056, 0.09549304691551254, 295480000000, 
-0.2590284795614727, 0.3384196086449089, 0.09526835252768988, 295485000000, 
-0.3214500439848125, 0.35481511527235066, 0.09498479107782519, 295490000000, 
-0.30583368239263675, 0.4026721520815516, 0.0952757227230168, 295495000000, 
-0.32533985490602035, 0.4181688959833454, 0.09476129874636509, 295500000000, 
-0.28786139989134174, 0.4123348048783412, 0.094713467332204, 295505000000, 
-0.3303711049400839, 0.4763948061457769, 0.09431844467447041, 295510000000, 
-0.33310328712120524, 0.44237119593830226, 0.09426270155599975, 295515000000, 
-0.32108961543146974, 0.48858665223460346, 0.09400337527643893, 295520000000, 
-0.36765798615192996, 0.4899115915978653, 0.09398099602529965, 295525000000, 
-0.34765742405000455, 0.501025847111783, 0.09336877953853152, 295530000000, 
-0.3732177539976936, 0.5620888116024252, 0.09324409871984367, 295535000000, 
-0.35072563882661517, 0.5690659233301535, 0.09326727681199108, 295542000000, 
-0.3908020201077217, 0.5375966984715745, 0.09270972479660573, 295547000000, 
-0.3941170468619437, 0.6053371702279049, 0.09258805893450775, 295552000000, 
-0.4047386108578915, 0.60818464363896, 0.09244342754689504, 295557000000, 
-0.35410681315087794, 0.6340904001205462, 0.09253644335250086, 295562000000, 
-0.38725222998483566, 0.6011661614888382, 0.09197982682112522, 295567000000, 
-0.37606772808521355, 0.6454382797747531, 0.09153895965432478, 295572000000, 
-0.39638974497686985, 0.6307976081228044, 0.09155833178246758, 295577000000, 
-0.4244236635945664, 0.7048255760730607, 0.09149570720749221, 295582000000, 
-0.39143648388881824, 0.7095884338369274, 0.09120024828442953, 295587000000, 
-0.43583199276970697, 0.6973581857420414, 0.09095174284341764, 295592000000, 
-0.44039769169301485, 0.7223094425393477, 0.0907738231050109, 295597000000, 
-0.44045591546698987, 0.7667294962239428, 0.0902445956538497, 295602000000, 
-0.41664399217133524, 0.7340075721169914, 0.09052277089940049, 295607000000, 
-0.4789720619012741, 0.7604647088152023, 0.09037238147494484, 295612000000, 
-0.44937662492642894, 0.7831281247777702, 0.08959560391479265, 295617000000, 
-0.4105474578795921, 0.7865419895507614, 0.08967616293597684, 295622000000, 
-0.45457961253140317, 0.8088159187344053, 0.08939738079678114, 295627000000, 
-0.47621346195855974, 0.8080503484884736, 0.08926975898599768, 295632000000, 
-0.45947917550745415, 0.8455785980439773, 0.08898195461740627, 295637000000, 
-0.481241600486402, 0.8134839563287197, 0.08889907926863795, 295642000000, 
-0.4684553093897483, 0.8512205182401754, 0.08867313254099608, 295647000000, 
-0.5065689912841044, 0.8559996050520385, 0.08847706860170276, 295652000000, 
-0.47609361747315015, 0.8392467821283214, 0.08812035626615833, 295657000000, 
-0.484065096032549, 0.869338138975549, 0.0879513263943445, 295662000000, 
-0.522191668621709, 0.8908298705228502, 0.08791554021577941, 295667000000, 
-0.5010396410405997, 0.9155250564870182, 0.0874693402366943, 295672000000, 
-0.5108634402945917, 0.9207196535495196, 0.0873193245456116, 295677000000, 
-0.525468004600413, 0.9455728692555775, 0.08690635308312485, 295682000000, 
-0.5290205547562001, 0.9501917518883085, 0.0870930627549529, 295687000000, 
-0.5162287494616448, 0.9760762376319279, 0.08653998462676699, 295692000000, 
-0.5111277257437609, 0.947297500506281, 0.0861836567482092, 295697000000, 
-0.5582287138766991, 0.9693768635198312, 0.08616144861863603, 295702000000, 
-0.5506847983864416, 0.9767987469664393, 0.08585830848761165, 295707000000, 
-0.5469382659684305, 0.9606825489601032, 0.0859022230389948, 295712000000, 
-0.5813027370394389, 1.0022428728164616, 0.08554400010850692, 295717000000, 
-0.5510851831784486, 1.0298496785537448, 0.08541644833012232, 295722000000, 
-0.5667403078833158, 1.042274819865626, 0.08492911350963779, 295727000000, 
-0.5590990922907048, 1.0110145929523635, 0.0844932986130975, 295732000000, 
-0.5603143548749414, 1.0254447044501231, 0.08422401946104771, 295737000000, 
-0.5964040611465844, 1.059908931256776, 0.08425642926412036, 295742000000, 
-0.5855529280500312, 1.0535551303889028, 0.0836441708648401, 295747000000, 
-0.6022541304496661, 1.064521389122144, 0.08374562827733889, 295752000000, 
-0.619848240809789, 1.0597899319868165, 0.08358097874088599, 295757000000, 
-0.5568643680034224, 1.089806309984722, 0.08314938285530302, 295762000000, 
-0.6127307723619908, 1.071191329551068, 0.08289317054503756, 295767000000, 
-0.6088646694473684, 1.0968346225453929, 0.08242784473311067, 295772000000, 
-0.5972904387658343, 1.1111850612886838, 0.08227962432713781, 295777000000, 
-0.6236178714049161, 1.0904058944293789, 0.08218434471990643, 295782000000, 
-0.6404482446104881, 1.110899890679154, 0.08216739538054253, 295787000000, 
-0.6301108904101614, 1.0890429415600766, 0.08145805283978814, 295792000000, 
-0.6405147721116178, 1.1073647889466298, 0.08162142566974206, 295797000000, 
-0.6467035904346633, 1.1245069482452816, 0.08106936107161584, 295802000000, 
-0.6763130169783889, 1.1135272081934349, 0.08106059855352479, 295807000000, 
-0.6505209397257922, 1.1361622701185918, 0.08101780453540482, 295812000000, 
-0.6646490515383864, 1.1174032194614283, 0.08062034309591279, 295817000000, 
-0.6601062192781252, 1.1484868053729604, 0.08010779537013096, 295822000000, 
-0.6595714743695156, 1.149183337706179, 0.07985311615347426, 295827000000, 
-0.6310551655345513, 1.1657377777994389, 0.079792591950617, 295832000000, 
-0.6788640101061243, 1.1274224637666475, 0.07929524287117887, 295837000000, 
-0.6703724096607363, 1.1713143890099702, 0.07929770877972188, 295842000000, 
-0.6920481733013368, 1.1467256755400677, 0.07864857641890703, 295847000000, 
-0.6584468263407466, 1.202686782876885, 0.07843108400591017, 295852000000, 
-0.7072247098598354, 1.2037233646287853, 0.07843939537340536, 295857000000, 
-0.6924634167034291, 1.1669894012773365, 0.07794294519801863, 295862000000, 
-0.6858448005215284, 1.1537366935257392, 0.07752793622731106, 295867000000, 
-0.6875006883821289, 1.1836920355771339, 0.07762217611774026, 295872000000, 
-0.7189527045098075, 1.174371316587605, 0.07697588961817496, 295877000000, 
-0.6665415312814617, 1.2100935102556765, 0.07676874066682521, 295882000000, 
-0.6712462289070147, 1.1766619518708672, 0.0769614178722563, 295887000000, 
-0.6969466788465704, 1.2143931814400606, 0.07634255296799805, 295892000000, 
-0.6924393939887779, 1.199556926080192, 0.07640369096685057, 295897000000, 
-0.7130281891360346, 1.21058650256071, 0.07633217776664696, 295902000000, 
-0.7406779858817537, 1.207875299735501, 0.07589877737772538, 295907000000, 
-0.7460218206334917, 1.2002305367279693, 0.07531865692364398, 295912000000, 
-0.7227757436968558, 1.2170350048230458, 0.07535294820453046, 295917000000, 
-0.7139587886613656, 1.1906578145888895, 0.07447839518488505, 295923000000, 
-0.7479379225300299, 1.224657965841231, 0.07431674420904918, 295928000000, 
-0.7596569638360324, 1.1839055353836996, 0.07404050946274518, 295933000000, 
-0.7209014124640096, 1.1860476225562924, 0.07385437866753994, 295938000000, 
-0.7372874207078801, 1.223142116655666, 0.07362716150125255, 295943000000, 
-0.7617168283822555, 1.2100854738226383, 0.0735614945611307, 295948000000, 
-0.7396777729507464, 1.1712025571650646, 0.07268653179014926, 295953000000, 
-0.7406534630926777, 1.2319323813299845, 0.07288590823728518, 295958000000, 
-0.734474230242444, 1.2347228577714235, 0.07246583124547842, 295963000000, 
-0.7801273181350921, 1.2196973071843535, 0.07242331784514246, 295968000000, 
-0.7755046119162909, 1.223775189391275, 0.07188624114543876, 295973000000, 
-0.7514609702203857, 1.19595758150631, 0.07163634543286844, 295978000000, 
-0.7801415708513042, 1.2217547710648093, 0.07121261226266601, 295983000000, 
-0.7639251241490069, 1.1896416712044453, 0.07079156967152923, 295988000000, 
-0.7802287740247176, 1.2190122980115206, 0.07064273519429423, 295993000000, 
-0.7901323888402906, 1.2028514439770763, 0.07036210019534483, 295998000000, 
-0.7822256975281643, 1.1501864638806727, 0.06986166061058478, 296003000000, 
-0.7670004345583736, 1.1728891298700967, 0.06952292095641141, 296008000000, 
-0.8134596068689754, 1.1710577006220624, 0.06948124148616099, 296013000000, 
-0.8201896654425704, 1.1882563365292418, 0.06908670454153842, 296018000000, 
-0.7910181369026247, 1.2181750479671773, 0.06863767788805254, 296023000000, 
-0.7751910274778805, 1.1834414528856498, 0.06868594825582189, 296028000000, 
-0.8063464799228924, 1.1921308049243142, 0.06832877769346507, 296033000000, 
-0.7821467512243911, 1.215466899524236, 0.06792183280799886, 296038000000, 
-0.8468240816189002, 1.205486900853538, 0.0677056001786506, 296043000000, 
-0.8084257826373683, 1.1587475254054767, 0.06721136389197002, 296048000000, 
-0.7850490275821679, 1.1607839769196493, 0.06705458238386977, 296053000000, 
-0.8257944352202997, 1.1150888949022804, 0.0667545137942776, 296058000000, 
-0.8094326581921364, 1.1249696648391365, 0.06637301375709086, 296063000000, 
-0.8332806072816595, 1.1500342272526458, 0.06602777407959322, 296068000000, 
-0.8443286333897747, 1.1472708443604094, 0.06592516420505953, 296073000000, 
-0.8530695952470906, 1.1391447347414134, 0.06519738584963974, 296078000000, 
-0.799920273535714, 1.1208724784126325, 0.06491130091175498, 296083000000, 
-0.8400325295802173, 1.1383274944753188, 0.06501404131242648, 296088000000, 
-0.8695199918246476, 1.1358255198498621, 0.06429375118016152, 296093000000, 
-0.831781771159104, 1.0976835223399735, 0.06413719572613186, 296098000000, 
-0.8647515664208392, 1.1166684128207869, 0.0635570561725684, 296103000000, 
-0.8351205764255634, 1.1199252139771227, 0.06370978149971349, 296108000000, 
-0.8752125474152197, 1.1255366969778606, 0.06338318056061143, 296113000000, 
-0.8266774793819726, 1.0925787017602482, 0.0627408080745534, 296119000000, 
-0.8751951237688687, 1.0821258787969157, 0.06241420399342304, 296124000000, 
-0.8212451184182881, 1.0860407028688173, 0.06209876400359451, 296129000000, 
-0.876219034158444, 1.0943020849918927, 0.06131581706209707, 296134000000, 
-0.8771341256867076, 1.0694866419370452, 0.06156916624440235, 296139000000, 
-0.889990584107952, 1.0624517827926403, 0.06074202908047751, 296144000000, 
-0.8986600369635152, 1.0579149246022153, 0.06104254895887558, 296149000000, 
-0.8888594139309391, 1.035890813966815, 0.0603867019759435, 296154000000, 
-0.8610417397033382, 1.040752856896793, 0.05982967497541183, 296159000000, 
-0.8923315141067453, 1.0450308193406246, 0.05971415824492339, 296164000000, 
-0.9143678040857148, 1.0128732550776334, 0.05937789287494288, 296169000000, 
-0.8881691426040736, 1.014270842597655, 0.05938635290315078, 296174000000, 
-0.8758501536183765, 1.0334656907522946, 0.05919311884223208, 296179000000, 
-0.9154003833940714, 1.0091648433218694, 0.05824089243285528, 296186000000, 
-0.9053869924912435, 0.9969843043589778, 0.05779241945407117, 296191000000, 
-0.9170481632739644, 0.9927251580093718, 0.05743357979541278, 296196000000, 
-0.8978168414865617, 0.9258116020659366, 0.057486957572383736, 296201000000, 
-0.9267381725626287, 0.9718196063334626, 0.05664757007245728, 296208000000, 
-0.9306960875018979, 0.9432973830661378, 0.05617234120718276, 296214000000, 
-0.906170932372013, 0.9228374229641937, 0.05576699824435029, 296219000000, 
-0.9217282586800766, 0.8939564032702774, 0.05566648800630305, 296224000000, 
-0.9196057599861226, 0.9240313825965963, 0.05542585854199533, 296229000000, 
-0.9094310076484047, 0.8976548016623107, 0.05470176825091281, 296234000000, 
-0.9232392808383136, 0.8942889562038924, 0.05469525345832435, 296239000000, 
-0.9111383218785143, 0.885633174179901, 0.054442001398873084, 296244000000, 
-0.9158714842737371, 0.8649808976873155, 0.05392552889050279, 296249000000, 
-0.9254050142699393, 0.8289100106735531, 0.05392800280334578, 296254000000, 
-0.9348630857933192, 0.8215784864109936, 0.052989199635168384, 296259000000, 
-0.9279242607515589, 0.8334882164727445, 0.05271154290819438, 296264000000, 
-0.9388174019194592, 0.8211264076279572, 0.0523199844397243, 296269000000, 
-0.9330950988245847, 0.807367353868623, 0.05198033242659917, 296274000000, 
-0.9359799113783921, 0.7804293664172015, 0.05122220397512552, 296279000000, 
-0.970908058337971, 0.7676246114624002, 0.0508617429355731, 296284000000, 
-0.9392333979032852, 0.772802457237279, 0.050803028159796676, 296289000000, 
-0.9302954914854401, 0.7092497176386324, 0.05021017300873645, 296294000000, 
-0.9698182886251497, 0.7297668425751128, 0.05007482785672761, 296299000000, 
-0.9946993563397568, 0.7079240347213344, 0.04978256144296347, 296304000000, 
-0.9592634316404519, 0.6890708178848519, 0.04899768245677075, 296309000000, 
-0.976994697701197, 0.6591391104544493, 0.04889112734966989, 296314000000, 
-0.9097991634991303, 0.6711884869511222, 0.04840606052902346, 296319000000, 
-0.9427411639775034, 0.6716570415064086, 0.0479913504060681, 296324000000, 
-0.9380696652291319, 0.653003771827636, 0.04790240313413385, 296329000000, 
-0.9795411418101335, 0.6258081083687657, 0.046742215289063256, 296334000000, 
-0.9539638123132688, 0.6121365977372131, 0.04699798961303737, 296339000000, 
-1.0026311267037116, 0.5957903145840485, 0.046781315185051325, 296344000000, 
-0.946101251443043, 0.581873106043852, 0.04592400081645926, 296349000000, 
-0.968643922258612, 0.5701312829527515, 0.04558592350985699, 296354000000, 
-0.9905952458469801, 0.5552205172726128, 0.04518043941954731, 296360000000, 
-0.9777151846591008, 0.5179117284217312, 0.0445999795323513, 296365000000, 
-0.9929372304955704, 0.4866942778864002, 0.04422660268570944, 296370000000, 
-0.9824975773370638, 0.5064571293276785, 0.043826811959027066, 296375000000, 
-0.9970238118531323, 0.47319519950442557, 0.04350353952616816, 296380000000, 
-0.9726271669642618, 0.46998934074852605, 0.042915170696843516, 296385000000, 
-0.9927824105511432, 0.42903473985595325, 0.042644504279664944, 296390000000, 
-0.9723985846141593, 0.4189286088703471, 0.0422438415876188, 296395000000, 
-0.9978063034667326, 0.41823215984049106, 0.04123732452666916, 296401000000, 
-1.0119210087542578, 0.3830068369600769, 0.04143833271415253, 296406000000, 
-0.9991849674892915, 0.37015139842440525, 0.04125417232214344, 296411000000, 
-0.9932560364220828, 0.359830520187694, 0.040555580234099, 296416000000, 
-0.9846713584972732, 0.3229175994569836, 0.040281984454894344, 296421000000, 
-0.9684921179903478, 0.31561438484747195, 0.03983022592354135, 296426000000, 
-1.0393268307418608, 0.30259791541137065, 0.03921991264757601, 296431000000, 
-0.9957062301098493, 0.26411370120879546, 0.03924084648060746, 296436000000, 
-1.0072934800653923, 0.2581078064505751, 0.03824530277590674, 296442000000, 
-0.9909586282368715, 0.21756646590835496, 0.03791923455339148, 296447000000, 
-0.37028841881845614, 0.15985300502146702, 0.03639292301950239, 296452000000, 
-1.3618328522204988, 0.2714686677845739, 0.030154644190358744, 296457000000, 
-0.9138032796985249, 0.18509869020385103, 0.02068857895607026, 296462000000, 
-1.5372078887008624, 0.1960904097901618, 0.002283768819910671, 296467000000, 
-1.2356937469653972, 0.14174288535216498, -0.014978443784704337, 296472000000, 
-1.0920114469618893, 0.09205099514553061, -0.03232368972520851, 296477000000, 
-1.0723535563139464, 0.09622603579848145, -0.049090653162919336, 296482000000, 
-1.0737759382074312, 0.06326235742706564, -0.06617300928865585, 296488000000, 
-1.0436847709040324, -0.0030407456896888035, -0.0771073737466415, 296493000000, 
-1.0180566671800535, -0.028711229098001806, -0.08517985098100571, 296498000000, 
-1.0636229353250293, -0.05956393503274855, -0.0897248769688523, 296503000000, 
-1.0679581076424816, -0.054867221440371226, -0.08948054728172226, 296508000000, 
-1.0742506479238831, -0.04770649707138559, -0.0865964578514949, 296513000000, 
-1.0469819198243384, -0.08280070895999478, -0.08080868228444972, 296518000000, 
-1.01162112805184, -0.10928332682547726, -0.07343588958608609, 296523000000, 
-1.1636190349736177, -0.19191404574711873, -0.06789293281012913, 296528000000, 
-0.9801997574444062, -0.13853908036842177, -0.06437654019837567, 296534000000, 
-1.0074115380470678, -0.10077401980616607, -0.061654056532241194, 296539000000, 
-1.0878875970628379, -0.12035741875578737, -0.05966518986773064, 296544000000, 
-1.0741962886268146, -0.11069877273375231, -0.05867674574477785, 296549000000, 
-0.785958528686464, -0.16261497725323265, -0.05804188914897977, 296554000000, 
-0.8850648428382536, -0.18395934848572126, -0.05796880616579436, 296559000000, 
-0.9320161278566219, -0.21933382237996796, -0.05703820411541439, 296564000000, 
-0.9739065478084458, -0.21093154590483013, -0.05669476606770237, 296569000000, 
-1.0497648908747295, -0.24514489249113394, -0.05632037388484536, 296574000000, 
-1.0121656363106724, -0.3067050036435835, -0.055727212862070434, 296579000000, 
-1.0367131242501626, -0.2605081081746791, -0.05529223907103609, 296584000000, 
-1.0251521609043406, -0.301652334730611, -0.055023702357932, 296589000000, 
-1.0428460091006861, -0.33828148827051263, -0.05444052034991995, 296594000000, 
-1.0113523072135615, -0.330502889835196, -0.05390387866553161, 296601000000, 
-1.0630326867513773, -0.3266861191512267, -0.0533600515148013, 296606000000, 
-1.0475714333560975, -0.37762049368408274, -0.052708726413376816, 296611000000, 
-1.0485060361471137, -0.3654608299015825, -0.05254545110858601, 296616000000, 
-1.0386964217734662, -0.4250284149887666, -0.051812586223652854, 296621000000, 
-0.9994838829361431, -0.4363756188697146, -0.05101170026574275, 296627000000, 
-1.0625308406354768, -0.4013781670591025, -0.05098908716721522, 296632000000, 
-1.0351706333704573, -0.44762331195223604, -0.050168756372063326, 296637000000, 
-1.0618870162292924, -0.4841320035296641, -0.049621745348630925, 296642000000, 
-1.0420449567409507, -0.47341455824435913, -0.04936529679710299, 296647000000, 
-1.0690314192682295, -0.4600974924881165, -0.04961804162434191, 296652000000, 
-1.031733329121134, -0.5033504225417867, -0.047949405487134826, 296657000000, 
-1.0512982196447487, -0.5373166004961959, -0.04802862168708364, 296662000000, 
-1.0791558235062129, -0.5446802983939785, -0.04742089356921372, 296667000000, 
-1.0392402903434315, -0.5552449069726194, -0.046812855225291584, 296672000000, 
-1.0557640170539218, -0.5410934503650232, -0.046525908659475826, 296677000000, 
-1.0615739360172738, -0.5744904366831322, -0.0459324516943304, 296682000000, 
-1.0571284781226227, -0.575396854675812, -0.04566061593048989, 296687000000, 
-1.0578346766592177, -0.5637468796602573, -0.04518357989314888, 296692000000, 
-1.071658416551989, -0.5996944821296321, -0.04445349824361143, 296697000000, 
-1.040421119792388, -0.6052104489988702, -0.044018240708466, 296702000000, 
-1.0442195568098298, -0.6186815354444499, -0.04336252977022485, 296707000000, 
-1.0558488240120278, -0.6012426168807491, -0.04335056947703018, 296712000000, 
-1.0671876016754909, -0.6269266617288081, -0.04250673345945596, 296717000000, 
-1.0333973135712913, -0.6656111101188623, -0.04207048004143264, 296722000000, 
-1.0531920883335657, -0.6579560933646832, -0.04144990198894437, 296727000000, 
-1.0463675466016447, -0.6809005715710443, -0.04129044824526984, 296733000000, 
-1.030760448579501, -0.6998452121965123, -0.04061966568343643, 296738000000, 
-1.0208053670829176, -0.6936051949687566, -0.04027320693963252, 296743000000, 
-1.0516181422232358, -0.6813766501141238, -0.0400654692692282, 296748000000, 
-1.0559622426601682, -0.7228465367563586, -0.040051656444695924, 296753000000, 
-1.0464680977436123, -0.7545230706299971, -0.0388801431430264, 296758000000, 
-1.0526859756001734, -0.6989703068936604, -0.0384769655498351, 296763000000, 
-1.0346023544013532, -0.7368020025422013, -0.038198759453593495, 296768000000, 
-1.040193274543143, -0.7576201986304775, -0.03768283799431817, 296773000000, 
-1.0679047651141091, -0.7559981402866632, -0.036967694319281895, 296778000000, 
-1.0186755507840177, -0.7485816398605262, -0.03682960003309945, 296783000000, 
-1.0200134734789015, -0.7762138340513779, -0.036364684756286444, 296788000000, 
-1.0215999776511089, -0.774628494056852, -0.0363282657625734, 296793000000, 
-1.0522181298814421, -0.8036412374403713, -0.03510903953328324, 296798000000, 
-1.061934441355084, -0.7800355464771452, -0.03536186015062724, 296803000000, 
-1.0527955721674414, -0.8193880760546428, -0.034308013255319146, 296808000000, 
-1.0366968212555947, -0.8279761639002376, -0.03418362781626964, 296813000000, 
-1.0449385996277274, -0.7967299304228673, -0.033645774547518534, 296819000000, 
-1.059302482731751, -0.8228773122625055, -0.033163329835259055, 296824000000, 
-1.0751706345812735, -0.8352664401174036, -0.03276363318813335, 296829000000, 
-1.0601842699761348, -0.7964826942968857, -0.03245167216184864, 296834000000, 
-1.0332732161901848, -0.8402667539675078, -0.03190944986999513, 296839000000, 
-1.06499130035299, -0.8511267545367217, -0.031069755056675703, 296844000000, 
-1.0800659133828678, -0.8649708409594401, -0.031033892660390982, 296849000000, 
-1.058087649449753, -0.8485442973521016, -0.03048925363130956, 296854000000, 
-1.0369937285304291, -0.8455883780620791, -0.03013054130232878, 296859000000, 
-1.0351363642669318, -0.8729689852878539, -0.029924718208419583, 296864000000, 
-1.0655822068614502, -0.8796404141178402, -0.029281611205537898, 296869000000, 
-1.048340140190121, -0.8966091869307117, -0.02910635819366101, 296874000000, 
-1.0399000581947409, -0.8572067208065897, -0.028279451674524378, 296879000000, 
-1.031104129569404, -0.8595022609828987, -0.028577968841491642, 296884000000, 
-1.004725244536879, -0.8784485028522083, -0.027523157920772208, 296889000000, 
-1.0510427504047286, -0.8914781774419319, -0.027490949646295084, 296894000000, 
-1.0272476792942122, -0.8601810295833224, -0.026830820341978683, 296899000000, 
-1.0285010192641613, -0.848867042190979, -0.026380346541722197, 296904000000, 
-1.0424407176747474, -0.8927823346929962, -0.02571880223708585, 296909000000, 
-1.0222930997861783, -0.8664129500127798, -0.025347217382306688, 296914000000, 
-1.0144219028928376, -0.8740586123479968, -0.0251767245362524, 296919000000, 
-1.0323710426304975, -0.874615513882087, -0.024491183625782426, 296924000000, 
-1.0356951237915715, -0.9043676762251921, -0.02460086019351416, 296929000000, 
-1.043746459851803, -0.8856278984574362, -0.024161035413975147, 296934000000, 
-1.046109931864111, -0.8895171144826807, -0.023647326856165482, 296939000000, 
-1.009595104434144, -0.8773131960580944, -0.022583031616067575, 296944000000, 
-1.053191643476181, -0.9003315278379141, -0.0226331479472045, 296949000000, 
-1.0389736341907907, -0.909940629631469, -0.022332316496269763, 296954000000, 
-1.0278136708408483, -0.9173861047636944, -0.02187068493591338, 296960000000, 
-1.0108077356670782, -0.9173256622537707, -0.021528445060171545, 296965000000, 
-1.0296467113431653, -0.9014013202298857, -0.021277179413421356, 296970000000, 
-1.0646560069266113, -0.9118027545800336, -0.020588662373905987, 296975000000, 
-1.0327975677028909, -0.8746449949950937, -0.020088473617085552, 296980000000, 
-1.007833265363184, -0.9059380009849293, -0.019937060516737583, 296985000000, 
-1.0066658383928684, -0.8712720817062456, -0.01913149809383032, 296990000000, 
-1.0313159036961492, -0.9364592397668647, -0.018951268690166917, 296995000000, 
-1.0114710166415533, -0.9258522441793045, -0.018551832213458047, 297001000000, 
-1.015257972954576, -0.9185276856916591, -0.017841598808553086, 297006000000, 
-1.027872858144963, -0.8975284076678091, -0.017620035617494045, 297012000000, 
-1.024825564297501, -0.8822598304544095, -0.016612684920732958, 297018000000, 
-1.006856316244041, -0.8939653087970438, -0.016912767599597117, 297023000000, 
-1.0100613277084067, -0.8703639376106793, -0.015938280296510864, 297028000000, 
-1.021394481200729, -0.8825985895833559, -0.016101454118874314, 297033000000, 
-1.0234884552896357, -0.9095279988603278, -0.015961862373457158, 297038000000, 
-1.0013750769553633, -0.8844624023670277, -0.01552387164154763, 297043000000, 
-1.021771401627308, -0.8862844072741348, -0.014560177804748787, 297048000000, 
-1.0114445824225038, -0.9053236207672049, -0.014217692399834175, 297053000000, 
-1.0268893489165005, -0.86788870723982, -0.014352832984342423, 297058000000, 
-0.9986447350602519, -0.8870592347788062, -0.013711657661950339, 297063000000, 
-1.0129315807665256, -0.8872087712279407, -0.012958798608611566, 297069000000, 
-1.014312471868183, -0.8542534557515139, -0.012532715957595189, 297074000000, 
-0.9825991814026928, -0.8712425896706936, -0.012361997064972567, 297079000000, 
-1.016979737886183, -0.8504954688814649, -0.011698657921456341, 297084000000, 
-1.0065425422989611, -0.8509771047352268, -0.011315517151202428, 297089000000, 
-0.9791037699643217, -0.8386488373303076, -0.01127871508653192, 297094000000, 
-0.9681816844220014, -0.8715997466778062, -0.010462388429687662, 297101000000, 
-0.9843270547949688, -0.8456553867730965, -0.010434201480426371, 297106000000, 
-1.0003816846129423, -0.8440286246271854, -0.009822542753282714, 297111000000, 
-0.9682638818538916, -0.8370156838122499, -0.009434875339538278, 297116000000, 
-1.0097344910076724, -0.7954710179923995, -0.008925282905251315, 297121000000, 
-0.9953052158426308, -0.7919855317531904, -0.00875449782802301, 297126000000, 
-1.00003756557655, -0.8090559874246256, -0.008234708528518594, 297131000000, 
-1.005637632495026, -0.8028589364837485, -0.00804608945862619, 297136000000, 
-0.9836296963873268, -0.7880760121784478, -0.007678621703061292, 297141000000, 
-0.9895979394876556, -0.762496032463344, -0.007494175432020489, 297146000000, 
-0.9814870556316226, -0.7609032959282616, -0.006509156916868896, 297151000000, 
-0.9597936856709118, -0.7477495878576815, -0.006259661253345973, 297156000000, 
-0.9442539899135678, -0.7910675350930112, -0.0062977455487006695, 297161000000, 
-0.9757708822425492, -0.7919289756956358, -0.005478640165883142, 297166000000, 
-1.0008155516988961, -0.7440415882163623, -0.005590824640090533, 297171000000, 
-0.9721639227855561, -0.7291353337069512, -0.005009080459910103, 297176000000, 
-0.9579249819986134, -0.7252735864766224, -0.00470155470106181, 297181000000, 
-0.9605301397010962, -0.7105646133943383, -0.004029296216283994, 297186000000, 
-0.9584197582985878, -0.7193598320580075, -0.0040038661823293825, 297191000000, 
-0.9587587214328451, -0.7125540811520896, -0.0033237292187544864, 297196000000, 
-0.9641324814145832, -0.6987211886707796, -0.0032817507777011543, 297201000000, 
-0.9487858388189131, -0.6692793102066694, -0.0025640260245722002, 297206000000, 
-0.963460828191861, -0.6634952064974281, -0.002475284609859491, 297211000000, 
-0.9625231670801679, -0.6538101568537936, -0.0018865616106193538, 297216000000, 
-0.9463057388310787, -0.6418400681630166, -0.0015168650964061652, 297221000000, 
-0.9531828697612901, -0.6641917336560917, -0.001199981786763303, 297226000000, 
-0.9687687330274319, -0.6361471779641634, -0.0006191877590887121, 297231000000, 
-0.9366909826931643, -0.6065831804845012, -0.0006190390777700022, 297236000000, 
-0.915641226717604, -0.6230815496382935, -0.0006326077990991182, 297241000000, 
-0.9090360833469918, -0.582290505439906, 0.0002734682376663928, 297246000000, 
-0.9294131956090054, -0.6025842739456705, 0.00067971278402286, 297251000000, 
-0.9212608464270325, -0.5632902975533232, 0.0010135636744962669, 297257000000, 
-0.927202334409846, -0.5704504735287493, 0.0014257026177744003, 297262000000, 
-0.9335538201658887, -0.5859852481424076, 0.001605074485720056, 297269000000, 
-0.920679046846675, -0.5225148415010626, 0.00218605420623378, 297274000000, 
-0.932289479520398, -0.5439456725228076, 0.0027825121011669394, 297279000000, 
-0.9171673884913889, -0.5010444541296619, 0.0030434921604671613, 297284000000, 
-0.9090848519619862, -0.49228736184786737, 0.0037072112386293196, 297290000000, 
-0.9349760357498924, -0.489175397852705, 0.0038908849897226335, 297295000000, 
-0.8990520326414987, -0.4670725575981771, 0.004080883601930042, 297300000000, 
-0.9368763315091383, -0.42107310075253906, 0.004326874733054705, 297305000000, 
-0.9100015919104093, -0.43128519401963133, 0.004970269365089061, 297310000000, 
-0.9003688525816055, -0.424088938927059, 0.005275094300105333, 297315000000, 
-0.9043615325855145, -0.4031073146256988, 0.005802486547368463, 297320000000, 
-0.8863953906077795, -0.4151084907368075, 0.005760156220837833, 297325000000, 
-0.9001209962595226, -0.3903445242969531, 0.006023661379858616, 297330000000, 
-0.8836726110474448, -0.353797422423366, 0.006655512899032367, 297335000000, 
-0.8771451259139248, -0.36036315425025983, 0.007059498855059062, 297341000000, 
-0.875384341603836, -0.3603834885596562, 0.0077284358214261325, 297346000000, 
-0.8841596746425004, -0.3108742559669111, 0.0072647049925667175, 297351000000, 
-0.857125746955784, -0.33560518475957135, 0.008148300259859737, 297356000000, 
-0.8605716846349745, -0.3170039935543647, 0.008027945331688217, 297361000000, 
-0.8919449001177954, -0.27107175795976524, 0.008729387932303444, 297366000000, 
-0.8752543684373519, -0.2882178250235132, 0.009080627252565119, 297371000000, 
-0.9053853596609978, -0.26895670255003645, 0.00930313436345934, 297376000000, 
-0.8604627731150425, -0.23193227127456015, 0.010221763145608425, 297381000000, 
-0.8606069152189538, -0.19499774581971963, 0.010020190971469146, 297386000000, 
-0.8003044190650236, -0.14126699475426505, 0.01102843158670369, 297391000000, 
-1.1730501407593987, -0.21616455508687266, 0.012350169319561078, 297396000000, 
-1.2167409233451632, -0.17281532214523107, 0.015300135356952998, 297401000000, 
-1.1570397463285158, -0.21253730265605905, 0.018645461976310115, 297406000000, 
-1.0142642741837253, -0.15653266614285055, 0.02250136465624254, 297411000000, 
-0.9051922760955419, -0.12402859352212861, 0.026820911799258378, 297416000000, 
-0.8751542189926979, -0.1067113667053504, 0.029470740936728603, 297421000000, 
-0.8584406435892352, -0.077648332839384, 0.033668180173610555, 297426000000, 
-0.8535245526945583, -0.040262118648711126, 0.03616670157610902, 297431000000, 
-0.8749511335715203, -0.013597764584692234, 0.038423356769739486, 297437000000, 
-0.8832548878555914, -0.04579595616569616, 0.039310966300850236, 297443000000, 
-0.8377376211508486, 0.017714905642342307, 0.03953142633394226, 297448000000, 
-0.8411374242097085, 0.052426489431504866, 0.038395637384479875, 297453000000, 
-0.8309494808897105, 0.045976387678927345, 0.03640685804952647, 297458000000, 
-0.8469254255898795, 0.05586318419822698, 0.034314147215230004, 297463000000, 
-0.843157645601741, 0.04715163612141236, 0.03283926609143934, 297468000000, 
-0.7938124063152715, 0.07787208024945642, 0.02816090214625524, 297478000000, 
-0.8131271223593367, 0.1118583241873181, 0.026520924059125036, 297483000000, 
-0.798783439021629, 0.11584040662158461, 0.02637494739288123, 297490000000, 
-0.8155148994594493, 0.14598001036143302, 0.025551475808994854, 297495000000, 
-0.7313470831027057, 0.1270833937544544, 0.02567038787496492, 297500000000, 
-0.6749246515115068, 0.06443121987626581, 0.025152413330271593, 297505000000, 
-0.6831748861650035, 0.17458473177785222, 0.024906443407623272, 297510000000, 
-0.6592941366720247, 0.2035129823449139, 0.024306631304120484, 297515000000, 
-0.7087046885742038, 0.1861846928467528, 0.024005194558060418, 297520000000, 
-0.7372451422885477, 0.18751761112827048, 0.023781363360751824, 297526000000, 
-0.7208299752144095, 0.2297890989580402, 0.023477145232380134, 297531000000, 
-0.7213963627410315, 0.24410948609322575, 0.022965960108431736, 297536000000, 
-0.7556939895620696, 0.290793787853244, 0.022409292596205995, 297541000000, 
-0.7284809379222056, 0.26168433140711433, 0.02223107781869306, 297546000000, 
-0.7258334417566923, 0.29286797196200115, 0.021761238778234816, 297552000000, 
-0.7423926633416967, 0.30787747933794424, 0.021652560981176534, 297557000000, 
-0.7524705444083774, 0.33245376794948195, 0.020908607091178904, 297562000000, 
-0.7466428949455495, 0.36638430585437937, 0.020634555086367586, 297567000000, 
-0.7129395542527336, 0.34070187962392123, 0.02004368191954198, 297572000000, 
-0.7284599477790547, 0.3617112296632512, 0.020010698059278124, 297577000000, 
-0.7292285935950207, 0.3641840554381242, 0.019630441389946445, 297582000000, 
-0.7025998612384905, 0.3385359813545379, 0.019474824648202608, 297587000000, 
-0.7204985672872074, 0.3658322164332637, 0.018875805415760137, 297593000000, 
-0.7468961636376973, 0.4003458995776864, 0.018572333468555153, 297598000000, 
-0.7089987643665485, 0.38585150806000046, 0.01800828264416921, 297603000000, 
-0.7224557244172397, 0.4422239129297121, 0.018062688002232895, 297608000000, 
-0.7295963547041385, 0.4206173459866031, 0.01771874533673048, 297613000000, 
-0.7123498227210897, 0.45361089887438405, 0.01725224578709146, 297618000000, 
-0.7111671837484045, 0.4757746856422356, 0.016997618429818763, 297624000000, 
-0.6791755269910247, 0.4488724468980386, 0.016877342738964688, 297629000000, 
-0.6707405407394768, 0.46254332409719734, 0.016151083287936952, 297634000000, 
-0.7159690724009329, 0.4651719561925682, 0.015959008604956516, 297639000000, 
-0.6857635216704787, 0.46019903939766166, 0.015819398587331016, 297644000000, 
-0.6860828845242821, 0.5207698912999653, 0.015561126750038954, 297649000000, 
-0.6746646532318409, 0.49916044466987103, 0.015277580683127678, 297655000000, 
-0.6865313130062963, 0.5207841730868666, 0.0148346046602429, 297660000000, 
-0.65356888820953, 0.5287617911709314, 0.014275082902458386, 297665000000, 
-0.6317923427416495, 0.5343857589089214, 0.01423572564824569, 297670000000, 
-0.6291850977614302, 0.5372406216739364, 0.013758925260632195, 297675000000, 
-0.6574361751806066, 0.5490594363712409, 0.013803507797273096, 297680000000, 
-0.6209378168393321, 0.5343946496390737, 0.013987916752003157, 297685000000, 
-0.6348534009637259, 0.5480611127362189, 0.013571564022392112, 297690000000, 
-0.6329935623191711, 0.5911490611504006, 0.012983377084611582, 297695000000, 
-0.6443470099360218, 0.5965587386610782, 0.012521459169181154, 297700000000, 
-0.6121785367707465, 0.5723367647216724, 0.012047118260960877, 297706000000, 
-0.6224081344649252, 0.5958845033319335, 0.01190036550738466, 297711000000, 
-0.6220653542129536, 0.5590603787129002, 0.011539237252107934, 297716000000, 
-0.5949559001126894, 0.59117942057216, 0.011645963140149334, 297721000000, 
-0.6237377125312167, 0.596972400391298, 0.011362356093293325, 297726000000, 
-0.6011062162275708, 0.6170885291047367, 0.011292433911073579, 297731000000, 
-0.598228848389432, 0.6306216110937727, 0.011285984041226492, 297736000000, 
-0.5612814581215554, 0.604146931756381, 0.010314746376484153, 297744000000, 
-0.5904358119564366, 0.6125798713961695, 0.010006032979090721, 297749000000, 
-0.5602626709152908, 0.6081152284861919, 0.009947211177852527, 297754000000, 
-0.5888008033335227, 0.6637045199038324, 0.010029742821358916, 297759000000, 
-0.5615708086971484, 0.6503069600058925, 0.009409324975173624, 297764000000, 
-0.5846482816731127, 0.6309299027378873, 0.009626609845908891, 297769000000, 
-0.5766452094818055, 0.6477829571857382, 0.009199457628981937, 297774000000, 
-0.5720186711289311, 0.6574749310017773, 0.008993829726587587, 297779000000, 
-0.5164298591523683, 0.6491493445336243, 0.008475066120878868, 297784000000, 
-0.5404470636481847, 0.6341499074225797, 0.008178438811654348, 297789000000, 
-0.5300843198831742, 0.6655351191487102, 0.007953809591997707, 297798000000, 
-0.5334694351273599, 0.6442038976812461, 0.007810518667398083, 297803000000, 
-0.5394512359485377, 0.6577680011313335, 0.007730705023943452, 297808000000, 
-0.5062209405475674, 0.6820674591618993, 0.00704338784427503, 297813000000, 
-0.5274760286503923, 0.6704853330925236, 0.0071573995661577345, 297818000000, 
-0.5308737453949057, 0.6689925895542548, 0.006811919674823133, 297823000000, 
-0.5003400714289828, 0.6898555281099497, 0.007006309571001511, 297828000000, 
-0.5057867305680154, 0.6663563676608882, 0.00682750250967859, 297833000000, 
-0.4895084511985028, 0.6806900131074187, 0.006413236110950818, 297839000000, 
-0.4786352944781002, 0.709236616408166, 0.005843943986443629, 297844000000, 
-0.4644210550331724, 0.6582232641562588, 0.00585049955228057, 297849000000, 
-0.480852145040235, 0.6686843013599818, 0.00586341707647107, 297854000000, 
-0.4633624238610436, 0.6677696231382944, 0.005337812994204525, 297859000000, 
-0.4414033154246835, 0.6709926293715455, 0.005134972885091217, 297864000000, 
-0.4561739243684533, 0.6799886849030173, 0.005602657710026458, 297869000000, 
-0.45322662354040205, 0.6866844829863529, 0.004868497988749244, 297874000000, 
-0.4548052711380585, 0.6660198592761567, 0.0052198747051842714, 297879000000, 
-0.43613400623354126, 0.6640211025363502, 0.004784675756990545, 297884000000, 
-0.43839257953700267, 0.6919122846707471, 0.0047546312011564704, 297889000000, 
-0.4106244501366593, 0.6511279721601738, 0.00459941454673194, 297894000000, 
-0.4264281623589113, 0.6732057407057631, 0.004497024724407389, 297899000000, 
-0.4479028325497886, 0.6755584575381699, 0.004071802367456569, 297904000000, 
-0.4082023405747318, 0.6893861834384274, 0.004157826632074529, 297909000000, 
-0.4018815054836259, 0.643291531864066, 0.003742180120727271, 297914000000, 
-0.4436185195829455, 0.6737009552791684, 0.0035425143209815587, 297919000000, 
-0.3853007646169081, 0.6593568888951538, 0.0038760018861862533, 297924000000, 
-0.36209629634556995, 0.6477196541292365, 0.003529663945383808, 297929000000, 
-0.390509109807121, 0.6287170827148778, 0.0033532798598973406, 297934000000, 
-0.4160899967406343, 0.6277218935550598, 0.0031728074121716503, 297939000000, 
-0.41021695806191516, 0.6538701644010873, 0.0029195964078300167, 297944000000, 
-0.3814758791892487, 0.6180006114589237, 0.002802685380514806, 297949000000, 
-0.3603731753285555, 0.6635978504623485, 0.002785726993427403, 297954000000, 
-0.38878264924175904, 0.6461408094970865, 0.002927731624837053, 297959000000, 
-0.38948442159933827, 0.6206376006445911, 0.0026033866759490394, 297964000000, 
-0.30654288466939644, 0.6164572866200286, 0.0025614780433620013, 297969000000, 
-0.31767190933519557, 0.597797682420044, 0.002528046211230134, 297974000000, 
-0.32975143146339475, 0.5886655806863305, 0.0028403461201379227, 297979000000, 
-0.3308140093799927, 0.6043870373839216, 0.002144332000270608, 297985000000, 
-0.29906771062997317, 0.5892369247769405, 0.001996802025877929, 297994000000, 
-0.2962986462879037, 0.5807725263951242, 0.0018888542800233024, 297999000000, 
-0.309431077414414, 0.5770783454936914, 0.0015934827451053138, 298005000000, 
-0.3129435551313965, 0.5884891818737834, 0.00191024400450803, 298010000000, 
-0.2843899996219192, 0.5682961650423801, 0.0015315028391100628, 298015000000, 
-0.2633835766219346, 0.5607489274752464, 0.0013457454862888462, 298020000000, 
-0.2807998004410051, 0.5313202800965497, 0.0008712716565680927, 298025000000, 
-0.2540108840653674, 0.5348909289112049, 0.0009484068476047508, 298030000000, 
-0.25122970934618905, 0.5344447728140371, 0.0011770566469863166, 298035000000, 
-0.25154858269999036, 0.536186510018787, 0.001153872500165857, 298040000000, 
-0.286347707926976, 0.5422740632867696, 0.0009790649450936995, 298045000000, 
-0.21703075757816997, 0.5033048070404144, 0.0009489296656540879, 298050000000, 
-0.2226480467283246, 0.5074467090755518, 0.0013165672753100485, 298055000000, 
-0.2552828246923486, 0.497747345061726, 0.0007936779227897448, 298060000000, 
-0.2608637969687587, 0.48022550651429463, 0.0005839367537952246, 298065000000, 
-0.22950686522343794, 0.43878978119861584, 0.0006230671729897367, 298070000000, 
-0.18774073943763375, 0.4474799953083054, 0.0009178909863198908, 298076000000, 
-0.19814616685565814, 0.44255569541903983, 0.00027203807576209283, 298081000000, 
-0.20285084771367662, 0.4571119837714115, 0.0003641999185741568, 298089000000, 
-0.2150115253463656, 0.42719610268111424, 0.00046550832858356737, 298094000000, 
-0.17626885507847628, 0.40881737547891667, 5.5149419849183465e-05, 298099000000, 
-0.1888693673144021, 0.408766013240714, 0.0005885039666654278, 298104000000, 
-0.2047830779215939, 0.3852654000447702, 0.000478942018684513, 298109000000, 
-0.15109864074620769, 0.38688758249339317, 0.0002753613043032564, 298114000000, 
-0.1752564498838556, 0.4077989556153674, 0.00014099682321412534, 298119000000, 
-0.12775609866234025, 0.3725818854517341, 4.43575177927021e-05, 298124000000, 
-0.1431980522555967, 0.35982481011178263, 3.681601369980154e-05, 298129000000, 
-0.11965421270342132, 0.3556325199462865, -0.0002061999127170221, 298135000000, 
-0.13939411607669788, 0.33463892984734994, 0.0004719892186625297, 298140000000, 
-0.11321444480342212, 0.32582930237475327, 2.7923937991093858e-05, 298145000000, 
-0.07606597099730292, 0.3020662115849073, -0.00010338197328122649, 298150000000, 
-0.07915177328555031, 0.29294579392299236, -6.362078369845312e-05, 298155000000, 
-0.12126111615388828, 0.2910491632682906, 0.00017296820747624944, 298161000000, 
-0.0958078409437629, 0.26201767027477274, 9.931504546943614e-05, 298166000000, 
-0.09939006377835118, 0.22083082049995265, -2.78922937547863e-05, 298172000000, 
-0.0703977768764153, 0.21173477324644085, 0.00022787878084460904, 298179000000, 
-0.05945512865006458, 0.20718818035572492, 0.0002674128361785138, 298184000000, 
-0.060034408969947016, 0.16121223087015302, 0.0003699956216499968, 298189000000, 
-0.07026235771276253, 0.21669446698693529, 5.9427607029247884e-05, 298194000000, 
-0.3155937915096989, 0.2331235252330922, 0.0002492959747649626, 298199000000, 
0.06785485051398377, 0.21123091987401282, 0.00033523949957075394, 298204000000, 
0.11463536000248412, 0.06351079900275325, 9.149248526858946e-05, 298209000000, 
0.14712537489027044, 0.19552038105012423, -0.000509741766647595, 298214000000, 
-0.2006234991771906, 0.12146511906271293, -0.0008455452222732701, 298220000000, 
-0.013379470862887518, 0.10412590086747711, -0.0012940607408747718, 298225000000, 
-0.018046987789407658, 0.09516849349808915, -0.0021861734909778547, 298231000000, 
0.01699563148657908, 0.03570895497322032, -0.0025313157446468946, 298236000000, 
0.003945652215299274, 0.022231910851569142, -0.002347062232445535, 298241000000, 
0.009026260961302065, 0.05450858863157333, -0.0023491914401338244, 298246000000, 
0.029603715133880215, -0.015641690720676123, -0.0020630721910161027, 298251000000, 
0.010523585690634558, 0.006581673561968983, -0.0016372070014306084, 298256000000, 
0.03382676956298225, 0.011379109003945037, -0.0010782391859542786, 298261000000, 
0.023993142363215737, -0.027731154889953848, -8.17898585381159e-05, 298266000000, 
0.02472912240479439, -0.024781761344988894, 0.0005440029047804591, 298271000000, 
0.04456852657692943, -0.06914328954955484, 0.0012142044586199588, 298276000000, 
0.06721079482768451, -0.06629754868928511, 0.0018640206675814008, 298281000000, 
0.07835564467993307, -0.04186764974387122, 0.0024532242195715835, 298287000000, 
0.004896606856689179, -0.1838865105179633, 0.0023154210809044856, 298292000000, 
0.07673354909478662, -0.07019856148219071, 0.0017576934627365668, 298298000000, 
0.11177598873820017, -0.05964188495693103, 0.0015809532668144839, 298303000000, 
0.11746142750861152, -0.09370842447617092, 0.0004749239000073122, 298310000000, 
0.0036913408186335546, -0.12407896068293243, 0.0007296929537210454, 298315000000, 
0.0849307878596458, -0.1462148715197196, -8.957344712742945e-06, 298320000000, 
-0.12879879045304413, -0.09718376740793082, -0.0023563710049583028, 298325000000, 
0.13426866902398274, -0.1829962421350588, -0.003520855376956477, 298330000000, 
0.10658627092769929, -0.14812401402559142, -0.005441743943462112, 298335000000, 
0.16130527507886744, -0.1872923130297939, -0.007250338090181092, 298340000000, 
0.10639527698180541, -0.1985751240648294, -0.00958734914995534, 298346000000, 
0.1269709946584079, -0.23653365462613443, -0.01318646233382256, 298353000000, 
-2.3522997551380382, 0.9598914024098831, -0.012748152980374699, 298358000000, 
1.9327930113862049, -1.6379541396017805, -0.012548763357664326, 298363000000, 
-20.15625882747133, 2.56594941753464, -0.001773950615042891, 298368000000, 
-12.98329994115005, 1.9317602181884155, 0.005421472491109574, 298373000000, 
-19.6969910972884, 2.415224222706109, 0.014634078424076772, 298378000000, 
-8.284581954692968, 0.8081822178819168, 0.020283230083957986, 298384000000, 
-1.4218401702307226, -4.1335223234949146, 0.019471913894824028, 298389000000, 
-1.0996225757776097, -2.490680698725962, 0.020000193613295518, 298395000000, 
-1.0508188561240024, -1.0382481784703892, 0.0204954843657287, 298400000000, 
-0.8168781942633463, -0.6032040761256456, 0.019925933919293048, 298405000000, 
-0.5807363662920108, -0.3582517343076633, 0.02024792484538199, 298410000000, 
37.742017803657184, 0.327025100052935, -0.0021910323682412633, 298415000000, 
35.02019232426526, 0.43550157104986903, -0.01796493423654234, 298421000000, 
-8.398701277734277, 7.494236146558536, -0.014751124404651138, 298425000000, 
-15.964322712665322, 8.871684831924991, -0.006025778304013137, 298431000000, 
-17.721976395074865, 2.7715674443257576, 0.006322350352303776, 298436000000, 
-15.418503347541302, 1.8021656555946726, 0.014058830083590282, 298441000000, 
-3.8368627213311135, -8.156454810180723, 0.014633501132027616, 298446000000, 
-2.104032672189224, -6.7732967948252645, 0.014003920558860905, 298451000000, 
-2.7813611482785396, -3.353864487916078, 0.014536334354116885, 298456000000, 
-2.2692755405246854, -2.0038203423629852, 0.014925868483403817, 298461000000, 
-1.6417992007861726, -1.3151331074243902, 0.015083245726369753, 298466000000, 
-1.1073479301084066, -0.8246309972537644, 0.016097800526864586, 298472000000, 
-0.7863880854796759, -0.5687834765852806, 0.016145323532135356, 298477000000, 
-0.5781044043123816, -0.4081507174857386, 0.0163634745463872, 298482000000, 
-0.36657508412547263, -0.2686750442113842, 0.016484865091643663, 298488000000, 
-0.279247741337494, -0.12815180432412826, 0.016839417749596037, 298493000000, 
47.294089057844, -1.0398865159388107, -0.00711323671733855, 298498000000, 
29.981420018090642, -4.467267767027542, -0.02491017945104433, 298504000000, 
-5.828222018199182, 8.595834605782283, -0.022978489039381177, 298509000000, 
-6.969044510087349, 4.306775691165881, -0.020028260851810517, 298514000000, 
-18.964217063064538, 3.934895829203297, -0.010460638906278836, 298519000000, 
-17.41901303994769, 2.074865682848154, -0.00030204147888873776, 298524000000, 
-13.111339745151243, 1.512621197938091, 0.0036302199272945103, 298529000000, 
-5.227724370124233, -5.4883526025972404, 0.005031531726141291, 298534000000, 
-1.4405991434136522, -6.571514742248813, 0.0035609085284754186, 298541000000, 
-2.1703239207836207, -2.316526537251921, 0.004601966509533331, 298547000000, 
-1.5702505728371388, -1.3342741944437853, 0.004973457155327056, 298552000000, 
-1.0521766822608722, -0.8775768388853382, 0.004919692284346409, 298558000000, 
-0.735952527141985, -0.5990800097308095, 0.005410123016398919, 298563000000, 
-0.508585729783754, -0.3941747111831577, 0.005132739769320182, 298568000000, 
-0.35231799780252815, -0.26471539492249846, 0.005920074121356484, 298573000000, 
-0.2279226239208852, -0.19162068435294324, 0.005669390535947244, 298580000000, 
-0.1888618786020209, -0.14937696482692958, 0.005915948401372686, 298585000000, 
48.47375482569214, 1.4172728344593455, -0.020416688120587632, 298590000000, 
31.890199003698854, -10.76304370732118, -0.044117301378827696, 298595000000, 
-4.03249779091642, 9.299717353862562, -0.04416296024189279, 298600000000, 
-7.17078796557327, 7.618972308494129, -0.04090855942005733, 298605000000, 
-16.71182041949781, 5.344282427769093, -0.03275363158186315, 298610000000, 
-18.921641877534423, 2.231501592464911, -0.025211483465785185, 298615000000, 
-13.549720589895806, 1.53253160028647, -0.015783086022029113, 298621000000, 
-3.9959394958194143, -5.975491623002076, -0.015009467065045762, 298626000000, 
-1.0069586250048812, -6.571508123130956, -0.016410983008919834, 298632000000, 
-2.062223139000361, -2.6304434336884372, -0.016403317460308854, 298637000000, 
-1.6660649823639246, -1.5986263591131509, -0.015545305027792194, 298642000000, 
-1.2041982103017355, -1.1386287853617059, -0.015717735499566562, 298647000000, 
-0.8443567174390397, -0.7669506589533422, -0.015258586003903762, 298652000000, 
-0.5618393454278543, -0.5140000313056519, -0.01517085896131263, 298657000000, 
-0.4072127656724702, -0.3480560664462682, -0.01446885946905697, 298662000000, 
-0.24186426741399988, -0.24251612355469102, -0.014652763017113359, 298667000000, 
-0.1999195471234103, -0.2006969109584144, -0.014743135692054335, 298672000000, 
4.755765967436672, 4.651869234735136, -0.017308341756111283, 298677000000, 
6.543044515783527, 5.533479182181186, -0.02299901966204054, 298682000000, 
59.81815769052869, -10.443876448837717, -0.057860386605174785, 298687000000, 
-4.194222300845941, -3.6526934796636867, -0.057717795883340695, 298692000000, 
-5.214765151066984, 6.738721738551226, -0.055861558944100755, 298697000000, 
-17.738251898066295, 4.288478984506352, -0.04933407113303159, 298702000000, 
-13.360015548088047, 2.776496500839356, -0.042413707009229445, 298707000000, 
-6.752180176009349, -1.828825786987327, -0.04069325968058499, 298712000000, 
-1.0994739405500549, -5.862540204816114, -0.042031760012599964, 298717000000, 
-1.0959391021003677, -2.6917528994020183, -0.04365406790254811, 298722000000, 
-2.066151034346481, -2.636203336017495, -0.043138189130470746, 298727000000, 
-1.6757633651528485, -1.5841218670663006, -0.042607400468226364, 298732000000, 
-0.4415354860038572, -0.2786804608201634, -0.04309209686466112, 298737000000, 
3.2143744155373106, 1.9276219708483429, -0.04574994556213505, 298742000000, 
2.982282577694525, 1.0800104320981274, -0.049323820444195136, 298747000000, 
2.7978448799311058, 0.8633348859322654, -0.05326127951153408, 298752000000, 
1.7605241710039194, 1.1298020696202968, -0.05906742966272705, 298757000000, 
1.5253978190536504, 0.6318239866978025, -0.06162490889843284, 298762000000, 
1.488755265694007, 0.19103052343988705, -0.06548546221313471, 298767000000, 
1.385321449442181, -0.3323820388195711, -0.07488487026837501, 298774000000, 
1.3284584756951505, -0.6478680597325213, -0.07808923027101657, 298779000000, 
1.3434912433124704, -0.6883178377606297, -0.08266977975723823, 298784000000, 
1.3243301650053507, -0.7301332917594597, -0.08705846573798028, 298789000000, 
1.2982063815138478, -0.75026794474849, -0.09239809691339734, 298795000000, 
1.3082186088489687, -0.6430274578539275, -0.09680165917256522, 298801000000, 
1.3262397459682065, -0.5980382450609651, -0.10259041295107674, 298806000000, 
1.3609857695813874, -0.4957484019912112, -0.10578333377647914, 298811000000, 
1.3315367615664124, -0.44422262176588756, -0.11129682146186404, 298816000000, 
1.3697968352765963, -0.37917142108217367, -0.11453008454639031, 298821000000, 
1.3847712404970676, -0.34522516200910625, -0.11848813928895228, 298826000000, 
1.5637451014578667, -0.48911084707363184, -0.12318827985445659, 298831000000, 
2.090269598388418, -1.1670397128677812, -0.12686838257554775, 298836000000, 
2.167339221359553, -1.2640137041517021, -0.12991186466638263, 298841000000, 
1.0008840111141375, 0.36328825808314674, -0.13148137270531704, 298846000000, 
1.3247510128433406, -0.007571437193304793, -0.1321541229440213, 298851000000, 
1.4693713996398563, -0.17394103879479667, -0.13183390246819823, 298856000000, 
1.514168938169652, -0.23617488568007491, -0.13031396979341253, 298861000000, 
1.577507226462205, -0.21714525570359933, -0.1281287551083065, 298866000000, 
1.6511973736835825, -0.26502123618868834, -0.12485160876452493, 298871000000, 
1.6175646285666867, -0.23210870686562862, -0.12144216906761307, 298876000000, 
1.637752490546765, -0.16878959992955206, -0.11788797856944869, 298881000000, 
1.6497220786050373, -0.19099027326912785, -0.11434447928660689, 298886000000, 
1.7355378152557457, -0.22979036210477607, -0.11089331169457928, 298891000000, 
1.7278229718540945, -0.2204420919218254, -0.10645764122763096, 298897000000, 
1.726515463423343, -0.1486158348756582, -0.10495594194037766, 298902000000, 
1.8386161644220782, -0.25584761318760757, -0.10247781269296431, 298907000000, 
1.8259698322200384, -0.24214851379934088, -0.10133326827870973, 298912000000, 
1.8353350187248803, -0.22467821816098668, -0.10102882172979433, 298917000000, 
1.8637042298128226, -0.20380392516035442, -0.10136812655053315, 298922000000, 
1.8483271911666128, -0.257298404822118, -0.10293980629088417, 298927000000, 
1.8560365853167902, -0.17634687813145974, -0.10467052114739188, 298932000000, 
1.853017243917939, -0.21681890990121327, -0.10817059737691853, 298937000000, 
1.8502685040214784, -0.15721657498105965, -0.11113379228898562, 298942000000, 
1.8142874287606696, -0.13555267891279635, -0.11485258077608392, 298947000000, 
1.8691788977530608, -0.1675237908243824, -0.11918891428998987, 298952000000, 
1.860032722517041, -0.10511019828216761, -0.12378557933960516, 298957000000, 
1.879553916059317, -0.058443480408608244, -0.12771121776133995, 298962000000, 
1.9400342946191667, -0.13774165015474232, -0.13130601039385845, 298967000000, 
1.9945000120422844, -0.1511536835068786, -0.1365913198090197, 298972000000, 
1.970703679615793, -0.06649400348312937, -0.14013042054641317, 298977000000, 
1.9731956651333198, -0.09538242079757012, -0.14390777761108786, 298982000000, 
1.9497519214711758, 0.04524493560172284, -0.14693309369970056, 298987000000, 
1.965220316971727, -0.001924692857191962, -0.14970158511240986, 298992000000, 
1.9852023158824321, 0.018379675451204933, -0.15099815131221928, 298997000000, 
2.0218780379832113, 0.044466440818262176, -0.1531026499568165, 299002000000, 
2.0334036086000546, 0.03720287696182191, -0.1536048475290075, 299007000000, 
2.0543091275889442, 0.07143008431232346, -0.1542732923105769, 299012000000, 
2.1209039295551646, 0.08399459372909224, -0.15436031156000618, 299017000000, 
2.128053819230903, 0.04671843243346373, -0.15377782705396298, 299022000000, 
2.2075353580453263, 0.08557459714814351, -0.1532472533280847, 299027000000, 
2.171534642313428, 0.0763475498453096, -0.15324028056289918, 299032000000, 
2.184258331197974, 0.08992588306950802, -0.15259981562957625, 299037000000, 
2.1985626642714458, 0.12021356511422418, -0.1519025150752797, 299042000000, 
2.2763616265204996, 0.156469644305544, -0.1521655733012405, 299047000000, 
2.305681761775147, 0.11335260482303768, -0.15154173274010907, 299052000000, 
2.277366022184303, 0.11799006601777326, -0.15190884546581462, 299057000000, 
2.2910792220491345, 0.1283041384748448, -0.15293628290075426, 299062000000, 
2.3143314166538125, 0.12839250374803107, -0.15369881661419668, 299067000000, 
-1.368791352928789, -10.007346570429608, -0.15059983591303783, 299072000000, 
0.039826767409694264, 0.2873751292827797, -0.15076960624322214, 299077000000, 
0.5478973298974226, 2.235443685965698, -0.1514485392760306, 299082000000, 
2.1042397576744496, 2.418254507509556, -0.154376206757462, 299089000000, 
3.4301626687072058, 1.5320918897522913, -0.15614668093966783, 299094000000, 
4.217170559396526, -6.0155546801314275, -0.15181326212248017, 299099000000, 
0.37534210893850906, 1.5735409527269701, -0.1526970759750965, 299104000000, 
5.600524056400979, -0.5737031081167467, -0.14990608785040657, 299109000000, 
0.09532853926164031, 0.3070884957668497, -0.1501065157457628, 299114000000, 
3.3819150253699757, 0.2815262909939284, -0.14921789037200028, 299119000000, 
2.3198227978796364, 0.39616820261849756, -0.14829724017834406, 299124000000, 
2.9445087306487325, 0.5977543518827353, -0.1470398769646367, 299131000000, 
1.9356919168894435, 0.3955186348230406, -0.14675818083140948, 299136000000, 
2.400812131060657, 0.43210366695322355, -0.14567823021715823, 299141000000, 
2.553770271631503, 0.5146761520667744, -0.1454574074346773, 299146000000, 
2.4844098319501713, 0.5104411730676529, -0.1444421624397085, 299151000000, 
2.7827343881434103, 0.5805611370497794, -0.14350237909389832, 299158000000, 
1.982716227665213, 0.38585445251126316, -0.14275021706121827, 299163000000, 
2.8642701513831192, 0.6190689852902352, -0.14200913835526224, 299168000000, 
1.984923915775461, 0.4114554763071204, -0.14157723491743024, 299173000000, 
3.0365354333942105, 0.6796499429066017, -0.14077813059498298, 299178000000, 
1.9982688114745288, 0.4703210479453598, -0.14028226349034723, 299183000000, 
2.501563569744641, 0.594331946586365, -0.1397994144349812, 299188000000, 
2.4657745950438303, 0.5734551311022877, -0.13887925244557922, 299193000000, 
3.066064311479255, 0.7977548580988862, -0.13803304246255776, 299198000000, 
2.043077810719068, 0.48245824910031054, -0.13742479019057652, 299203000000, 
3.3788917691572364, 0.8085088731016021, -0.1372356841218513, 299208000000, 
2.1703359963468176, 0.5450848940031938, -0.1361121393329039, 299213000000, 
3.1412487824582627, 0.7844102431866264, -0.13546244158721435, 299218000000, 
2.071697172609529, 0.5018511156608145, -0.13486014971099813, 299223000000, 
3.0305702024653605, 0.7688776378433794, -0.13428755319722188, 299228000000, 
2.097197696223529, 0.5279852246041213, -0.13357299816650853, 299233000000, 
3.1698968131704293, 0.8129002612186838, -0.13309470779184024, 299238000000, 
2.112200336009987, 0.5520891427701764, -0.1322706747243728, 299243000000, 
3.1138135406994047, 0.8081205273408233, -0.13152635553561506, 299248000000, 
2.099754345670382, 0.550469365866322, -0.13086653681214755, 299255000000, 
3.02805973960727, 0.8408528687077296, -0.12985199227561894, 299260000000, 
2.113608442530216, 0.5795008642281967, -0.1289217409494965, 299265000000, 
2.6583426972209483, 0.7683658222222239, -0.12841634562905327, 299270000000, 
2.6630230052008583, 0.7685413667053477, -0.1278578725741901, 299275000000, 
3.177697055096948, 0.9167415680129246, -0.1270934049648022, 299280000000, 
2.161019873735756, 0.6083614169635275, -0.1265458348430571, 299285000000, 
3.2245895585538418, 0.9381069552512464, -0.12559400472100632, 299290000000, 
2.1738114750385535, 0.6330787243049509, -0.1256117877269224, 299295000000, 
3.2078236445492316, 0.904732975222916, -0.12482713227731564, 299300000000, 
2.1791238502776653, 0.6264962620676324, -0.12440178819375135, 299305000000, 
3.2854927179832765, 0.9340536808909734, -0.12343069159184968, 299310000000, 
2.178023103013577, 0.6172417121373823, -0.12280544171206892, 299316000000, 
2.687901699265625, 0.8185699999158561, -0.12194244074149486, 299321000000, 
2.747932857855157, 0.8276027559375392, -0.12166794495026632, 299327000000, 
3.2640253931887293, 0.975557229385402, -0.12036808843325934, 299332000000, 
2.2252687449029973, 0.6482553632613376, -0.11985246967945724, 299337000000, 
2.741093713399723, 0.837261008524341, -0.11904298560408524, 299342000000, 
2.713465077284598, 0.8312433519481547, -0.11889371123876899, 299347000000, 
3.2680367988870556, 0.9911091779587065, -0.11787440838600259, 299352000000, 
2.2279050072380673, 0.6560218554319291, -0.1172088040326817, 299357000000, 
3.318661252368903, 1.0275987871952654, -0.1168490531363819, 299362000000, 
2.2011785629145684, 0.6868717944522346, -0.11627801211418325, 299367000000, 
3.2829621777250484, 0.989751619838728, -0.1152789872962401, 299372000000, 
2.241923926059351, 0.721436243104751, -0.11491177297084629, 299377000000, 
3.3201890160612733, 1.0538392833017098, -0.11394660546482141, 299382000000, 
2.2120780080943296, 0.6827663565779222, -0.11359330923903777, 299387000000, 
3.3353739871801493, 1.061343601772927, -0.1124675600135801, 299392000000, 
2.2449532218613144, 0.6865487670070964, -0.11207717593249733, 299397000000, 
3.3486696380390235, 1.082347327275579, -0.11163685705274923, 299402000000, 
2.2413619041987114, 0.6950275601707876, -0.11106059905902227, 299407000000, 
3.3393182038861875, 1.0606042216250753, -0.11032887058693942, 299412000000, 
2.2119636482826315, 0.7259367212470453, -0.10956256745452822, 299417000000, 
3.3415649270421017, 1.056565148936735, -0.10895364724192035, 299422000000, 
2.2189510194423265, 0.7265404331195563, -0.10811531835392343, 299427000000, 
2.8137900743764837, 0.9166913867363947, -0.108093342739531, 299432000000, 
2.794041814407878, 0.9161953324714137, -0.10729261618223584, 299437000000, 
3.1872443920241453, 1.0365848774912405, -0.1060614077795636, 299443000000, 
2.7733541600885943, 0.9172637629369146, -0.10588647587873028, 299448000000, 
2.233586290371605, 0.6967717677270138, -0.1051776592026494, 299453000000, 
3.3194010824432056, 1.122933328023252, -0.10451247604579025, 299458000000, 
2.2215064790924033, 0.7433429374349714, -0.10399326937964835, 299463000000, 
3.313186293976517, 1.1127231930632322, -0.1034610949846206, 299468000000, 
2.2660940611604015, 0.7431389760374612, -0.10255922635950805, 299473000000, 
2.771868522249683, 0.9472156901905625, -0.10189190985163127, 299478000000, 
2.7694090593574914, 0.9022321231994098, -0.1014359905332941, 299483000000, 
3.324520610384314, 1.1090715574384051, -0.10089795350050246, 299488000000, 
2.2244806861504998, 0.7369823754940676, -0.10019847671392214, 299493000000, 
3.3170953991669307, 1.1331352436952438, -0.0993275496140575, 299498000000, 
2.199816379278852, 0.7633599615249869, -0.09906122503552613, 299503000000, 
3.2871601881880097, 1.1006080085522718, -0.09825878216416141, 299508000000, 
2.2006585268718966, 0.7326242712842645, -0.09781872524978298, 299513000000, 
2.7472631283390165, 0.9343561963558427, -0.09712304520860694, 299518000000, 
2.773016802968845, 0.9020123815705281, -0.09680330600495135, 299523000000, 
3.2735819866554237, 1.0879862468935673, -0.09616713212997179, 299528000000, 
2.183850818240315, 0.7455439081634015, -0.09561338622838594, 299533000000, 
3.2607869752883976, 1.0922591996902824, -0.09481909073721193, 299538000000, 
2.185181188032923, 0.7165523105786318, -0.09424631280749747, 299543000000, 
2.7417286615204888, 0.9239872414417535, -0.09363197533058223, 299548000000, 
2.7633533744787657, 0.9453948890012602, -0.09244865333496173, 299553000000, 
3.2658470574313885, 1.0814677801160382, -0.09227856187130254, 299558000000, 
2.166328471904042, 0.7009815092167986, -0.09112353875562824, 299563000000, 
3.2614336622993263, 1.1048735295430432, -0.09092561598911265, 299568000000, 
2.1806349514705032, 0.7323565346995046, -0.09047788739082031, 299573000000, 
3.2553819738706395, 1.056293403042235, -0.09015482166151226, 299578000000, 
2.1641930129778846, 0.7616180903902615, -0.08922753859179902, 299583000000, 
3.2120138201019213, 1.07886130072832, -0.08873960040931644, 299588000000, 
2.1529945196864273, 0.7089083367871913, -0.08802463584247126, 299593000000, 
3.1988084029976878, 1.0757743149397332, -0.08723428733538242, 299598000000, 
2.1557728660769078, 0.4942293524501164, -0.08757571408745618, 299603000000, 
2.669365524055609, 0.8432783817754393, -0.08719292984798942, 299608000000, 
2.7240697111585677, 0.8604874481925874, -0.08815418211069201, 299613000000, 
3.1294558478351298, 1.2197949880926116, -0.08860384022887086, 299618000000, 
2.68025306235201, 0.8534079152000861, -0.08865490102209077, 299623000000, 
1.8045565538600086, 0.18065829733767838, -0.08916988692554029, 299628000000, 
2.6901231486925887, 0.8478649682142594, -0.08962802320918407, 299633000000, 
3.021239622105006, 1.1042739172036207, -0.09030721551843902, 299640000000, 
2.5994532683949503, 0.8287918521473148, -0.0909870627935145, 299645000000, 
2.6407350726227894, 0.8167110596225494, -0.09186372087346768, 299650000000, 
2.1485356355736878, 0.41032085600260676, -0.09196620330400192, 299655000000, 
3.1225799004826333, 1.2552516627917587, -0.09283879033292117, 299660000000, 
2.147809979566602, 0.3865275876218796, -0.09301245561155584, 299665000000, 
3.071254460322648, 1.2381953107162353, -0.09365426890940745, 299670000000, 
2.1144792371348236, 0.25333497854487136, -0.09453598037359262, 299675000000, 
2.9465114996372614, 1.2773589616702659, -0.09555656288759697, 299680000000, 
2.09788260413051, 0.2607038876529281, -0.09668987980505059, 299685000000, 
2.4897158918501745, 0.7829275158712952, -0.09748510178356148, 299690000000, 
2.507673584073451, 0.7568032168776648, -0.0991849979199362, 299695000000, 
2.045570722064371, -0.1299785553877862, -0.09918798516931644, 299700000000, 
2.5955269193759496, 0.7774920360617873, -0.10067905844668913, 299705000000, 
3.48573933221496, 2.0034160817499926, -0.10219400503387584, 299710000000, 
0.2976851899151389, -1.7664511294817518, -0.10223581416821684, 299715000000, 
2.5796527726038705, 0.7371393125277342, -0.10340740486259672, 299720000000, 
4.275317312715915, 2.740287233391415, -0.10495508665019959, 299725000000, 
0.30090813795133575, -1.798519362229425, -0.10558735977636939, 299730000000, 
2.982599929170614, 1.1675624152050046, -0.10668408045228454, 299735000000, 
2.6084747584129744, 1.052049533194027, -0.10779850337679883, 299740000000, 
2.614804708633644, 0.7947405136650619, -0.10902311679951161, 299745000000, 
2.9843350928976817, 1.2479486537007327, -0.1097065558422699, 299750000000, 
3.280093402286979, 1.7531834099290307, -0.11118350953566443, 299755000000, 
0.31352849163419927, -1.81488810048803, -0.11176059810800981, 299760000000, 
3.2396454898271947, 1.6186508029781446, -0.11298946351657856, 299765000000, 
3.216976944044275, 1.7117676034696163, -0.11436075385003701, 299770000000, 
0.11954354871619609, -1.6485099520963846, -0.11471886155948163, 299775000000, 
3.2881459786048723, 1.4913979609711132, -0.11574302839893863, 299780000000, 
3.202558630137903, 1.6192767299796276, -0.11660134275483774, 299785000000, 
3.090053648490911, 1.766707285969357, -0.11680321477361115, 299790000000, 
2.2910147550501403, 0.6444586924401544, -0.11697222786516695, 299796000000, 
-0.3994016353423152, -1.1795865899234885, -0.11723890900875673, 299801000000, 
2.664997175164382, 0.986581305644319, -0.11662773406093822, 299806000000, 
3.3870212427817106, 1.3440206550621425, -0.11612264731757418, 299811000000, 
-0.6810978713042959, -0.8094850323925838, -0.11626990791325048, 299817000000, 
3.2873798657900988, 1.2770973760046744, -0.1151558352976202, 299822000000, 
3.264968848609138, 1.245672216416933, -0.11459196485160451, 299828000000, 
2.6870654339396096, 0.921650472744488, -0.1132178881879334, 299833000000, 
-0.7911382638795961, -0.7453213050102395, -0.11302066688193468, 299838000000, 
3.0785870674024878, 1.1807846131516586, -0.1116326200837426, 299843000000, 
3.400452287006373, 1.2376536045760995, -0.11044903226498608, 299848000000, 
3.177593232255782, 0.7953039388237401, -0.10954758046982176, 299857000000, 
1.3241326417013377, 0.5744159715973196, -0.10887711026997679, 299863000000, 
2.874420055836565, 0.6279569259039633, -0.10814505841368306, 299869000000, 
0.32562571780021965, 0.35543836555755115, -0.10940113134135795, 299874000000, 
2.790588303550695, 0.7666330882939625, -0.10761528613441829, 299880000000, 
3.298504325675793, 0.5720856582213675, -0.10635205501065126, 299885000000, 
-0.1212816443001035, 0.4151940361627335, -0.10711367964737062, 299890000000, 
3.3496649764938153, 0.758772952984952, -0.10541828674411369, 299896000000, 
0.3306452660489516, 0.3351052775838359, -0.10562941414680195, 299901000000, 
3.1317069983441823, 0.9373937343710312, -0.10374550468949775, 299906000000, 
1.0234235576754023, 0.4847650695680397, -0.10492274749833794, 299911000000, 
2.2228212852346068, 0.6256071154661577, -0.10332979070223831, 299916000000, 
1.4205039610104608, 0.501871504681158, -0.10418927737090129, 299921000000, 
3.5981837411522064, 0.17699248931504524, -0.10175131669459925, 299926000000, 
0.3004829364169865, 0.7714018609089948, -0.10246752474401849, 299931000000, 
1.6208881509003574, 0.6920481931264783, -0.10388320481648021, 299936000000, 
1.9333963181283216, 1.134986059951373, -0.10492112273960766, 299941000000, 
3.0963510587701784, -0.8091051247985926, -0.10164947569791012, 299946000000, 
0.3422506498287191, 0.9560577177630811, -0.10132932841989643, 299951000000, 
1.6843403664498067, 0.6549693169546021, -0.10233325366079454, 299956000000, 
2.017774556917101, 1.0555194824287435, -0.1026154248921303, 299961000000, 
2.170193103223092, 1.2309592175755306, -0.10205121349785905, 299966000000, 
2.2544944761735897, 1.1829536074187441, -0.10159189072526566, 299971000000, 
2.28899691407501, 1.1482529172002354, -0.10132668039149524, 299976000000, 
2.584676227826283, -3.6448148013013713, -0.09709245185931249, 299981000000, 
0.13482758865719033, 0.8251001834543804, -0.09616608679724589, 299986000000, 
0.9661159944796041, 1.2590556227052976, -0.0952548229827294, 299991000000, 
1.5165495253840695, 1.4571593864942964, -0.09408047251270836, 299996000000, 
1.7358268981144878, 1.5324972133174724, -0.09361428221502557, 300001000000, 
1.9829730297292305, 1.3228983697946535, -0.09166522444108532, 300006000000, 
2.3475870899716633, 0.8520337332646357, -0.09090563706663277, 300011000000, 
2.1783263249332387, 0.9008110588598336, -0.08947078873010852, 300016000000, 
2.06894504872872, 0.8222667413905707, -0.08822750096807602, 300021000000, 
1.933718163748466, 0.7207659793041306, -0.0878504980759089, 300026000000, 
1.8176941328321226, 0.5608902866254962, -0.0876443861493064, 300032000000, 
1.7020191562110427, 0.4637380949745128, -0.08684479347142654, 300037000000, 
1.6382236169429043, 0.3911595408042751, -0.0862340046828052, 300042000000, 
1.5536948055358406, 0.3192048279590887, -0.08632533003541844, 300047000000, 
1.492771915209219, 0.30471571518301416, -0.08670582104234874, 300052000000, 
1.497298113570943, 0.26293985929976027, -0.08722037527548332, 300057000000, 
1.4282920740447607, 0.21834431207973984, -0.08779898816654347, 300062000000, 
1.4015726970084539, 0.21958895772043796, -0.08813002729826842, 300067000000, 
1.4074673785251803, 0.19129647076212036, -0.08959809285646954, 300072000000, 
1.3682234273524978, 0.21661883100703958, -0.09057212712421073, 300077000000, 
1.4008918913336104, 0.24282863398194143, -0.09157443971536385, 300082000000, 
1.373707935500287, 0.24662956884682327, -0.09217347400026875, 300087000000, 
1.3474839563857621, 0.22902234606484573, -0.09335220075039648, 300092000000, 
1.3128729278125664, 0.20543072887397298, -0.0940994448205863, 300097000000, 
1.3184650570565353, 0.21881331956340855, -0.09520497539960388, 300102000000, 
1.2965966058200986, 0.23111664015856526, -0.09558786555975132, 300107000000, 
1.2796593902619129, 0.23298773102105405, -0.09641309832114872, 300112000000, 
1.267384901684048, 0.18539628903277322, -0.09651985299804727, 300117000000, 
1.2357916423616566, 0.18399171054173316, -0.09673721637920783, 300122000000, 
1.2232876558517192, 0.2083259507941025, -0.09654133385095645, 300127000000, 
1.2044136508969068, 0.20427079587733216, -0.09637857807505752, 300132000000, 
1.2136836496191528, 0.2088539221821786, -0.09634986602616723, 300137000000, 
1.1946126830887438, 0.12508899823724173, -0.09674107611654692, 300142000000, 
1.194629742137488, 0.17103276741427817, -0.0958731022364739, 300147000000, 
1.1571282661419096, 0.147020849637119, -0.09555894549022821, 300152000000, 
1.1540169443519874, 0.16912108073788013, -0.09530910724817869, 300157000000, 
1.1262590679072753, 0.1428660418358424, -0.09497191453051314, 300162000000, 
1.129912182618882, 0.10498064058413945, -0.09482742607496544, 300167000000, 
1.086813245305509, 0.10400385423698286, -0.09492975082397867, 300172000000, 
1.093464332804164, 0.10711802762258346, -0.0940525721411918, 300177000000, 
1.0393336818968917, 0.09410299724947513, -0.09448115654046621, 300182000000, 
1.0552076675550779, 0.11763810201294282, -0.09450424254162354, 300188000000, 
1.0170761848489398, 0.0888474144098403, -0.09448876631269006, 300193000000, 
1.005528689817196, 0.08999569814214248, -0.09512896605680882, 300198000000, 
0.9899643620962655, 0.08555919984988611, -0.09559454850692994, 300203000000, 
0.9653385305971587, 0.0939511272224372, -0.09589773464316324, 300209000000, 
0.9742672060844603, 0.05793522510752931, -0.09689989558423658, 300217000000, 
0.9402779936601958, 0.08294010295567732, -0.09866932155261657, 300223000000, 
0.9363533150530288, 0.05631223028850693, -0.09882601183541355, 300228000000, 
0.912305555409508, 0.08708643375589542, -0.09897389099071421, 300233000000, 
0.9083058323973859, 0.08885422214108346, -0.10009358055792936, 300238000000, 
0.8439081039513902, 0.06972765237007916, -0.10112093106430353, 300243000000, 
0.8285578450314105, 0.08235049802733065, -0.10175445615202136, 300248000000, 
0.8215013746232633, 0.05600132835004774, -0.10227898131435564, 300253000000, 
0.8147105342994256, 0.0574360514147368, -0.10301285077894128, 300258000000, 
0.8056561070573934, 0.021960180789081053, -0.10340380299654901, 300263000000, 
0.8053937567078571, 0.06404680864528757, -0.10399054382563434, 300268000000, 
0.7712307259276473, 0.0558334063238895, -0.10444141637126915, 300273000000, 
0.7451357644316052, 0.0671894821401284, -0.10453779538540395, 300278000000, 
0.7533168054524417, 0.04155351393539731, -0.10503530155247147, 300283000000, 
0.7095211210390374, 0.029884245526147685, -0.10493993774242481, 300288000000, 
0.694444906633763, 0.06727728884939574, -0.10532610792569398, 300293000000, 
0.6929273615093299, 0.04294377648579778, -0.10583930965143222, 300298000000, 
0.6701915308166952, 0.031209364184206972, -0.10602797033152311, 300303000000, 
0.6506653203763597, 0.03396336651065645, -0.1063967028380226, 300308000000, 
0.6363514701528941, -0.0016595712804464077, -0.10651228421285766, 300313000000, 
0.657756579675883, 0.027430892196995967, -0.10684943672456175, 300318000000, 
0.609731803366892, 0.03417696810114242, -0.10755209008943323, 300323000000, 
0.58039340108498, 0.012203716980275107, -0.10764391756065003, 300328000000, 
0.6096766489971729, 0.038134657055748235, -0.10816436982723965, 300333000000, 
0.5766985102107698, 0.05406025163390005, -0.1090428637884405, 300338000000, 
0.1101699450246996, -0.4336349033837995, -0.10913124020587898, 300343000000, 
-0.6591646022057385, -1.2187010739078916, -0.10880926217290977, 300348000000, 
-0.8025115725708073, -1.3180911539858866, -0.10902274632871979, 300353000000, 
-0.672195899878964, -1.1396204040624291, -0.10870721415728114, 300360000000, 
20.961856706694977, -2.1635469209889595, -0.12745955463216066, 300365000000, 
44.13027788890296, 0.04787578961231938, -0.11061012311015296, 300370000000, 
-16.865614667228844, 0.3299556029859367, -0.10448323235114466, 300375000000, 
-17.233224924617552, -0.4170897685008548, -0.09514133475742896, 300380000000, 
-12.00206943722207, -0.310480997510469, -0.0895465824095996, 300385000000, 
-8.836130956199899, -0.25763083911825796, -0.08602208331058077, 300390000000, 
-7.0729031505503315, -0.22146496051306513, -0.08313472718104184, 300395000000, 
-6.0030322443015605, -0.2829739401824751, -0.08209305660399656, 300400000000, 
-4.073157783505662, -1.4081703729908097, -0.08059866717703755, 300405000000, 
-1.3019135828189463, -1.9555424798976422, -0.07992705945617577, 300410000000, 
0.03950575931752892, -1.6127499205395888, -0.0792735871575341, 300416000000, 
29.197181242128465, 1.678929448057147, -0.0625393645541022, 300421000000, 
51.77858118776186, 2.87347150472394, -0.004255888888442697, 300428000000, 
-6.917510361795354, -0.9373657518542104, 0.029486225481949874, 300433000000, 
-18.132055649624675, -0.4259212792923116, 0.038709219791186564, 300438000000, 
-12.99805145585243, -0.34000161375774846, 0.0441677955876188, 300443000000, 
-9.297365298963765, -0.25700718527710437, 0.04862118802414904, 300448000000, 
-6.637605388887602, -0.24775353204480952, 0.051645025473810294, 300453000000, 
-4.42841846834265, -0.14171458751117763, 0.0544500738823052, 300460000000, 
-2.9296843635852783, -0.15760800568739, 0.056184654613092105, 300469000000, 
-1.8240920810927908, -0.07421968385855737, 0.05784096890038627, 300474000000, 
-1.0752540780174602, -0.051152424947282095, 0.05838850414724014, 300479000000, 
-0.7652637650961248, -0.03310758448678957, 0.058494814864487606, 300484000000, 
56.98550451069922, 2.5352714474511027, 0.10552648215361969, 300490000000, 
4.412708877080363, -0.21956327457687658, 0.14150746971436295, 300495000000, 
-0.25897247932842615, 0.4464935679655805, 0.16947268146862976, 300500000000, 
-19.221043326801457, -0.8169285035381002, 0.18097354298179094, 300505000000, 
-15.44718579281822, -0.19889747092557458, 0.1880922585141094, 300510000000, 
-11.026222606731961, -0.14102665220738783, 0.19343030695729285, 300515000000, 
-7.88114613523627, -0.17024161851159217, 0.19712879540014608, 300520000000, 
-5.583031541586406, -0.12325355786871502, 0.19963074621374835, 300525000000, 
-4.103837388133824, -0.09512719264186906, 0.20140810701286463, 300531000000, 
-2.73270193598361, -0.05501435314797252, 0.20330157245691355, 300536000000, 
-1.7751362460125175, -0.057677529413954126, 0.203951183326872, 300542000000, 
-1.2371267658826344, -0.052257754450766684, 0.20460217391311197, 300547000000, 
-0.8268246748989564, -0.0071298899276762, 0.20519511663262982, 300552000000, 
23.653508599192747, 1.2604042520209664, 0.2191261722266504, 300557000000, 
47.240972522871814, 1.9419092829599631, 0.261497176429602, 300562000000, 
1.8591648417672777, -1.160311684103556, 0.28566196004264943, 300567000000, 
6.251903941057935, -0.35911891484843655, 0.3130033210555381, 300572000000, 
-17.27728828444616, 1.4625232380625335, 0.3256184671244376, 300577000000, 
-18.73886488619048, 0.19858085862211927, 0.33682891451416824, 300582000000, 
-12.883530286207577, 0.08793294208038144, 0.34237896264514034, 300587000000, 
-9.145459655649422, 0.035661704146623945, 0.3467207237456516, 300592000000, 
-6.496378338235584, 0.0092954894852784, 0.349754282640307, 300597000000, 
-4.61025804605456, -0.014621511641078801, 0.3521502659767761, 300603000000, 
-3.2515379205697372, -0.016113689919887764, 0.3535982757088594, 300608000000, 
-2.226493038063925, -0.020558046502616556, 0.3549571198177913, 300613000000, 
-1.4550268689737507, -0.0050347868356708115, 0.35604428180623326, 300618000000, 
-0.9698279245677452, 0.002883968445114093, 0.35635837088952665, 300623000000, 
-0.651695275733849, -0.004680947506733393, 0.3565994523173357, 300628000000, 
-0.4493436557485337, -0.0016117473066846345, 0.3567793401398717, 300633000000, 
55.297081580960096, 2.7491096222351032, 0.40957749428346135, 300638000000, 
1.355551765416296, -1.069634529957976, 0.42391812635030846, 300643000000, 
2.4924736849604248, -0.8168741757163299, 0.4528170177157151, 300648000000, 
3.2466936935791573, -2.0920309796923595, 0.4785413620559358, 300653000000, 
-21.33377311354414, 1.0563808454711798, 0.4888024284027178, 300658000000, 
-15.21647903954032, 0.7947846978120163, 0.4963729054739563, 300663000000, 
-11.162497931243392, 0.5623190974139272, 0.5006157577108296, 300668000000, 
-7.976496686931444, 0.36312041113766585, 0.5052599077011147, 300673000000, 
-5.072335418002576, 0.22173645469866474, 0.5087373406742418, 300679000000, 
-3.4594432262537675, 0.15181392808579341, 0.5099438449188213, 300684000000, 
-2.5104490765360956, 0.1223511647760815, 0.511268613159273, 300689000000, 
-1.7027812379428282, 0.04957349108226739, 0.512067157855821, 300694000000, 
-1.2041172163852034, 0.04251254997282861, 0.5125861438813973, 300699000000, 
-0.8045100546329492, 0.04327353707665754, 0.5132648493107147, 300704000000, 
-0.515741451614188, 0.026479606484579084, 0.5133833480158987, 300709000000, 
67.56840979013792, 8.100881476568201, 0.5519849772202781, 300714000000, 
7.325867026722424, -0.638728703997075, 0.5781791509792845, 300719000000, 
3.4414259127222144, 0.1838140605063189, 0.6180803290405029, 300727000000, 
-3.8923694231736627, 0.8664644724746368, 0.6410612623283316, 300732000000, 
-20.843554204873158, 2.0528842031130883, 0.6515031465878186, 300737000000, 
-14.75655813001902, 1.4536704829113272, 0.6586019988008667, 300742000000, 
-10.471539416292574, 1.024004755939849, 0.6637039866204374, 300747000000, 
-7.1836770044334886, 0.7031109642711407, 0.6682057074097655, 300752000000, 
-5.0478148648553, 0.46463001869984105, 0.6702203006878615, 300757000000, 
-3.6936051411327138, 0.3596396635386082, 0.6718931403846078, 300762000000, 
-1.9662854416307831, -0.525976985701727, 0.6727945409149074, 300767000000, 
-0.13185226671609937, -1.7617264238149188, 0.6723273348108985, 300772000000, 
-0.13993599803265333, -1.1563867362125595, 0.6718878016539773, 300777000000, 
-0.05187898126731934, -0.7856556099079917, 0.6718967019858153, 300782000000, 
-0.08884809578855285, -0.5003928482155214, 0.6715007530920073, 300787000000, 
29.003709038721194, 4.7559742612978075, 0.6905161698275992, 300792000000, 
22.31487617625097, 2.6310723585224984, 0.7281413670342665, 300797000000, 
-0.2529812038398445, -1.4270638285331023, 0.7453027945138021, 300802000000, 
4.2072533758381345, 0.899241680694644, 0.7641537282737106, 300807000000, 
-0.7799268449765696, 0.5515380312269926, 0.8016744468829728, 300813000000, 
-21.72439505615758, 3.6576498909314514, 0.8058299784354164, 300818000000, 
-16.02199703408014, 2.7343992248127056, 0.8173109564043857, 300823000000, 
-10.529276220375992, 1.7592471278041373, 0.8228174631558931, 300828000000, 
-7.455699796075507, 1.2565774654224926, 0.826296519281403, 300833000000, 
-5.305364558471215, 0.8915599659737878, 0.8290997175229102, 300838000000, 
-2.377154061805707, -1.1096414846729763, 0.8297716043197956, 300843000000, 
-0.4168241055641256, -2.48229960411143, 0.8295358449124359, 300848000000, 
-0.30456155798162404, -1.677110639997548, 0.829133958770018, 300853000000, 
-0.1961016746173722, -1.1374841160808802, 0.8291437038525213, 300858000000, 
-0.13996262386644154, -0.7248704704535821, 0.8289894030689978, 300863000000, 
-0.1395951173847325, -0.42982041882277294, 0.8286510397408172, 300868000000, 
36.258247698992285, 10.799516648715615, 0.8576234446289694, 300873000000, 
12.372457143660478, 2.4481063761186603, 0.8843882870363983, 300879000000, 
0.7673442684209595, -0.17999798673486667, 0.9094941447944512, 300884000000, 
3.868242854229986, 1.1184233305072282, 0.9241300010603195, 300890000000, 
-36.75761565583218, -1.8364902933046545, 0.989418350737681, 300895000000, 
37.15303362970443, 6.836383142007993, 1.0207433550301241, 300900000000, 
-1.2244369961017632, 2.73875230614227, 1.035264811188518, 300905000000, 
-10.160780493203008, 3.0081133123421444, 1.0437920405635381, 300910000000, 
-8.752743313434259, 1.9474904438765774, 1.0478145828442629, 300915000000, 
-1.750116033859591, -5.49615672590931, 1.0473036720301425, 300920000000, 
-1.213136170372697, -3.893063101544267, 1.0472388758919073, 300925000000, 
-1.6035484003384632, -1.4725541682239902, 1.0474658925382354, 300930000000, 
-1.2812025365834658, -0.770371125192387, 1.0482538143067466, 300935000000, 
9.591252917752527, 4.337639969868381, 1.0549705738061426, 300940000000, 
20.730287571498735, 13.24419209542013, 1.081074195000198, 300945000000, 
3.6789708908922614, 3.2916259873435765, 1.1034357527034442, 300950000000, 
-20.65298851015383, -7.074022020357973, 1.196067497004316, 300955000000, 
-21.665728662314773, -3.681504167327804, 1.3095479009862911, 300960000000, 
1.3088010645815706, 0.615216174994434, 1.3891854492835884, 300965000000, 
22.236097559518033, 11.493615295873212, 1.4736516580504446, 300970000000, 
-0.5022954019790157, 5.202754512348075, 1.567401384023476, 300975000000, 
-18.645198833337, -14.550133492037931, 1.63307635697131, 300980000000, 
18.341836281336466, 24.685210746865298, 1.6873619183488966, 300985000000, 
-17.005354352067823, -22.35515088535404, 1.7347700584456625, 300990000000, 
0.6992431789915955, 1.1896735948601094, 1.786215215939671, 300995000000, 
0.6536164988124167, 1.2440108498000357, 1.8203489282204877, 301000000000, 
0.9594225542653401, 1.342791435871112, 1.8796019994598088, 301005000000, 
0.936006689239636, 1.7951273840899729, 1.9495883232993607, 301010000000, 
36.55621331171029, 59.7219006220845, 2.044233808939543, 301015000000, 
-34.34642655375625, -57.762049284254495, 2.1348522249951793, 301020000000, 
33.111707684460505, 59.2771464175462, 2.2199257503593475, 301025000000, 
-31.047919469699703, -56.96156961186269, 2.286859225100988, 301030000000, 
0.26907763295743375, 3.314407849665439, 2.320175010035321, 301035000000, 
-0.303291617615547, 4.920569925696219, 2.3654573314710374, 301040000000, 
18.242242244302922, 40.15568459716837, 2.4038863701912674, 301045000000, 
-16.66470430220111, -36.44356710515217, 2.437533956637126, 301050000000, 
17.241392655534238, 34.5802413632244, 2.4740653947907996, 301055000000, 
-16.061311657985105, -28.731539171154168, 2.504878654871468, 301060000000, 
12.677170732701768, 29.742933115216033, 2.5355011862245393, 301065000000, 
-13.076888965549832, -18.329382417668697, 2.559843675973642, 301070000000, 
7.75150608368737, 17.785359974914165, 2.579942305451255, 301075000000, 
-6.731108291919737, -10.173571667389071, 2.592646813273542, 301080000000, 
1.808923238268529, 4.434929725210588, 2.5956958291837493, 301085000000, 
-2.6844817870367788, -3.1276983914497394, 2.5923654627702244, 301090000000, 
-0.5763871556637121, 0.4015196600225056, 2.590669706356296, 301095000000, 
0.46999351617324797, 2.0744606586069825, 2.589268081737461, 301100000000, 
0.7458496299072153, 2.464407151626274, 2.58780888574458, 301105000000, 
-51.093671204212605, 48.220763633337604, 2.5423092540045644, 301110000000, 
0.07838464964256481, -0.06273120003517471, 2.541744773938194, 301115000000, 
16.074067133483418, -21.150019929928337, 2.5485380522505583, 301120000000, 
60.17986353627572, -35.30833765959333, 2.5778989897501368, 301125000000, 
-9.694720284570195, 13.697632725604178, 2.5733107661799504, 301130000000, 
-40.75516566339813, 40.423524685641986, 2.5306976815460853, 301135000000, 
0.12593433974887372, -0.18338158273041483, 2.530579738185858, 301140000000, 
22.779186703382234, -34.13648626096914, 2.5385391885410993, 301145000000, 
0.38625907443544194, 9.95286183247306, 2.5258273901842383, 301150000000, 
-0.1459793520537721, 0.06320567698870931, 2.525674336745238, 301155000000, 
-20.316794784146296, 24.84623114602066, 2.504385705101209, 301160000000, 
-9.757474233788397, 11.861496908403593, 2.496133348474196, 301165000000, 
-3.93794568146711, 12.41447971206488, 2.4864479781072713, 301170000000, 
0.6826064220298427, 2.1652000033895757, 2.4856029317801696, 301175000000, 
0.6324190413462737, 1.63479607551977, 2.4851261525291544, 301180000000, 
0.8144672220535032, 1.9181529231144163, 2.484318608644777, 301185000000, 
0.9283999200444736, 2.0633747293106546, 2.4835496135712654, 301190000000, 
1.045074859713989, 2.211896315022315, 2.4825687715043783, 301195000000, 
1.196933726002354, 2.410749952434853, 2.481702737312602, 301200000000, 
0.8371359342102008, 1.7165856454622697, 2.481511736847282, 301205000000, 
1.452989038906759, 2.7312767937253155, 2.480599322086624, 301210000000, 
0.8972829169740698, 1.7506442741587223, 2.479759993241337, 301215000000, 
1.4274930088837623, 2.5154136127119786, 2.4791833141201214, 301220000000, 
1.3172293823487395, 2.3284678606149942, 2.478325200480981, 301226000000, 
1.0361162479033177, 1.798280159412453, 2.4776189690758663, 301231000000, 
1.6347172852599816, 2.6069857641185608, 2.4770450704019615, 301236000000, 
1.1161821088234343, 1.849973809159138, 2.476466101388613, 301241000000, 
1.4849520183988407, 2.3164632717129265, 2.4763612893494225, 301246000000, 
1.609091138550989, 2.454317031886514, 2.475241437887327, 301251000000, 
1.8624952409197193, 2.765747848086096, 2.4747497460991585, 301256000000, 
1.2890328776559543, 1.9240254205687262, 2.4741842286860427, 301261000000, 
2.1120115876573973, 2.976301396497909, 2.473608392630653, 301266000000, 
1.3729402540592248, 1.9545232519047369, 2.473282616747454, 301271000000, 
1.816475840781766, 2.447975132101249, 2.4725398352007724, 301276000000, 
1.7910781016585413, 2.4024255884449737, 2.4721557315762417, 301281000000, 
2.368565660949585, 3.030205234393388, 2.4713933508109394, 301286000000, 
1.4929465585703527, 1.9677276652348263, 2.4709922561945574, 301291000000, 
2.3121820474159938, 2.8841190532215135, 2.470701694449551, 301296000000, 
1.6031222576392943, 2.03482702191552, 2.4700611761202684, 301302000000, 
2.1415831972063435, 2.5414809805070604, 2.469652006487378, 301307000000, 
2.536830637657773, 2.9620336664722844, 2.469129930722233, 301312000000, 
1.7264954866782545, 2.030510375406367, 2.4692900994408125, 301317000000, 
2.7582504350931645, 3.1111488761645516, 2.4682514418730723, 301322000000, 
1.7901836501439252, 2.053590912660593, 2.4679308987067556, 301327000000, 
2.7994935616352876, 2.9947893695055225, 2.4676206976683965, 301332000000, 
1.9091009132087051, 2.063054344300378, 2.4673417100320427, 301337000000, 
2.9945624583742703, 3.1174694908800396, 2.4668233440340286, 301342000000, 
1.9873952708113576, 2.061423867826122, 2.4665511952564816, 301347000000, 
2.5245552758646936, 2.538218066672381, 2.4660587307999786, 301352000000, 
2.5904318636034653, 2.592069223554211, 2.4655313509273307, 301357000000, 
3.220396583423667, 3.1513807029020557, 2.46493998033038, 301362000000, 
2.1177720355288003, 2.056472013681583, 2.465189395263507, 301367000000, 
3.1219456173837785, 2.9209872571042994, 2.4644896554671423, 301374000000, 
2.2249668970727865, 2.0274918003581757, 2.4640311658125165, 301379000000, 
2.8138626461313234, 2.4990174111920735, 2.4631491577613147, 301384000000, 
2.8825481372585045, 2.585435193116324, 2.463379293291581, 301389000000, 
3.592876910225155, 3.0903223918035123, 2.463020525267415, 301395000000, 
2.944103721642155, 2.549975510999152, 2.462823217276487, 301400000000, 
2.416134548371049, 2.0376682955459993, 2.462395682988378, 301405000000, 
3.753737723141309, 3.0936302345689475, 2.461767133313636, 301410000000, 
2.486313368917139, 2.037980349298123, 2.4618953735186206, 301415000000, 
3.7833034422409986, 3.0051953639876863, 2.4615004707657175, 301420000000, 
2.5263799561790234, 2.018697144108012, 2.4612227640369566, 301425000000, 
3.945867648135395, 3.0200938956242305, 2.4608806729226655, 301430000000, 
2.6020991148189476, 2.05174984930123, 2.460795285772626, 301435000000, 
4.000906259050807, 2.9442242498139697, 2.4608223266364346, 301440000000, 
2.68175729050305, 2.0082710895154934, 2.4605081356611436, 301446000000, 
3.462960114781099, 2.5046771559581846, 2.460630130123077, 301451000000, 
4.152403178933748, 2.913771208419105, 2.4608108557981656, 301456000000, 
2.7683051171085302, 1.959077432484765, 2.460649823529898, 301461000000, 
4.294082544621935, 2.950240302988892, 2.4604670424089807, 301466000000, 
2.8518880886118874, 1.9143298616186897, 2.460833710228344, 301471000000, 
4.3661917236583685, 2.896437538278992, 2.4602423069944446, 301476000000, 
3.69859821180872, 2.403707341760704, 2.4607510467676637, 301481000000, 
3.7363261284515925, 2.3618874536255525, 2.4612038383540455, 301486000000, 
3.01584303542889, 1.8711176474878113, 2.4609690203062526, 301491000000, 
4.583680139030583, 2.8005244316257287, 2.4612776795469324, 301496000000, 
3.0813515834161325, 1.8607384973523542, 2.4615091108762854, 301501000000, 
3.890219394289354, 2.2933513291174457, 2.4614447606244356, 301506000000, 
3.9491299501869026, 2.2704941466415116, 2.461993031258237, 301511000000, 
3.970868761169051, 2.283278703596337, 2.4619127406878216, 301516000000, 
3.9787946179390388, 2.2557026306141936, 2.462657550372265, 301521000000, 
4.059424684169568, 2.2404488428004012, 2.4629977774764718, 301527000000, 
4.057668679261694, 2.2062372858262553, 2.4637479509797253, 301532000000, 
4.096436630149154, 2.1553190486123954, 2.464029149313302, 301537000000, 
4.1781716477412765, 2.167938877311029, 2.464638274616245, 301542000000, 
4.196505046163349, 2.1186508387964977, 2.4652637438410077, 301547000000, 
5.061964211423777, 2.488881898170566, 2.4659257041522444, 301552000000, 
3.3441994221901625, 1.6504625461953595, 2.4663204072290674, 301557000000, 
5.13364279144496, 2.4265463656270296, 2.4675039650299206, 301562000000, 
3.4434487680308874, 1.6284043677620264, 2.4680393235411793, 301567000000, 
5.198472134546631, 2.3754134707854577, 2.4691025553722588, 301572000000, 
3.8912047218714223, 1.7092031001440902, 2.4696909956488793, 301580000000, 
4.417495894126385, 1.900862150733127, 2.470356824255082, 301585000000, 
4.467229189524982, 1.869209682972783, 2.471227530864984, 301590000000, 
4.487987358938439, 1.8573934364688078, 2.472313309373485, 301595000000, 
5.42165514710185, 2.1873805489791764, 2.4733222748565318, 301600000000, 
4.564541026491154, 1.7676482367357713, 2.4743109226287427, 301605000000, 
4.567405108469467, 1.7316740506091939, 2.4748989133492225, 301610000000, 
4.617768871866536, 1.699591930920667, 2.476441764065089, 301617000000, 
3.071745264421611, 1.1217307208819116, 2.476590065397606, 301622000000, 
4.680808847711591, 1.6518653440128321, 2.478080822449818, 301627000000, 
4.693776740396516, 1.579316502657982, 2.4791890337047997, 301633000000, 
5.749147985146607, 1.8603551242479388, 2.4807715579340335, 301638000000, 
4.039800123537584, 1.2915358836641395, 2.4814554641781936, 301645000000, 
4.798854770885636, 1.4651915736626389, 2.4824886349438287, 301650000000, 
4.840701612253935, 1.4288029863548177, 2.484162694971128, 301655000000, 
4.81970424669198, 1.3912833817612362, 2.4850318385947148, 301661000000, 
5.866665059468955, 1.6443135244423206, 2.4867004447459355, 301666000000, 
3.9122518234571495, 1.0313846696222657, 2.4879166356315334, 301671000000, 
5.895790585211868, 1.5242323468725658, 2.4888152302185746, 301676000000, 
3.9064478427083835, 0.9884271098401414, 2.489982123017961, 301681000000, 
4.9560335995487375, 1.1847761258615745, 2.4916203417486833, 301686000000, 
5.005832725914465, 1.1577549759819945, 2.4926163632882563, 301691000000, 
4.978502265101559, 1.1283933251243177, 2.493445066297005, 301697000000, 
5.734914553577381, 1.2317150670585952, 2.4960094661617016, 301702000000, 
4.0007078479497284, 0.8558469089276505, 2.4963626279461693, 301707000000, 
6.074749572984965, 1.156473767980642, 2.4979549465286843, 301712000000, 
4.353827376103596, 0.796760863574252, 2.4998981259699846, 301719000000, 
6.791263148570262, 1.1743429262544602, 2.5012195988112733, 301724000000, 
5.109827014008803, 0.8667068843981239, 2.5026367044444893, 301729000000, 
5.117412789019287, 0.7989815715478175, 2.504175941030766, 301734000000, 
4.048166225113307, 0.5841444074654358, 2.505837804356519, 301739000000, 
6.135195596347748, 0.8463102126552117, 2.5073917192275426, 301744000000, 
4.077036392556519, 0.5409189632058298, 2.5087746221441116, 301749000000, 
6.202868177369774, 0.7799097894889461, 2.510496440753934, 301754000000, 
4.1071426916140545, 0.4538483023332382, 2.511751660826464, 301759000000, 
5.758608843465394, 0.5560899551663948, 2.5152360394131636, 301767000000, 
5.1982952800367, 0.45596075516457346, 2.5173747190463205, 301773000000, 
3.450302755633801, 0.2711829011564601, 2.5176203051117594, 301778000000, 
6.231413771807843, 0.4216526493012018, 2.519814386090659, 301783000000, 
5.199908347760236, 0.35666853898085205, 2.522289810869905, 301788000000, 
4.185433861377477, 0.2048192186975321, 2.5237642259589466, 301793000000, 
6.277958779876247, 0.2718111383103387, 2.5258859382726624, 301798000000, 
4.151280376330814, 0.13316865028057337, 2.5274738109340795, 301803000000, 
6.297771805315529, 0.12877238905960905, 2.5298076854808755, 301808000000, 
5.20563863031553, 0.07757155343437325, 2.5324198813956853, 301814000000, 
5.235314363267767, 0.017484910848972395, 2.5355171623272237, 301821000000, 
5.2327542122599215, -0.06768936625344935, 2.537421308860605, 301826000000, 
3.4493050645358285, -0.025445694478089455, 2.5381744426451234, 301831000000, 
5.99537798737051, -0.181746130151477, 2.5417303393881565, 301836000000, 
4.161006867944773, -0.18062245290740866, 2.543363145094762, 301841000000, 
6.306524467071571, -0.29727713432648756, 2.545939781705845, 301846000000, 
5.228380339582778, -0.2957940749983375, 2.5480208364485417, 301851000000, 
5.200432135760591, -0.35340735012781843, 2.5503400952783077, 301856000000, 
5.214309154405613, -0.4023663196709048, 2.552320975921306, 301861000000, 
35.69860723998814, 4.673922568208068, 2.532232686497554, 301866000000, 
18.141619506155926, -2.9376408175191906, 2.526596090450007, 301871000000, 
12.94949906494546, -2.263583235969304, 2.52352831795127, 301876000000, 
10.35645886432988, -1.9702272668439678, 2.5201984527302868, 301881000000, 
8.681194057088732, -0.9294014061272149, 2.517024316923058, 301886000000, 
5.105836247765221, 0.10958116558156139, 2.514026690432655, 301892000000, 
5.183466178209411, 0.12513774965742833, 2.5123693447433113, 301897000000, 
4.468787951275958, 0.0932839582085393, 2.5101375414017335, 301902000000, 
5.212316252428988, 0.029350380567286494, 2.5084440510977544, 301907000000, 
7.0164463483524875, -0.09394601797637506, 2.5056325151976058, 301912000000, 
4.111550933428863, -0.049019653764396154, 2.5037447234634187, 301917000000, 
5.140461663803092, -0.0793726731543443, 2.5021862782489017, 301922000000, 
4.536371179297168, -0.08342363477776335, 2.4995883335625577, 301927000000, 
5.112125414289595, -0.18776118541620684, 2.498238683341177, 301932000000, 
5.645586551802643, -0.32426714343597063, 2.495852501543707, 301937000000, 
5.50790915073498, -0.250629312771335, 2.493458636047447, 301942000000, 
5.114117884240826, -0.33119794165561167, 2.4921386325389117, 301947000000, 
5.542100436986265, -0.4317779350744018, 2.4894255341545954, 301952000000, 
4.024346596512431, -0.3235452913311454, 2.487992395322511, 301957000000, 
5.539088814762584, -0.44223137099546045, 2.485124317404842, 301962000000, 
4.007353558460433, -0.3942526462288741, 2.484450473643823, 301967000000, 
6.465888090860857, -0.7349773185908901, 2.4820100374921745, 301972000000, 
4.615649912611977, -0.507568313916278, 2.4798598504952754, 301977000000, 
4.982130100091252, -0.6166167951938955, 2.4781995195003526, 301982000000, 
3.922817735205265, -0.5319926334956524, 2.4765877310356355, 301987000000, 
6.302134898876291, -0.8855739150232177, 2.4744410951887605, 301992000000, 
3.8863312795885396, -0.5778305389789231, 2.4729719935621017, 301997000000, 
5.519973298486798, -0.8607916027847576, 2.471251848492862, 302002000000, 
5.159713471197494, -0.8704898254729982, 2.46903239774991, 302007000000, 
4.8679670386341, -0.8728253409232136, 2.468061322920457, 302012000000, 
3.8241414834224945, -0.7238317213879791, 2.4661484334443005, 302017000000, 
5.49269104816369, -1.0573338010680349, 2.4644779694622727, 302022000000, 
3.829501959801156, -0.7585544807900514, 2.4628635525149907, 302027000000, 
5.96448536593171, -1.2982344783757225, 2.4613546120159664, 302032000000, 
3.7820638567760194, -0.8254376558531206, 2.4595516608944457, 302037000000, 
5.4115605490634415, -1.1922417882222773, 2.4579925333603136, 302042000000, 
3.739082045332658, -0.8760743325129984, 2.4568074025634083, 302047000000, 
5.833970185020256, -1.433649581320742, 2.455058236496473, 302052000000, 
3.6837194686252266, -0.9262885810836933, 2.4539659931392777, 302057000000, 
5.3182379436941, -1.345851062358923, 2.452291386870493, 302062000000, 
3.6466009599797626, -1.0187626078662262, 2.4511747959997168, 302067000000, 
5.632179844947892, -1.6005952744436025, 2.449715219523195, 302072000000, 
3.5728214622852623, -1.0160758896241553, 2.44814871081435, 302077000000, 
5.208107904304305, -1.5509408051726297, 2.4471727617117014, 302082000000, 
3.5663995773808663, -1.0946285143889025, 2.445924299225566, 302087000000, 
4.984610288247117, -1.589369747912712, 2.4435475350290163, 302095000000, 
4.337497176516143, -1.3904820959365836, 2.4425097849561808, 302100000000, 
4.223546072266833, -1.4358623527526877, 2.4416682812995036, 302105000000, 
4.312862287168313, -1.4670993394727625, 2.4407679833204057, 302110000000, 
3.4114117017664363, -1.1958512983763818, 2.439835628892676, 302115000000, 
4.311864510563224, -1.5831849869724302, 2.4385015641530905, 302120000000, 
4.166173053515442, -1.5213549626879315, 2.4377822535623728, 302126000000, 
4.075418878391598, -1.528653043651466, 2.4369317477522072, 302131000000, 
4.189369091857256, -1.6626606780164528, 2.435567098527004, 302136000000, 
4.069036178681858, -1.6133139785622161, 2.434714476032837, 302141000000, 
4.056653093058237, -1.6744046035998297, 2.4345308877784313, 302146000000, 
3.935812911384821, -1.6539060511796684, 2.433450823088959, 302151000000, 
4.851873141051215, -2.077186312049388, 2.4323560236706894, 302156000000, 
3.1277657398382805, -1.3553583040259698, 2.4319268841841324, 302161000000, 
4.6364203843183835, -2.0228789157756193, 2.4305296175129967, 302166000000, 
3.059144556338581, -1.4024516117670185, 2.4303440918660852, 302171000000, 
3.865597203291255, -1.7880254038295447, 2.4297175549051806, 302176000000, 
3.7763973247691127, -1.770163500437635, 2.429245428657395, 302181000000, 
4.441145931465026, -2.094368407504267, 2.4285539672830474, 302186000000, 
2.9206927154674687, -1.471621028647263, 2.4280984638978063, 302191000000, 
4.489563110238456, -2.198682440609646, 2.4268199070373546, 302196000000, 
2.882960327886549, -1.4744080128678483, 2.4268034790649646, 302201000000, 
4.247639555651041, -2.172053745525404, 2.4261209596586553, 302206000000, 
2.820658227756427, -1.521071082766783, 2.425957985141389, 302211000000, 
3.532142366268831, -1.8918206399656476, 2.4252080902684305, 302217000000, 
4.114925795159641, -2.2491635343737086, 2.4246335054750747, 302222000000, 
3.414405175454386, -1.8773844122422756, 2.4239286253569636, 302227000000, 
3.381060372196393, -1.905212779899654, 2.4236905185003663, 302232000000, 
2.804237887478236, -1.6157119274241936, 2.4232363833300985, 302238000000, 
3.272931883798301, -1.9218176010661443, 2.4230758739166167, 302243000000, 
3.9499412708867063, -2.3322539272581073, 2.4222138834941953, 302248000000, 
2.5116949607169636, -1.5627133112710105, 2.421922317886832, 302253000000, 
3.1265487834798384, -1.9426326001410221, 2.421750745274216, 302258000000, 
3.082640104599795, -1.9483613054580147, 2.421341639178432, 302263000000, 
3.7106692155313397, -2.359299625841737, 2.420522850178842, 302268000000, 
2.961339649189439, -1.9681368455673471, 2.4199620673548394, 302273000000, 
2.3171350369621133, -1.561367652702624, 2.4197665838982587, 302278000000, 
2.878481580018751, -1.9615881592743236, 2.4195560280920754, 302283000000, 
3.4846135679788555, -2.3521784776978376, 2.419142592982541, 302288000000, 
2.282689124336673, -1.5966939478759103, 2.41899369000098, 302293000000, 
2.740954604898087, -1.9649020491667242, 2.418299830651123, 302299000000, 
2.7417213602017174, -1.9698482206475167, 2.4179175460357247, 302304000000, 
2.6912917207468277, -1.973706661098561, 2.417842413386792, 302309000000, 
3.151546178295356, -2.3306392179278514, 2.417513238280872, 302314000000, 
2.047048880024716, -1.5630036207833058, 2.4173731867675534, 302319000000, 
2.5516455421854456, -1.9610740157085338, 2.4170650494439427, 302324000000, 
2.4862427832959573, -1.9463545373527262, 2.4169666882204934, 302329000000, 
2.41499100511184, -1.9515051157560506, 2.416100077654055, 302334000000, 
2.3496765691459127, -1.9210568808633948, 2.416503233425568, 302339000000, 
2.836010535591649, -2.281117461247783, 2.416294635616095, 302344000000, 
1.4826271808954947, -1.2574546974842686, 2.4162285615264834, 302349000000, 
2.556335140868829, -2.1397675725965604, 2.415697591345951, 302354000000, 
1.715691751467105, -1.5057685887044818, 2.4154764167604794, 302359000000, 
2.1415755432679937, -1.8745755136007225, 2.4153218466295283, 302364000000, 
2.0378758403599897, -1.860307324823476, 2.4153917638964337, 302369000000, 
2.053364473600236, -1.8430810914293043, 2.415545592421407, 302374000000, 
1.9684394973532764, -1.8393932263950605, 2.4153970594028085, 302379000000, 
2.366159821146593, -2.1937754991098557, 2.415062729974961, 302384000000, 
1.4983211704272572, -1.4233465723613101, 2.415552059967698, 302389000000, 
2.2226772748548784, -2.0963148140230357, 2.415241004986495, 302394000000, 
1.4201198431658033, -1.3955767677795352, 2.41553085229433, 302399000000, 
2.1172159326784055, -2.098754078532917, 2.415634380579639, 302404000000, 
1.6611467016133785, -1.7441155642989015, 2.415775857099281, 302409000000, 
1.649805285741819, -1.6929157357141433, 2.415626533442331, 302414000000, 
1.2956787474963158, -1.3381472108508747, 2.415662077785173, 302419000000, 
1.8838491712581191, -1.9821269084392505, 2.416022709612294, 302424000000, 
1.1933648769235956, -1.2971793214808438, 2.415862006602259, 302429000000, 
1.4608287223553453, -1.6086428085479727, 2.4163557326843814, 302434000000, 
1.3862023857634795, -1.566464766399895, 2.4167809566230067, 302439000000, 
1.3346221590565237, -1.5555490948269621, 2.4172159120219328, 302445000000, 
1.5925142990775614, -1.8442620133760321, 2.4174316441383383, 302450000000, 
0.9787772276618768, -1.2231592463995284, 2.4172126613171074, 302455000000, 
1.449089301628704, -1.7435477438332678, 2.417712454302347, 302460000000, 
0.8997570918301648, -1.1556545850134312, 2.417685866854256, 302465000000, 
1.3225653308568919, -1.6921435550449673, 2.4180432715519546, 302470000000, 
0.8155222711078146, -1.1164282102323742, 2.4187286155177974, 302475000000, 
1.2299441224092271, -1.6326968983910777, 2.418893039469158, 302480000000, 
0.9565734400376671, -1.3213775657483395, 2.4190809086631466, 302485000000, 
0.9036570206053004, -1.270666037182463, 2.4188680791154704, 302490000000, 
0.668701375760849, -1.021795482101635, 2.4194439276296333, 302495000000, 
0.9661168985903282, -1.4261257203544566, 2.4197000297760534, 302501000000, 
0.760682919153666, -1.176881869562597, 2.4195725322520554, 302506000000, 
0.5424068768997451, -0.9061352221920529, 2.4195820091434386, 302511000000, 
0.7816438446114296, -1.3147111743761557, 2.420579420229707, 302516000000, 
0.4563717061034973, -0.8253069187270876, 2.4202781562343847, 302521000000, 
60.54211291183918, -39.32417984326803, 2.3789564503576837, 302526000000, 
11.803307386653504, -6.143369844158324, 2.369338408982571, 302531000000, 
-0.8031447629213284, 2.4780427586697513, 2.364326890243081, 302536000000, 
-0.14479527134547793, -0.37555957333912415, 2.362837037463552, 302541000000, 
0.3592823715426375, 0.6605296469426323, 2.3580709296081848, 302546000000, 
0.2767713359479749, 1.1606854385173637, 2.358061827000767, 302551000000, 
1.113060483612622, 0.33486601692846446, 2.3479776575905467, 302556000000, 
-4.439100040451008, -1.2333119996693749, 2.3478787146950846, 302561000000, 
0.4798763904897078, 1.3694756582956593, 2.3460901864988863, 302566000000, 
0.7465480353039439, 0.5622301025931197, 2.3442393137025213, 302571000000, 
0.7038151859033099, 0.255092577239808, 2.3421090492101717, 302576000000, 
0.6810955637345624, 0.22661375665479608, 2.340319797363291, 302581000000, 
0.6200917931745071, 0.25315888027690336, 2.338479001447317, 302586000000, 
0.5935571918782094, 0.2911224107349166, 2.335922164656385, 302592000000, 
0.5808533254373546, 0.36883592479603056, 2.3339563378979573, 302597000000, 
0.5336610051917813, 0.4151122833929561, 2.33203589685011, 302602000000, 
0.5145464232144487, 0.4313102428256186, 2.3298847052338094, 302607000000, 
0.47506764719245453, 0.5072089345444982, 2.328148733347876, 302612000000, 
0.4620006858788036, 0.5126144304757616, 2.3263038131843494, 302617000000, 
0.3703783084309221, 0.5943328027090784, 2.3243929142211113, 302623000000, 
0.3459594754647907, 0.6530153794808775, 2.3221944142788105, 302628000000, 
-0.6567098321752162, 0.27002316825990896, 2.3197196006140857, 302633000000, 
0.6175128324916691, 0.7053440580149031, 2.314515190617712, 302638000000, 
0.35648190885601394, 0.7314258075966348, 2.3105862866677995, 302643000000, 
0.25613518773567717, 0.8584371364039912, 2.3067857698404883, 302648000000, 
0.17309232599297505, 0.8958472765922159, 2.301928999623592, 302653000000, 
0.1520951813495421, 0.9630780902379428, 2.299182222203164, 302658000000, 
0.11178832561251274, 1.0429204182315874, 2.2952492818469707, 302663000000, 
0.0863207709893805, 1.09316567002635, 2.291695034988079, 302668000000, 
0.005502315849522156, 1.1355892528026996, 2.287193595545574, 302673000000, 
-42.73743497686803, 6.764446104099871, 2.159092509466782, 302678000000, 
-42.63471632549441, -1.296954126630508, 2.038824181446732, 302684000000, 
-13.902030531315075, -2.2459496971874113, 2.027904325600481, 302689000000, 
6.1296410174368265, -1.910563777735965, 2.0289138445925547, 302695000000, 
21.584128034024037, 0.8877909963178984, 2.039113675677645, 302700000000, 
5.515957105016451, 0.6730409410505269, 2.0404279427202665, 302705000000, 
1.30478594987677, 0.5906748915590936, 2.040372663004791, 302710000000, 
0.2801893672600257, 0.6400870605095731, 2.0393444512910075, 302715000000, 
-0.0008255648466383332, 0.6746502443015273, 2.03818454809858, 302721000000, 
-0.03753042825316398, 0.7381204331216905, 2.0372080014711593, 302726000000, 
-0.10318595984750072, 0.782943013037608, 2.0355872464656426, 302731000000, 
-0.12739149010524048, 0.8623912773613127, 2.034609988651767, 302736000000, 
-0.13335021082043833, 0.8661403135520954, 2.033631765917576, 302741000000, 
-0.1748824675773245, 0.9220279326396774, 2.032139882977037, 302746000000, 
-0.17072694444114495, 1.0169052016097817, 2.0308892228831725, 302751000000, 
-0.1639982100289612, 1.0932821178325487, 2.0300098296435434, 302756000000, 
-0.18385869197488122, 1.1565552986847991, 2.0287444860606603, 302762000000, 
-0.2375051502054638, 1.2234404732001976, 2.0278841289107765, 302767000000, 
-0.23964387140571364, 1.2425665802753039, 2.0264849579521638, 302772000000, 
-0.2777725665504433, 1.3085835955864167, 2.0253539007929455, 302777000000, 
-0.2666690652653532, 1.379441466409135, 2.0237494124899302, 302782000000, 
-0.2876568780969598, 1.4109034104107911, 2.0231240686411707, 302787000000, 
-0.30710793015660504, 1.4880835818122482, 2.0215767848298833, 302792000000, 
-0.3007943404744467, 1.5866828618174513, 2.020331395242282, 302797000000, 
-0.34800223883280546, 1.5776754573425202, 2.0191181628505053, 302802000000, 
-0.3366523904412406, 1.6574269240213535, 2.0184299203666423, 302807000000, 
-0.3502386206603273, 1.7056391552528751, 2.016444832368693, 302812000000, 
-0.36115222098798117, 1.792778327067911, 2.0153245748628583, 302817000000, 
-0.3687287275027181, 1.8060911000316857, 2.0146524238091454, 302822000000, 
-0.3314201151868923, 1.9061841920050118, 2.0133795790552846, 302827000000, 
-0.3896781890897866, 1.949614098540127, 2.012492808334187, 302833000000, 
-0.39624559912361457, 2.034049395596121, 2.0106404306846626, 302838000000, 
-0.4387229687546865, 2.0404805761531217, 2.009696998695991, 302843000000, 
-0.4389634514803647, 2.1549996308597894, 2.0084466110567982, 302848000000, 
-0.4485156494543554, 2.2224856724747264, 2.0068299447689246, 302853000000, 
-0.4268372611805983, 2.236770361245447, 2.0055703956151527, 302858000000, 
-0.44293081334000806, 2.309013304309666, 2.0042060208301518, 302864000000, 
-0.4160916289744638, 2.3956990515087595, 2.0027246558622274, 302869000000, 
-0.44133857887882144, 2.4415862368748824, 2.0019070544566713, 302874000000, 
-0.7648995346283982, 2.4750542193539, 1.9993294866133566, 302880000000, 
-1.419171298933907, 2.3953071309102283, 1.9980148885062738, 302885000000, 
-0.7405468812017186, 2.487640988728009, 1.9972229408303426, 302890000000, 
-0.5185223435086386, 2.5884374288205168, 1.9956779516732346, 302895000000, 
-0.46329198067298816, 2.6762668265603384, 1.9943987259894684, 302900000000, 
-0.4487356784855846, 2.768881161556976, 1.9931012978071752, 302905000000, 
-0.4685058920160168, 2.7730242014702893, 1.9918071725405726, 302910000000, 
-0.4525934888957471, 2.872116857230383, 1.9905903040325261, 302915000000, 
-0.44297083136869175, 2.924374947274266, 1.9888144193072919, 302920000000, 
-0.48036715197474716, 2.9745905948271587, 1.9880688839173883, 302925000000, 
-0.42566790577101205, 3.0243948299773127, 1.986733659439432, 302930000000, 
-0.4645146363922749, 3.0341671357302147, 1.9857495076799918, 302935000000, 
-0.4497946648757242, 3.131877737317519, 1.9844695162236186, 302940000000, 
-0.4353544487269495, 3.1739745014148544, 1.9833855945996903, 302945000000, 
-1.8242592179517476, 2.5704287719518373, 1.9814798601819008, 302950000000, 
-0.46011783732603234, 2.1037905061912903, 1.9818931825425825, 302955000000, 
0.25241579009658216, 2.4879908043601358, 1.9820101980662297, 302960000000, 
3.2880936244792194, 4.903134309447143, 1.9821493234519418, 302965000000, 
-1.5394938407743572, 3.859534504097056, 1.9807589600286004, 302970000000, 
-2.1473671194416952, 3.4218571733527074, 1.979135528306981, 302975000000, 
-1.3905195040222857, 2.30388645345165, 1.9786716459792992, 302980000000, 
0.367609314176529, 2.7939275255418923, 1.9786913237170534, 302985000000, 
2.368923628821405, 4.195793797131231, 1.9796968268427306, 302990000000, 
-0.8203015085354066, 4.735719845611498, 1.978486613240412, 302995000000, 
-2.929758048211587, 3.3579972617673026, 1.9766691643670509, 303000000000, 
-0.6638555387651718, 2.7039171298274045, 1.9765353465755797, 303005000000, 
0.29150543714432925, 3.1128906329035533, 1.9769678010997234, 303012000000, 
-0.07412516840289146, 3.236598715914218, 1.9771859013191766, 303017000000, 
1.9046507631211338, 6.067071079970385, 1.977210177311921, 303022000000, 
-2.9584271508974904, 3.356840614141987, 1.9751937121739476, 303028000000, 
0.09649675605862118, 3.301002246629539, 1.975324452530826, 303033000000, 
0.20588403665497626, 3.501134365082198, 1.976190424629288, 303038000000, 
-0.09418031835493959, 3.6235739492915355, 1.9764590268316327, 303043000000, 
2.14860846593346, 5.2731051291778925, 1.9772705214228583, 303048000000, 
-2.4747935593588317, 4.410263754258753, 1.9755278831537202, 303053000000, 
-0.731233217501699, 3.4994233318055654, 1.9753704387710314, 303058000000, 
0.2484539052882419, 3.815499708965024, 1.9757087341803063, 303063000000, 
0.04115809052628707, 3.90895689769455, 1.9762080106884894, 303068000000, 
-0.11159552374814403, 4.052814607006423, 1.9760977928917067, 303073000000, 
-0.13931943082587409, 4.103290750817157, 1.976374326846415, 303078000000, 
1.7616797376211386, 5.932724233244463, 1.977573724663019, 303085000000, 
-3.601271000341984, 4.0227036717348605, 1.9761195285173525, 303089000000, 
-0.4975691097499254, 4.034944021008544, 1.9757204400291346, 303094000000, 
0.32064790664687903, 4.255436516124764, 1.9765780183175812, 303099000000, 
0.08169706381931674, 4.356953282079206, 1.9770516909280365, 303104000000, 
-0.04204433873688208, 4.428889444531413, 1.9768788782599056, 303109000000, 
-0.019082482756359313, 4.487098862855749, 1.9771427326229896, 303115000000, 
0.01202500239935185, 4.628323538590912, 1.9776917490389765, 303120000000, 
0.02486504832446123, 4.721656660758978, 1.9780720216939065, 303125000000, 
0.053436878617576566, 4.7817219066580705, 1.977908102881605, 303130000000, 
0.09394290146005513, 4.840775971124433, 1.9781211322895966, 303135000000, 
0.11651633510427536, 4.91503179268768, 1.9784370614141864, 303140000000, 
0.1122799168780722, 4.966989446410237, 1.9790199313070849, 303145000000, 
0.14414220480975434, 5.029116707482012, 1.9790484420166887, 303150000000, 
0.19909949754254586, 5.073858942044793, 1.9794791874983397, 303155000000, 
0.20361387901454645, 5.166689887894174, 1.979779245846625, 303160000000, 
0.23491618014040846, 5.161063546146665, 1.9799683955989003, 303165000000, 
0.2291232867325656, 5.242725701143868, 1.9802754456952658, 303170000000, 
0.2901545332296941, 5.246306632961069, 1.9805502630771503, 303175000000, 
0.2872200804820537, 5.29064529530589, 1.981163517457703, 303180000000, 
0.3308866663936053, 5.341729782956015, 1.9811330651237071, 303185000000, 
0.36269421485706516, 5.389071989016491, 1.9816897588441698, 303190000000, 
0.38225162940378726, 5.446740293468914, 1.9820905276677532, 303195000000, 
0.3956119872087954, 5.454040820180894, 1.982254179360399, 303200000000, 
0.43433648083571813, 5.500791600907757, 1.9826376141361282, 303205000000, 
0.46067191257015433, 5.548226406365387, 1.9827671675428096, 303210000000, 
0.5333375436825006, 5.57391182752708, 1.9834157593965072, 303215000000, 
0.532308037383011, 5.600011880270687, 1.9836188234411543, 303220000000, 
0.5548011303117154, 5.623901786311672, 1.9844326795547345, 303225000000, 
0.5792254584344885, 5.665298202106299, 1.9843677489924159, 303230000000, 
0.6286374249180368, 5.707662287325139, 1.9847204281866289, 303235000000, 
0.6307691004367008, 5.723100733718105, 1.9854008353691923, 303240000000, 
0.698702376465513, 5.779998258426647, 1.9860696852915873, 303245000000, 
0.7053674146743419, 5.804004193501501, 1.9867301660964092, 303250000000, 
0.7540156383482717, 5.802221350248047, 1.9867228136873167, 303255000000, 
0.7909657497038208, 5.844992865841608, 1.9879436026132893, 303260000000, 
0.8116050419844675, 5.855791228092059, 1.988137389635558, 303265000000, 
0.8496958601217286, 5.9102343359455825, 1.9893904843525105, 303270000000, 
0.8869536973056232, 5.930599208331955, 1.9892242838905243, 303276000000, 
0.948311698508624, 5.943581758345035, 1.990374077876716, 303281000000, 
-52.89845674862763, 74.06111521196932, 1.9329629634342846, 303286000000, 
2.205950641250251, -2.110377070149178, 1.9341454261955122, 303291000000, 
74.81394662566613, -39.13703832401663, 1.9705365481818455, 303296000000, 
5.417439909515032, 1.629839981996474, 1.973456828463515, 303301000000, 
-15.631650731910772, 10.91219908062075, 1.9658059682731903, 303306000000, 
-4.9764134513598774, 5.7487910442692876, 1.9633065163305286, 303311000000, 
0.2897525518364654, 3.7238990190540346, 1.963617992592539, 303317000000, 
0.9526781645421745, 3.9368106935630114, 1.9642677170944507, 303322000000, 
0.8789838706106757, 4.387695140688839, 1.964867048722579, 303328000000, 
-41.67339822268926, 60.81935244579898, 1.9189384602039095, 303333000000, 
0.13743612335386118, 0.0006174289836598321, 1.918877880744339, 303338000000, 
45.96570506077651, -20.922239065140747, 1.941576979957328, 303343000000, 
26.799470131747682, -12.703803135299104, 1.954682319100108, 303348000000, 
-13.963431275263387, 10.084126371881096, 1.9467147215065512, 303353000000, 
-5.148334486655505, 6.155689097698275, 1.9450197384113086, 303358000000, 
-32.53214536258684, 42.281960817439774, 1.911012552276744, 303363000000, 
10.47459314173598, -1.7458054790393425, 1.9159039786083512, 303368000000, 
48.1359137888637, -21.463116970740284, 1.9397795392904091, 303373000000, 
-28.114729343435094, 26.396772768902935, 1.9157914956723203, 303378000000, 
-0.04536149884234947, 0.008581404227729522, 1.9154459108893158, 303383000000, 
-1.5936626427373057, 13.151761885418887, 1.9093269671783448, 303388000000, 
-6.657162869558082, 11.454358776676326, 1.8904821309922648, 303398000000, 
-6.84768107388155, 11.163821161760348, 1.8836852882481818, 303403000000, 
-8.403916071669288, 14.825373609412939, 1.8724356986973956, 303408000000, 
-4.928668231661636, 8.814125213179967, 1.865949761569171, 303413000000, 
-0.8914133933951508, 6.678888066180006, 1.8613973075222872, 303418000000, 
1.6951893492999583, 5.72836020744683, 1.8597018061090993, 303423000000, 
2.3603972975304117, 7.697760381332634, 1.8559523498477846, 303428000000, 
1.3819978613899648, 4.617018863540271, 1.8540994210451704, 303433000000, 
1.9198939093327383, 6.224539887214376, 1.851806818005948, 303438000000, 
1.479033503205572, 4.615449804744382, 1.8497562161091219, 303443000000, 
2.4806866200743816, 7.6288713673502615, 1.8468032291494993, 303448000000, 
1.496418322240244, 4.568733111162883, 1.8436557946565344, 303454000000, 
2.583527635336527, 7.588097445077198, 1.841094728411575, 303459000000, 
1.5727824802333312, 4.705594575797222, 1.8387389914253591, 303464000000, 
2.0089741220395627, 5.85147833284852, 1.8372675080481717, 303469000000, 
1.884784763618543, 5.384085459519442, 1.8342542916225, 303475000000, 
2.4103326897710784, 6.7033166347582664, 1.8307136831072417, 303481000000, 
2.313399765569397, 6.280005937185741, 1.8275392301120332, 303488000000, 
1.7348180373415105, 4.689699564503592, 1.8257263309859952, 303493000000, 
2.494296446400963, 6.616685759513996, 1.8230768562858075, 303500000000, 
1.8123726618834568, 4.71457949481913, 1.8213886313375285, 303505000000, 
2.637710262317361, 6.730841387119907, 1.8177139956694521, 303510000000, 
2.5011927183827027, 6.205700719937121, 1.8150676765557614, 303516000000, 
1.9115935233500934, 4.707953155882695, 1.8128728215953558, 303522000000, 
2.2917596241695724, 5.5993255687549786, 1.8101373367201208, 303527000000, 
3.1226461062798303, 7.431748029987531, 1.8079121698581093, 303532000000, 
2.026955863119184, 4.721102878842868, 1.8057730642086134, 303537000000, 
2.892259817548689, 6.75801132385609, 1.803545815155363, 303542000000, 
2.015113345023837, 4.716025365039059, 1.8015601143932678, 303547000000, 
2.586146891561029, 5.912394597990967, 1.7998664758075382, 303552000000, 
2.7553456227944477, 6.115258147084074, 1.796907239629196, 303557000000, 
3.0723562583818484, 6.842090069305571, 1.7946348886011674, 303562000000, 
2.1421297298410416, 4.757149573288252, 1.7930276910828467, 303567000000, 
3.406763084559801, 7.307113364134706, 1.7899867241066463, 303572000000, 
2.2074209986180175, 4.7377909367914, 1.788751625201831, 303577000000, 
3.2818156960848714, 6.879888484433818, 1.7863593925985746, 303582000000, 
2.2649349693074305, 4.765738387810822, 1.7847855415063048, 303587000000, 
3.52529747800638, 7.281136122979042, 1.7822584807189414, 303592000000, 
2.30807701269801, 4.742054071664878, 1.7804996698753863, 303597000000, 
3.4051768191061873, 6.909153780835205, 1.7784759043953344, 303602000000, 
2.1215081832808425, 4.250371300094132, 1.7778552325270949, 303607000000, 
3.4204383026736136, 6.71937130153488, 1.7744811803107978, 303612000000, 
2.3821127206890664, 4.706683150739152, 1.7730756384750737, 303617000000, 
2.9894768370549993, 5.7450468408323445, 1.7709897458925494, 303623000000, 
3.813215699680069, 7.204863824649709, 1.7684104574536512, 303628000000, 
2.4711802687197126, 4.732461499626582, 1.7672765143712545, 303633000000, 
3.732487608521281, 6.896708752370203, 1.764749761858672, 303638000000, 
2.5581886208539175, 4.729373337063817, 1.7628637468101942, 303643000000, 
3.9124040865678342, 7.155898870658125, 1.7612695714753175, 303648000000, 
2.6056067753145205, 4.70240412131095, 1.7599408464647412, 303653000000, 
3.880076783935804, 6.870410531987906, 1.757422478548153, 303658000000, 
3.3614123220900973, 5.9209118416055855, 1.7555499535025303, 303663000000, 
3.3192483696431285, 5.856346549937888, 1.753882538274138, 303668000000, 
2.6449917273733887, 4.666403341404692, 1.752715312242533, 303673000000, 
4.01809515323941, 6.879467114541922, 1.750913848599836, 303679000000, 
3.458259461724089, 5.8961442572326455, 1.7490003618586496, 303684000000, 
2.7726086023121415, 4.647254542504011, 1.7475173352090991, 303689000000, 
4.129866870485312, 6.846060023828158, 1.7454357713930215, 303694000000, 
2.8003570982663955, 4.619703876008213, 1.744289613018244, 303699000000, 
4.285195846137289, 7.046055190763227, 1.7422032485980108, 303704000000, 
2.8402283296094057, 4.605421616849434, 1.7411039782624185, 303709000000, 
3.5819912537023324, 5.693310992932196, 1.738818524865723, 303714000000, 
3.6396845458641174, 5.777111129403319, 1.7376712641916405, 303719000000, 
3.684815799267671, 5.722568317793947, 1.7360604058918316, 303724000000, 
3.726419990000712, 5.809690698723192, 1.7346745169406548, 303729000000, 
3.6698645982262756, 5.670553307163946, 1.7321799203087362, 303734000000, 
3.7426223013802313, 5.703652149182374, 1.7312299344901365, 303739000000, 
4.580694104191731, 6.893724587499745, 1.7295572686740996, 303744000000, 
2.974675413583129, 4.544965486955268, 1.72821330616985, 303749000000, 
4.55549056495582, 6.755168704301038, 1.7261887127351065, 303754000000, 
3.0830647214344507, 4.505066832707835, 1.7252524703164414, 303759000000, 
4.711620828485197, 6.824419829997337, 1.723137660582572, 303764000000, 
3.1173475730888476, 4.495454819063832, 1.7221965392650749, 303769000000, 
4.66634063499872, 6.684544658747475, 1.7204051136190972, 303774000000, 
3.1631338023760796, 4.494937533273258, 1.719055690438545, 303779000000, 
4.814968607375474, 6.7496934121232215, 1.7176731458521735, 303784000000, 
3.204016846348738, 4.472980039919079, 1.7162539589417114, 303789000000, 
4.788691686084795, 6.652061716432984, 1.7144508650916372, 303794000000, 
3.2483132502784278, 4.421941504702353, 1.7125683707031183, 303799000000, 
4.647303631187448, 6.312425823321206, 1.7111056318744928, 303805000000, 
4.130084151167623, 5.511855670806987, 1.7100151579725367, 303810000000, 
4.119754277405644, 5.5016929153572045, 1.7094555537077274, 303815000000, 
3.2972416669388727, 4.387358837583326, 1.7075617559876703, 303820000000, 
4.189167693538867, 5.479842992572473, 1.7060876236884526, 303825000000, 
4.979039692766079, 6.48920915277569, 1.7048259723341437, 303830000000, 
3.350830983524814, 4.352279782572393, 1.7035347493387574, 303835000000, 
5.088834070579787, 6.532969917047699, 1.7020269175437812, 303840000000, 
3.4015264055245136, 4.312972420906217, 1.7012576822719117, 303845000000, 
4.241182042823697, 5.36132561645657, 1.6994214351695063, 303851000000, 
5.195527825956592, 6.46890969694613, 1.698265650791308, 303856000000, 
4.302401068105409, 5.344540740780942, 1.6974227828790491, 303861000000, 
3.685304846741455, 4.578060863519049, 1.6958853423927076, 303866000000, 
4.343753871368871, 5.324997727622524, 1.6946364586369225, 303871000000, 
5.283080961380089, 6.412531016498913, 1.6934344778526575, 303876000000, 
4.401432005074621, 5.256303615746588, 1.6926184391436223, 303881000000, 
4.409098802029753, 5.221421225055282, 1.6913464209363804, 303886000000, 
3.569901161576259, 4.191123356732164, 1.690437580936788, 303891000000, 
5.361408490513587, 6.284454852828706, 1.6894048885415385, 303896000000, 
4.4697705626385735, 5.198912360820476, 1.688658339678846, 303901000000, 
3.817589045902498, 4.451731194520523, 1.6874024938952883, 303906000000, 
4.5238733389556485, 5.153491110784915, 1.6866671747032749, 303911000000, 
5.400463452772085, 6.182360306083471, 1.6855922679372528, 303916000000, 
3.6291106774602744, 4.102235359355511, 1.6849481699142241, 303921000000, 
5.488966919438128, 6.125809743299278, 1.6836268616279406, 303926000000, 
4.57072151607269, 5.128387211418132, 1.6828344659517496, 303931000000, 
4.603220446500328, 5.103200366831683, 1.6818963677735828, 303936000000, 
3.657621943550258, 4.057506958951681, 1.6813979008132656, 303941000000, 
5.548706836982482, 6.031774053272822, 1.6803968967640788, 303946000000, 
4.623745545581418, 5.008736046159442, 1.679002673498901, 303951000000, 
4.66401925215288, 5.023427011671796, 1.6788292364052972, 303956000000, 
3.7496999076303945, 3.9826308494974474, 1.678176570544577, 303962000000, 
4.708889322960688, 4.956790977472985, 1.6768729884109488, 303968000000, 
4.678464789168962, 4.913294331160995, 1.6759960419260227, 303973000000, 
5.63291799306385, 5.870183275260594, 1.6757672928734104, 303978000000, 
3.782480155959621, 3.909525776973283, 1.6750151382863003, 303984000000, 
4.726693198136135, 4.8857696409375775, 1.6741399671721946, 303989000000, 
5.713280566282248, 5.801937188141431, 1.673594572805651, 303994000000, 
3.814060684008632, 3.857561088819415, 1.6729779846023196, 303999000000, 
4.781547822505672, 4.817868897049666, 1.672426896410295, 304004000000, 
4.799937311781535, 4.782812977621491, 1.6713920424362356, 304009000000, 
5.7424488302088506, 5.719677030639968, 1.6709006416635415, 304014000000, 
4.815399615277118, 4.734720732211582, 1.6700797068067001, 304019000000, 
3.227750396813356, 3.156868954288599, 1.669663002628548, 304024000000, 
4.858628525031925, 4.655040122389553, 1.6689757214805643, 304029000000, 
5.794447132720335, 5.577660211407222, 1.668097379038333, 304034000000, 
3.9085357173926276, 3.6889585935088047, 1.6679435231402213, 304039000000, 
5.851610147857276, 5.561723348540216, 1.6674797992097425, 304044000000, 
3.9282486132035572, 3.721133791336923, 1.6669260988278194, 304049000000, 
5.852377534290796, 5.515625984549544, 1.6659417838792083, 304054000000, 
3.9262566467752475, 3.6282333864242315, 1.6661052295093843, 304061000000, 
5.620890554430203, 5.151380642873923, 1.6648808973365086, 304066000000, 
4.895126557115713, 4.45825835518741, 1.6643175478002579, 304071000000, 
4.879817709221245, 4.451122740631114, 1.6639412999799488, 304076000000, 
3.95199040898751, 3.580888632752938, 1.6634953481680377, 304081000000, 
5.663694689639931, 5.074301337974528, 1.6627626236086617, 304087000000, 
3.2696039756328696, 2.935021546817733, 1.6625838318092572, 304092000000, 
4.92359872865605, 4.385107569474946, 1.6622139267894755, 304097000000, 
5.955868889699099, 5.1949670512579615, 1.661696342929999, 304102000000, 
3.93567843555751, 3.4687418495720572, 1.6614842975096102, 304107000000, 
4.975512673140072, 4.288100909509346, 1.66082303640956, 304112000000, 
4.934534031002486, 4.2650193921308635, 1.6603030338846347, 304117000000, 
4.96384600002515, 4.231092795670563, 1.6600372048068317, 304122000000, 
5.99149755339996, 5.066551731983729, 1.6591928641598785, 304127000000, 
4.986590379397744, 4.211553158003686, 1.659285793617651, 304132000000, 
3.970794673798356, 3.3498516855376237, 1.6593742416135722, 304137000000, 
4.993240983550994, 4.172772671943045, 1.6587391051342462, 304142000000, 
4.991671298230849, 4.128970192486678, 1.6587723196403643, 304147000000, 
5.700739858353845, 4.671364699645444, 1.6583149401961, 304152000000, 
4.019977674453299, 3.280423421015715, 1.6579654301663356, 304157000000, 
5.991022615336331, 4.875316888129173, 1.6575147482015462, 304162000000, 
4.990455083930277, 4.04995646553557, 1.657524979179141, 304168000000, 
3.973580642648614, 3.212942852360759, 1.6574583103200817, 304173000000, 
5.973178901029756, 4.802614211187352, 1.65714328617157, 304178000000, 
3.9940965646398814, 3.177785214438325, 1.6573544906735524, 304183000000, 
5.955576830048491, 4.732176888932998, 1.6571371823650436, 304188000000, 
3.981472168362409, 3.1357240219502747, 1.6567338185201408, 304193000000, 
5.962114631769474, 4.666104778763511, 1.6568149124989398, 304198000000, 
3.9754745131025597, 3.10736158780235, 1.656614629704175, 304203000000, 
4.967668410082319, 3.83355380591792, 1.6564007236308405, 304208000000, 
4.97342384045804, 3.8264747364485943, 1.656403281561304, 304213000000, 
5.950361671005837, 4.565119727801888, 1.656715213802462, 304218000000, 
4.988820536417575, 3.752337163539174, 1.6565192968666573, 304223000000, 
3.312444119573303, 2.500989105908312, 1.6564417946996608, 304228000000, 
4.940335175701532, 3.719667021818746, 1.6564714479631402, 304233000000, 
4.927726239233202, 3.6964826206377146, 1.656734935659408, 304238000000, 
4.93788464331187, 3.6751640327310438, 1.656665880467732, 304243000000, 
5.906764031840793, 4.3860817389027105, 1.6567963092616316, 304248000000, 
3.9310363476069075, 2.8880876562735702, 1.6570212434126992, 304253000000, 
4.935726671955007, 3.617629126989128, 1.6564128310230897, 304258000000, 
5.643789230253728, 4.082476877979121, 1.6568998732757334, 304263000000, 
3.9186776808911317, 2.8278918717718553, 1.657097258508176, 304268000000, 
6.5290341051160965, 4.710868037725617, 1.6572408448703304, 304273000000, 
4.87578579688945, 3.511656894955123, 1.6570525879858737, 304278000000, 
4.894524996328601, 3.446372944610854, 1.6570803861085421, 304283000000, 
4.8656760257346585, 3.4470226420398236, 1.6572103647494563, 304288000000, 
3.886538863350244, 2.753443279299113, 1.657204229564912, 304293000000, 
4.854616412390966, 3.4216796699954437, 1.657580102099038, 304298000000, 
4.8639750292958555, 3.371993528770118, 1.6578075173941005, 304304000000, 
5.791936244322009, 4.0242078956844525, 1.657876978703145, 304309000000, 
4.850629060357059, 3.306039461613025, 1.658307392979246, 304314000000, 
4.77543481259685, 3.3263467899139987, 1.6583326694891558, 304321000000, 
4.79317996222765, 3.2863121149145593, 1.6580575456387767, 304326000000, 
3.820790379700164, 2.580062771381691, 1.6581734820799165, 304331000000, 
4.771417718681092, 3.2269709909166426, 1.6588461768534153, 304336000000, 
5.4054639927118675, 3.645184297697101, 1.6586098579863982, 304341000000, 
3.782118084583327, 2.539699918963054, 1.6587282610965506, 304346000000, 
4.6687178550836945, 3.1853692259834814, 1.658960511693669, 304351000000, 
4.711152281649448, 3.1594394765923504, 1.6588639613589822, 304356000000, 
4.69564021428841, 3.1036850531984332, 1.6593101009368723, 304361000000, 
4.6580536734153215, 3.105498221311563, 1.6595718874164305, 304366000000, 
6.249512246555552, 4.066509657180831, 1.6594277867207772, 304371000000, 
4.640596094747056, 3.048704487317109, 1.6598181678945563, 304376000000, 
4.628490327753368, 3.025770009167203, 1.6601428804308014, 304381000000, 
4.609643545882248, 2.980268885282238, 1.6598618256400628, 304386000000, 
3.6633201143769565, 2.3837880243468494, 1.6602772640973262, 304391000000, 
5.500705174341659, 3.540642767747096, 1.6605685620001143, 304396000000, 
3.6317385676814777, 2.314696000693873, 1.6602521592247836, 304401000000, 
4.539593092369225, 2.864976046109268, 1.6605116925291736, 304406000000, 
4.512752624476425, 2.8730172127126012, 1.6610410649553267, 304411000000, 
5.416323134239432, 3.4366977896864115, 1.6610473594234096, 304416000000, 
3.5794166646750636, 2.2750765587386943, 1.6610181090847442, 304421000000, 
5.3267295257320715, 3.3479041426067537, 1.6615754350741043, 304426000000, 
3.5528476731890413, 2.249297039694445, 1.661769436638842, 304431000000, 
5.285476354499676, 3.3144961601442877, 1.6622511406275957, 304436000000, 
3.5120718358872156, 2.159061752291243, 1.6619925921846204, 304441000000, 
4.354126636843131, 2.717181029714647, 1.6623013280302137, 304446000000, 
4.337152786065387, 2.669085105517381, 1.662805627722164, 304451000000, 
5.192176253367692, 3.1903497614292156, 1.6628307100846487, 304456000000, 
3.4485451717634374, 2.108314754591809, 1.6631920520186667, 304461000000, 
5.126799733899508, 3.1672256627156568, 1.6634940758211347, 304466000000, 
3.3789162435097193, 2.0602033846754524, 1.6636220196318696, 304471000000, 
5.078280271130088, 3.0939694946600955, 1.6639017212789213, 304476000000, 
3.3417153494570884, 2.040441515252709, 1.6642341030892067, 304481000000, 
5.0152647870688805, 3.065901298039341, 1.6643610961884427, 304486000000, 
3.281653342612995, 1.9998973475382538, 1.6645583484280888, 304491000000, 
4.953464924908305, 2.970971080797886, 1.665334152696348, 304496000000, 
3.2659943256815454, 1.9728210461093745, 1.6655131750992895, 304501000000, 
4.8836883053962845, 2.9645028128502178, 1.6660691079302286, 304506000000, 
3.2474100643206714, 1.9660253105170606, 1.6661266158687893, 304511000000, 
4.801858709509081, 2.9254125675586016, 1.6666577584143254, 304516000000, 
3.159114578936582, 1.9394352285806327, 1.6667445048739833, 304521000000, 
4.702164912695344, 2.8873183131374236, 1.6672669013278154, 304526000000, 
3.1338936058094014, 1.865460084550038, 1.667369737158042, 304531000000, 
4.679653500241874, 2.810050113050866, 1.6676198398342992, 304536000000, 
2.560328512000212, 1.5618237911797401, 1.6679943779833906, 304541000000, 
4.374519355071269, 2.6679205193696474, 1.6691863525473223, 304546000000, 
3.0110311800699026, 1.8227701969995949, 1.6685191311885204, 304551000000, 
4.511642797775408, 2.704330622315019, 1.6688622533682487, 304556000000, 
2.964926929911664, 1.8021749089677235, 1.6694719809398306, 304561000000, 
4.436282909174807, 2.6934607481651978, 1.669905213687897, 304566000000, 
2.9247823382928626, 1.7889882068543574, 1.6703913159431085, 304571000000, 
4.341171582955996, 2.642405091502963, 1.6704787611938037, 304576000000, 
2.8760996196909816, 1.7557153880983793, 1.670782638204166, 304581000000, 
3.546945788363651, 2.155557854000922, 1.6710956814741005, 304586000000, 
3.497458927047203, 2.1572852184554825, 1.6713663100108136, 304592000000, 
3.4938052263175936, 2.1265373280361777, 1.671453604486384, 304597000000, 
4.126823391925944, 2.525410358753061, 1.6719707701873123, 304602000000, 
2.7179837324514593, 1.6457333394463591, 1.6722200182062879, 304607000000, 
4.035315742356741, 2.482861925648977, 1.672490174241654, 304612000000, 
2.6799473492593666, 1.6416051440626043, 1.6724953859990386, 304617000000, 
3.975953147071816, 2.4849661076633622, 1.6730767139902103, 304622000000, 
2.595747503480901, 1.6390087971133056, 1.672892864007734, 304627000000, 
3.187871354114608, 2.024768100429306, 1.6728046256801923, 304632000000, 
4.248174253545212, 2.6507928273381713, 1.6730198043642768, 304637000000, 
2.6632098990356283, 1.722004017622899, 1.6733922787250841, 304643000000, 
3.748385488928476, 2.3328948342638003, 1.6735752177522742, 304648000000, 
2.441323863620493, 1.5635060246972983, 1.6737905136767843, 304653000000, 
2.99558060201043, 1.9293423933670475, 1.6736676386134257, 304658000000, 
2.9636514189294574, 1.8952105443895313, 1.6733475952947092, 304663000000, 
3.537408564180251, 2.2738888619849376, 1.67366464846476, 304668000000, 
2.302047517104275, 1.5116449713522009, 1.6736988083486402, 304673000000, 
3.397623626888095, 2.2409739853663813, 1.673982478130159, 304678000000, 
2.2272809028678306, 1.4856072456326948, 1.6742318919150823, 304683000000, 
2.750761840084206, 1.8364016574489876, 1.6738050173546228, 304688000000, 
2.710214316694534, 1.8439138380785056, 1.6740661586761525, 304693000000, 
3.205883708146463, 2.203320239095703, 1.674221799634634, 304698000000, 
2.097451535111241, 1.4766249627263444, 1.674306855548412, 304703000000, 
3.082326150135267, 2.148174047430214, 1.6739228717965178, 304708000000, 
2.482518996119426, 1.8085974540266687, 1.6741122077036172, 304714000000, 
1.9884062598490198, 1.4228397987723531, 1.6742261023134566, 304719000000, 
2.7658518598067316, 2.0258093339625396, 1.6739091651929447, 304726000000, 
1.8948842704927036, 1.4122413974404049, 1.6737322387010793, 304731000000, 
2.289371897063303, 1.7557112243227744, 1.6737448475894152, 304736000000, 
2.2560826949422883, 1.7212414182716624, 1.6739605063445537, 304741000000, 
2.212301770277353, 1.7176889731100182, 1.6736039227149946, 304746000000, 
2.1908130669545303, 1.7023754858276694, 1.673744045661578, 304751000000, 
2.5201318425147186, 2.046379616579332, 1.6734428916567636, 304756000000, 
1.7360177554566358, 1.4440693074290802, 1.6735567767201478, 304762000000, 
2.0132297948299143, 1.6913794553710426, 1.673549606854724, 304767000000, 
2.3220915994976346, 2.004024563653562, 1.673616774176554, 304772000000, 
1.5147417959206069, 1.3223260564146138, 1.6735611585614691, 304777000000, 
2.2406124030839245, 2.0288913529694073, 1.6730925940031187, 304782000000, 
1.4264510416326532, 1.331103695311343, 1.672918482273546, 304787000000, 
2.125632286871244, 1.9704818167960676, 1.6729070301370832, 304792000000, 
1.365275464554412, 1.2826362691081268, 1.6729695149016621, 304797000000, 
1.9578865715983853, 1.9712624594571744, 1.6726277879374816, 304802000000, 
1.235618150466576, 1.2754550609877087, 1.6725386289036905, 304807000000, 
1.55298799377804, 1.617551317525046, 1.6722118370696128, 304812000000, 
1.4916384518613477, 1.62480777686522, 1.6717595806602157, 304817000000, 
1.4026784033805018, 1.597962380464968, 1.6717366296392109, 304823000000, 
1.6524232136269368, 1.937424408497032, 1.671434302345488, 304828000000, 
1.05388212377748, 1.2746660972970822, 1.6713899487223298, 304833000000, 
1.5386811892836658, 1.920529166034182, 1.670552219143594, 304838000000, 
0.9834116404261712, 1.2816180865624385, 1.6709540713934337, 304843000000, 
1.4058041542052797, 1.913365808752312, 1.6703284215796055, 304848000000, 
0.8557353063272939, 1.2595752460221223, 1.670027070752498, 304853000000, 
1.298469095791244, 1.897468470407714, 1.669789195398819, 304858000000, 
0.805948860547402, 1.26344603230668, 1.6688542652100764, 304863000000, 
0.8777762827742295, 1.54832906847463, 1.6690165819294351, 304869000000, 
1.0468762622303864, 1.9127285244295942, 1.6684826127669568, 304874000000, 
0.623189891776832, 1.218593806140803, 1.6677540116389282, 304879000000, 
58.56674116818795, -33.02925599972938, 1.7007064443279853, 304885000000, 
0.012334177592286246, 2.646830308284611, 1.7009003470104973, 304890000000, 
-2.124992762312672, 3.954583670496502, 1.6996710972338833, 304896000000, 
-0.6702433290758448, 1.644257552754998, 1.6993920159172793, 304901000000, 
0.26672296564725106, 1.3792459520307125, 1.6999851438973634, 304906000000, 
4.92832630096087, 3.6596838733279964, 1.7003780915589475, 304912000000, 
0.07087202221581157, 1.95671688089102, 1.6995506381841643, 304917000000, 
0.3703142489040483, 2.0144522967066236, 1.6988144483778, 304922000000, 
0.6320440934894455, 1.9858573043824734, 1.6981806072704464, 304928000000, 
0.6810703295458935, 2.015063470048152, 1.697835601983024, 304933000000, 
0.6409119027806155, 2.0798682534835096, 1.697197803967003, 304938000000, 
0.5745681979646039, 2.0896762878950024, 1.696666967097061, 304943000000, 
0.5050332841928535, 2.1101326542650796, 1.6953694745613945, 304949000000, 
0.4541180677705251, 2.1417005983574495, 1.695016702136704, 304954000000, 
0.41612761519283264, 2.1085700569139223, 1.69474269032038, 304960000000, 
0.3531637505745961, 2.0954839660403657, 1.693507134083, 304965000000, 
0.2736265886223251, 2.0982744049146933, 1.6923411548773761, 304971000000, 
0.2505414356091213, 2.118862748138971, 1.6920992458286466, 304976000000, 
0.1581749253495286, 2.053015782980984, 1.691381718887815, 304982000000, 
0.07053890695008572, 2.102908656964279, 1.6905823063909933, 304987000000, 
0.045113462033293236, 2.1359746062080314, 1.689520655484584, 304992000000, 
0.004933256279734784, 2.0907855656646746, 1.6885166035119639, 304997000000, 
-0.05287313392391246, 2.1186152696517637, 1.6883367686740047, 305002000000, 
-0.11251714990425718, 2.1475932669783626, 1.6874798546823269, 305007000000, 
-0.18385342916776556, 2.1290904504728494, 1.6865496156387094, 305012000000, 
-0.2321596556476765, 2.1671475726043963, 1.6856566060803022, 305017000000, 
-0.3008099075981676, 2.1459258023676964, 1.6848268956139685, 305022000000, 
-0.3116373022584965, 2.167648966989211, 1.6839701914893057, 305027000000, 
-0.3848320106942118, 2.15396646701721, 1.6829786614670756, 305032000000, 
-0.4341482468201247, 2.176601814164704, 1.6820569946421644, 305037000000, 
-0.4910188308763551, 2.18571351493293, 1.681379050792874, 305043000000, 
-0.5855808260007206, 2.173631777814674, 1.6801669365033536, 305048000000, 
-0.6003747225333423, 2.195144320983864, 1.6790500485298572, 305053000000, 
-0.6915744126628202, 2.2103617008521006, 1.6777217589116113, 305058000000, 
-0.6951445732825312, 2.206555523989474, 1.676873405062838, 305063000000, 
-0.7732957867187527, 2.1999315542630655, 1.6758173185887504, 305068000000, 
-0.7897259396392968, 2.231545601498313, 1.6752713792403857, 305073000000, 
-0.8688515264329825, 2.2431532007449695, 1.6742674006758262, 305078000000, 
-0.9149465032257574, 2.2507630569155417, 1.6729913411046327, 305083000000, 
-0.9747949794195649, 2.2281767840446194, 1.6715762420198095, 305088000000, 
-1.0109843522403519, 2.282607929257093, 1.6708770322336761, 305093000000, 
-1.0583139396470733, 2.278776588339676, 1.6699002758060626, 305098000000, 
-1.1291542583799354, 2.30560513581322, 1.6687302335381753, 305103000000, 
-1.189482550868472, 2.310853989912036, 1.6676204810607942, 305108000000, 
-1.2459452944598834, 2.3154781494539085, 1.6663024350033202, 305113000000, 
-1.308448093810402, 2.3357515040423538, 1.6653663709135267, 305118000000, 
-1.3355997091595206, 2.3085981358461285, 1.6646909759348123, 305123000000, 
-1.3974318397766772, 2.3814768059104545, 1.6631270452961877, 305128000000, 
-1.4334108327163144, 2.3678288396411222, 1.6621066181120274, 305133000000, 
-1.5037432165690094, 2.4018275266900257, 1.6603973058885977, 305138000000, 
-1.5424786189023276, 2.3879763594311774, 1.6590728184793244, 305143000000, 
-1.5758282248649969, 2.4013638671717428, 1.6579767284089542, 305148000000, 
-1.6104707098527646, 2.4514511111068336, 1.656884841558048, 305153000000, 
-1.6909043042833212, 2.443144710397534, 1.6557440924809141, 305159000000, 
-1.7868179058170925, 2.445710356978015, 1.6540237473647033, 305164000000, 
-1.7823561286439202, 2.480230842489451, 1.6526361420868818, 305169000000, 
-1.834176440286106, 2.5204786085013624, 1.650803349300448, 305174000000, 
-1.8760473903387098, 2.537322517214468, 1.649583137944287, 305179000000, 
-1.9346860471757192, 2.513972947812784, 1.6482667857964663, 305184000000, 
-1.9853480334972105, 2.5245662976314076, 1.6463644873158623, 305189000000, 
-2.040740921846265, 2.574978704107792, 1.645547775142623, 305194000000, 
-2.7402699473151286, 2.3734822536506317, 1.6431326579461742, 305199000000, 
-2.516442398654746, 2.626216347277029, 1.6415514841412213, 305204000000, 
-2.21272023078885, 2.583751428104487, 1.6407559822031288, 305209000000, 
-2.2149665072580316, 2.607638553215138, 1.6392212265160377, 305214000000, 
-2.2282605421999424, 2.6429385246079824, 1.6373105916909627, 305220000000, 
-2.3053159957872618, 2.6148677920279737, 1.6349253017559304, 305225000000, 
-2.3814896253168487, 2.672467262944418, 1.6336072628357101, 305230000000, 
-2.3956271778452165, 2.6750025638337296, 1.6322314579942285, 305235000000, 
-2.4629724810966622, 2.7033229227971827, 1.6302565063762993, 305240000000, 
-31.45102790480288, 1.358839285157542, 1.621265097331987, 305245000000, 
32.263425708977884, 9.456926285245036, 1.6365849556777063, 305250000000, 
-8.219592454331458, 0.7263212386404643, 1.6326221967092003, 305255000000, 
-4.5974092974237015, 0.6556025192875796, 1.630052527744798, 305260000000, 
-1.8261059666438832, 1.3528729303249063, 1.6296113614712517, 305265000000, 
-1.426317614332294, 1.7249278128297323, 1.6293832902017855, 305270000000, 
-54.54071676801366, 9.257395142301974, 1.609981018445711, 305275000000, 
38.23539031173584, -1.1988063374779871, 1.6290497904817913, 305280000000, 
10.790504334322849, 5.9865786732948525, 1.6366465103091437, 305285000000, 
-9.128931036425202, 0.002503893549747154, 1.6330665803174906, 305290000000, 
-4.893575593208795, 0.7002819194009935, 1.630603994569865, 305295000000, 
-2.121811948543184, 1.541526299928187, 1.6298749521616713, 305300000000, 
-17.489201247814695, 4.90155269929069, 1.6264536443687239, 305305000000, 
24.713894073120095, 7.8770437712203325, 1.6369678075133518, 305310000000, 
-6.556152925720093, 0.8429623521940653, 1.6329233157917946, 305316000000, 
-4.363319282718482, 0.9737850544506931, 1.6314771697057764, 305321000000, 
-45.73437079465092, 8.662487285614686, 1.6150824408256028, 305326000000, 
35.3249536147915, 1.1906964562144, 1.6333580621447124, 305331000000, 
5.168460079235415, 3.1756375444973153, 1.636121049595581, 305336000000, 
-7.057078266966227, 0.5842439255683105, 1.6327549408348236, 305341000000, 
-36.337912941153135, 6.7512570933955205, 1.617322304761986, 305346000000, 
29.756940633107778, 2.160512169248151, 1.636430962431746, 305353000000, 
-2.8840065026275563, 1.365646523658706, 1.6346587167216704, 305359000000, 
-38.92650514170504, 7.110491165748254, 1.6206835807894318, 305364000000, 
25.010335663253922, 1.5488887489794376, 1.6336896132118564, 305369000000, 
2.3730608196134404, 1.7563904913363941, 1.63518651579594, 305374000000, 
-4.437011067329839, 1.0251297064685805, 1.6334454435560868, 305379000000, 
-15.583592711671912, 7.388611357824354, 1.631304615685607, 305384000000, 
9.723294202904695, 2.4698259041127173, 1.6365580348586293, 305389000000, 
-24.179047494311654, 4.106736116148337, 1.6242894113330724, 305396000000, 
18.12236545638456, 3.011404241783395, 1.636131865662459, 305401000000, 
-2.7146969236315166, 0.9263414930084393, 1.6348347099036342, 305406000000, 
-39.05440701875854, 6.421852995779305, 1.6242160025777452, 305411000000, 
22.399858862738203, 3.85961270848003, 1.635777131101143, 305416000000, 
-18.06455194236726, 3.2893312631778535, 1.6256193809235011, 305423000000, 
13.292778255240405, 2.920378390616685, 1.6356036767365953, 305430000000, 
-25.431998545468122, 4.136805646646899, 1.6268478773450257, 305435000000, 
15.740410213834947, 4.001822285585356, 1.6349677581441622, 305440000000, 
-21.06248672493504, 3.223787289548674, 1.626089532544339, 305445000000, 
19.39300192805511, 5.224181931864869, 1.6344727352329989, 305450000000, 
-0.3628916006756125, 0.7192275139691547, 1.63420467501427, 305455000000, 
-9.153787470025389, 6.9113628727407015, 1.6332090996475137, 305460000000, 
0.4700633736410828, 1.013583554167175, 1.6339506664235603, 305466000000, 
-6.509484916101829, 6.235930980620796, 1.6341105287969542, 305471000000, 
-0.8257331836219737, 0.5059071054349709, 1.6331661844714078, 305476000000, 
-6.63720582179289, 6.727207408689313, 1.633339955050104, 305481000000, 
-0.33945759028283923, 0.5732584073717188, 1.6327948019470642, 305486000000, 
-9.459739012488706, 6.772184219670673, 1.6317711777131692, 305491000000, 
0.5274378068470781, 1.0611371749997582, 1.6321836798757596, 305496000000, 
-9.000325285446875, 7.038144920807273, 1.6311359802631766, 305501000000, 
0.5898278966964667, 0.9991784127480086, 1.631267898083154, 305506000000, 
-8.887530467179761, 7.143583256998481, 1.6303314149171229, 305511000000, 
0.36139660381185335, 0.9829491387981948, 1.6303699909379286, 305516000000, 
-8.795750742634166, 7.236768633052179, 1.6295758735184251, 305521000000, 
-17.451128956786654, -1.200816659788433, 1.6222439697969961, 305526000000, 
12.765522060461631, 9.416523512836369, 1.6281137210004588, 305531000000, 
-11.168339791593551, 3.295864473976404, 1.6239990455138973, 305536000000, 
6.7227126098582, 4.7135873634576955, 1.6281010740594377, 305541000000, 
-9.693422711892966, 4.757006785266358, 1.625733033676466, 305546000000, 
-10.121286778935026, 2.821949233861065, 1.6218012391123298, 305551000000, 
8.164685832542732, 5.9205769234902625, 1.6257945388575321, 305556000000, 
-18.55617567592593, 1.7430994569722122, 1.6204064075142437, 305561000000, 
7.720603866149706, 5.951585732413303, 1.6249501102829844, 305566000000, 
-9.141235689221324, 5.086219660899801, 1.6226487006773767, 305571000000, 
2.6446857129898262, 2.6500206541066365, 1.6248340762492866, 305576000000, 
-11.507338692910482, 6.298646079729103, 1.6218782642902703, 305581000000, 
2.643725210818133, 2.5795207596675147, 1.6240138319745274, 305586000000, 
-11.68850057615011, 6.342437041082672, 1.6210424048883059, 305591000000, 
5.228087276470256, 3.7334249967276145, 1.6232102428476591, 305596000000, 
-4.693841739003915, 4.469224573814363, 1.6225433948661878, 305603000000, 
-32.9141089731565, -2.1099100918208844, 1.6112556430939127, 305608000000, 
16.69049336907545, 10.212615672507212, 1.62162799008882, 305613000000, 
-18.91445313812683, 1.3289843718768242, 1.614620559975048, 305618000000, 
9.728655582430768, 6.719134576157295, 1.6202302618673414, 305623000000, 
-19.228219976077717, 3.8326493349887354, 1.6136984884964607, 305628000000, 
11.011204679402933, 6.0537080864807535, 1.6209947968443341, 305633000000, 
-2.465997276584701, 0.7146616927047216, 1.6194227973560433, 305638000000, 
-24.86561402243596, 10.256269452820213, 1.61647083326554, 305643000000, 
2.884915452491712, 2.725595394896028, 1.6195223228788405, 305648000000, 
-8.619353139395734, 8.441439369850185, 1.6188814589468519, 305653000000, 
0.051872203856360724, 1.5110464740170306, 1.6191762888890202, 305658000000, 
-26.22153836846172, 6.793013122389787, 1.6131693086767924, 305663000000, 
10.492865057806764, 5.3438059923208865, 1.6193085071407538, 305668000000, 
-2.33962779135653, 1.0117293714417237, 1.6187049748529978, 305673000000, 
-11.386435714183936, 8.837469873724334, 1.616958917541752, 305678000000, 
1.2742101151398861, 1.935947207305747, 1.6186056843139303, 305685000000, 
-41.98014812715596, 4.66574843764643, 1.606007599262379, 305690000000, 
8.86829020088522, 4.705856972462392, 1.6178171273479167, 305702000000, 
-11.142901113745046, 9.036567340208101, 1.6167048121077003, 305707000000, 
0.8734151200860893, 1.873946092224307, 1.617946791893736, 305714000000, 
-3.687449834223188, 1.5675782752600602, 1.6167421738813696, 305719000000, 
-14.685838703254392, 13.024710629927306, 1.6164300721562594, 305724000000, 
2.734074147979399, 2.101588516753281, 1.6182545643465427, 305729000000, 
-3.8788573810691904, 1.479894256058376, 1.6168921868208082, 305734000000, 
-20.76540651600156, 12.882510732838156, 1.6134667295839353, 305739000000, 
9.477514807200443, 3.376365591318097, 1.6188192515844064, 305744000000, 
-3.525557061384185, 1.3217825584466258, 1.6173625669630223, 305749000000, 
-3.317161710957497, 2.1851656876178467, 1.6164591000045812, 305754000000, 
-15.966863190492631, 15.581381019889326, 1.6163382522297576, 305759000000, 
3.2712949111893566, 2.0126729931797827, 1.6185896019000356, 305764000000, 
-4.285886579194828, 1.563871259774588, 1.6172349648716984, 305769000000, 
-3.2090847849713517, 2.44621165833834, 1.6161302874607326, 305774000000, 
-22.96361226627704, 16.664430648714514, 1.612818670142369, 305779000000, 
11.097758135541776, 2.707049158193952, 1.619444905167341, 305784000000, 
-4.053564632539306, 1.480310906880855, 1.617584829031809, 305789000000, 
-3.5912309306221664, 2.3965812621630964, 1.616010113690245, 305794000000, 
-2.67998542267996, 3.1012461547934977, 1.6153862366485245, 305799000000, 
-14.109364428924918, 18.51458535319635, 1.6176324586991293, 305804000000, 
0.3117005892348777, 1.6024276005748488, 1.6183428238091286, 305809000000, 
-4.102679871574489, 2.184676522494409, 1.6166854197241491, 305815000000, 
-2.8691668389019713, 2.956516353930217, 1.6159603291277878, 305820000000, 
-2.5948779913645583, 3.4880855858230646, 1.6149668233104413, 305825000000, 
-10.9958133097327, 17.266959954895405, 1.618495311192662, 305831000000, 
-1.4744342186232922, 1.6164670679948725, 1.618136234669212, 305836000000, 
-4.2501819173175, 2.403122181741079, 1.616510564108467, 305841000000, 
-2.9086391500042303, 3.068489331867162, 1.6154956034875017, 305846000000, 
-2.5858600235959575, 3.6279201418080538, 1.6147969920064509, 305851000000, 
-50.196871120905506, 22.26174037743925, 1.6017263032567175, 305856000000, 
39.43091997441617, 4.131808084310067, 1.6179096910415236, 305861000000, 
-0.8386048809642508, 1.707555419990395, 1.6182961326565728, 305868000000, 
-3.751031336170911, 2.8762525143352784, 1.616409383528682, 305873000000, 
-2.6985367950642356, 3.452943802197222, 1.6159382781314353, 305878000000, 
-2.6130599519958095, 3.947625273948346, 1.6149686504202638, 305885000000, 
-3.013780980197766, 4.4362131278449555, 1.6143370046706818, 305890000000, 
-17.71571014229276, 25.19945391139096, 1.6183741814063246, 305895000000, 
-0.7266868091178759, 1.7764496065653523, 1.61834010386076, 305903000000, 
-3.7679413546277334, 3.135067238131772, 1.617437958067761, 305908000000, 
-2.604784491810832, 3.641096221472999, 1.616985846396452, 305913000000, 
-2.5736267356785363, 4.0813130704499, 1.6163333970619171, 305918000000, 
-2.8228578718093758, 4.428353069957572, 1.6157241565458134, 305923000000, 
-3.0916839612385703, 4.789993600859644, 1.615210926557646, 305928000000, 
-55.75396767858092, 33.35805732032793, 1.6022024010444222, 305933000000, 
35.794345359117806, -1.680704221336345, 1.6202402542562009, 305938000000, 
-1.7503863154569932, 2.0397053266976997, 1.6195839667459115, 305943000000, 
-4.173696954327015, 3.3790624430893352, 1.618981596593316, 305948000000, 
-2.9507448032820713, 3.608415100631269, 1.6184462618704474, 305953000000, 
-2.4416489424917565, 3.967142853028022, 1.6179260656755268, 305958000000, 
-2.6104773480967762, 4.4663027290159665, 1.6178382555426223, 305963000000, 
-2.9131432371332084, 4.886310462771519, 1.6168948281972273, 305968000000, 
-3.135374724687127, 5.175898667697117, 1.6163644668012618, 305973000000, 
-3.267760047046992, 5.505968956079278, 1.615832987227885, 305978000000, 
-3.4541826084863616, 5.720264578660912, 1.6151985654542802, 305983000000, 
-53.570102830217735, 49.312527973876065, 1.611209105869816, 305988000000, 
24.072579161429108, -5.4823290816702785, 1.621922905685203, 305993000000, 
-3.1214898961929483, 2.7065196315458704, 1.6214826753237161, 305998000000, 
-3.9149597983238995, 3.7960360058130886, 1.6200159767447686, 306003000000, 
-2.5388175089659684, 3.9591800851465457, 1.6197614188542644, 306009000000, 
-2.383605181995201, 4.384172690897406, 1.6194172324255276, 306014000000, 
-2.629588214304613, 4.841102455204754, 1.6190191010619794, 306019000000, 
-2.8265130026435146, 5.206755975073542, 1.6185848986130948, 306024000000, 
-3.018346025395689, 5.551251094809149, 1.618517322576401, 306029000000, 
-3.1647740615891204, 5.802867453926792, 1.6178412604434975, 306034000000, 
-3.2571065662526952, 6.026098951435092, 1.6171957111048465, 306040000000, 
-3.3771196052166035, 6.268666427550567, 1.6164884302808384, 306045000000, 
-3.4723498490692943, 6.467419014987446, 1.6162833265836316, 306050000000, 
-3.526217188142291, 6.631567925395997, 1.6160115937333535, 306055000000, 
-3.588092046563005, 6.776569136584126, 1.6152716004637095, 306060000000, 
-46.93178028772024, 39.40673293075699, 1.6062061061751343, 306065000000, 
28.310675266897317, -2.7869626749506193, 1.623117762971216, 306072000000, 
-2.8168063595226767, 3.0974671467550365, 1.6216345029994992, 306078000000, 
-2.791163379828569, 3.909451445538341, 1.621169251023368, 306083000000, 
-2.112458687544862, 4.31007484192612, 1.6210083924448624, 306088000000, 
-2.1736673101718416, 4.736588378963155, 1.6210812258481635, 306093000000, 
-2.3721122570307123, 5.203795585122468, 1.6203964889297628, 306098000000, 
-2.5575525111571427, 5.5800433155717295, 1.6203614517497407, 306103000000, 
-2.7519833630377617, 5.900677862904462, 1.6199101998400138, 306108000000, 
-2.855887196703171, 6.232908876202856, 1.6197762672765608, 306113000000, 
-2.9315264653519546, 6.4699549481248315, 1.6192187589028777, 306118000000, 
-3.00531132828116, 6.679824934757483, 1.6186693017413702, 306123000000, 
-3.0769634300299114, 6.847076239952524, 1.6183816216835212, 306128000000, 
-3.139068239091649, 7.008997511811304, 1.618203346156874, 306133000000, 
-3.181123218230929, 7.159469653529304, 1.6178619294526546, 306138000000, 
-3.1904639362899267, 7.289700366258947, 1.6169131137875203, 306143000000, 
-3.2177424871267832, 7.363554539335918, 1.616816473384868, 306148000000, 
-3.2175148053849756, 7.475504440878674, 1.6165033818075296, 306153000000, 
-3.204835828612785, 7.557528518540897, 1.616493227103004, 306158000000, 
-3.240719261923236, 7.602923880541317, 1.6163483860623415, 306163000000, 
-3.217754288709668, 7.652698962067713, 1.6158623423739324, 306170000000, 
-3.190278630948526, 7.756699553914164, 1.615506286392582, 306175000000, 
-3.186696703168612, 7.8051234517544374, 1.6150348377281167, 306180000000, 
-3.1379003958846545, 7.834766926796172, 1.6147396095955588, 306185000000, 
-3.1569499101500056, 7.91042172457308, 1.6147606219201, 306190000000, 
-3.1111923478494337, 7.930050943500791, 1.614467562760408, 306195000000, 
-3.0713378586085156, 7.943130382261263, 1.6142052099064608, 306200000000, 
-3.0721628796710325, 7.972626065409205, 1.6145356932363502, 306205000000, 
-3.035606848761543, 8.027347759277479, 1.614291112072695, 306210000000, 
-2.993388505239592, 8.040729363249463, 1.6139732621836942, 306216000000, 
-2.949848154734227, 8.088945443178398, 1.613730384856738, 306222000000, 
-2.938242519488447, 8.061903162502878, 1.613806065751623, 306227000000, 
-2.888070902793703, 8.121882949056506, 1.613921298513656, 306232000000, 
-2.8658750432959357, 8.122950634346353, 1.6136854293708318, 306237000000, 
-2.8356584352868186, 8.162650247024038, 1.6139204326253425, 306242000000, 
-2.8378968046689472, 8.184574946411571, 1.6138013019124728, 306247000000, 
-2.7905236688042505, 8.211732095514007, 1.614219392452427, 306252000000, 
-2.782276167249203, 8.22139294774804, 1.6139896566027276, 306257000000, 
-2.741053756876256, 8.222962953108524, 1.6143642660539237, 306262000000, 
-2.707181470800553, 8.278784971437709, 1.613932876318022, 306267000000, 
-2.680151264442211, 8.280637992935022, 1.6140223351305807, 306272000000, 
-2.645444566802473, 8.320001926979145, 1.6139456329132955, 306277000000, 
-2.5950459170812006, 8.30268728026025, 1.6142667894347429, 306282000000, 
-2.567502128756616, 8.31685067499621, 1.6146649929159544, 306287000000, 
-2.5492951694833703, 8.360147025013156, 1.6150612345805937, 306292000000, 
-2.508227009690457, 8.367401488322859, 1.6149578759546963, 306297000000, 
-2.4597421722475636, 8.407959831684423, 1.6153602628536576, 306302000000, 
-2.4300763157108682, 8.404694177970365, 1.6153784784964877, 306307000000, 
-2.41416459977204, 8.394646593888385, 1.6156772185901604, 306312000000, 
-2.377642717457031, 8.441626637340772, 1.6156811744059554, 306317000000, 
-2.338428369588181, 8.471973431194128, 1.616230208522202, 306322000000, 
-2.3002625845115277, 8.464450263048725, 1.6164604866106054, 306329000000, 
-2.2461268094845463, 8.516996333287057, 1.6166922950829397, 306334000000, 
-2.22784501588846, 8.483728703692112, 1.6164630652984144, 306339000000, 
-2.1986841234200742, 8.53115990406774, 1.6169878274942544, 306344000000, 
-2.1650220702120158, 8.517881701396643, 1.6170971780820527, 306349000000, 
-2.1358320431076634, 8.5418445959059, 1.617888154821969, 306354000000, 
-2.0863178508616245, 8.549591079082496, 1.6175232029083002, 306359000000, 
-2.0518310190491373, 8.576738701204281, 1.6181457986269432, 306364000000, 
-2.0180519957084977, 8.605489062600178, 1.6182193194137031, 306370000000, 
-1.9602979435248478, 8.629196810905695, 1.618454302085124, 306377000000, 
-1.9446374987736352, 8.619811853410967, 1.6187777687580924, 306383000000, 
-1.888328905068934, 8.634969698708064, 1.6194094866708058, 306388000000, 
-1.8635904918159485, 8.611069686772884, 1.619138140951223, 306393000000, 
-1.8349915799136494, 8.64485934169789, 1.6199317245308136, 306398000000, 
-1.8105474696267578, 8.659144469558429, 1.6200849534182542, 306403000000, 
-1.773257463378735, 8.684393392772186, 1.6206041688850104, 306408000000, 
-1.7270169181567028, 8.666346094368564, 1.621284570158392, 306415000000, 
-1.7128420272615754, 8.67886236593921, 1.621282867705664, 306421000000, 
-1.6780570748691648, 8.68967900660902, 1.621370393495804, 306426000000, 
-1.6129763638764285, 8.73774316014109, 1.6217743410787255, 306432000000, 
-1.5760570916496097, 8.694267858233125, 1.6222842322642121, 306438000000, 
-1.5508599801831544, 8.709072964623934, 1.6230765961883598, 306443000000, 
-1.5230448136259598, 8.727232838320681, 1.6229591314602294, 306448000000, 
-1.463345467923448, 8.756770833164905, 1.6232937179025078, 306453000000, 
-1.4357104852064624, 8.756911393329199, 1.6239613150442767, 306458000000, 
-1.415485651190763, 8.7539759863576, 1.6241371702470102, 306463000000, 
-1.4038079498419815, 8.751523052197697, 1.6246267655333815, 306468000000, 
-1.3111390775294087, 8.802394039474212, 1.624853115989303, 306474000000, 
-1.3223994575193407, 8.790027325317823, 1.6254126490333483, 306479000000, 
-1.3289977237012265, 8.768112458139193, 1.625895719639329, 306484000000, 
-1.2889033096010512, 8.75649721341725, 1.6263059368727362, 306489000000, 
-1.2573926984228176, 8.81907004703704, 1.6266390710961134, 306494000000, 
-1.2104385880754922, 8.809523117151457, 1.6273973574276723, 306500000000, 
-1.171044021304155, 8.83254660573622, 1.627727955357883, 306505000000, 
-1.1596215673330763, 8.7996102126711, 1.6280628706517148, 306510000000, 
-1.1201595685148433, 8.812660934034115, 1.6290027929758313, 306515000000, 
-1.0827049613172972, 8.794663399827687, 1.6291668602751705, 306520000000, 
-1.067966720168502, 8.82109143064533, 1.6297039499204584, 306525000000, 
-1.011952820117127, 8.816308491371675, 1.6295327883092956, 306530000000, 
-1.0121749130800086, 8.820092225073358, 1.6305001035093485, 306535000000, 
-1.000560845508936, 8.830110304305295, 1.6309041145007575, 306540000000, 
-0.9480681453870315, 8.870969456814029, 1.631466876388179, 306545000000, 
-0.9280443109509168, 8.826096946038794, 1.6316288335881026, 306550000000, 
-0.8864285273746407, 8.816635609696762, 1.6323931880373097, 306555000000, 
-0.8479284771985132, 8.827336088367682, 1.6331986125356723, 306561000000, 
-0.8313006038193718, 8.806255655797504, 1.634128651594331, 306567000000, 
-0.8164210961677478, 8.836733400792962, 1.6340271686330416, 306572000000, 
-0.792555411413713, 8.844056624333357, 1.6347323324525023, 306577000000, 
-0.7544301078315281, 8.794140141640222, 1.6357985058240507, 306582000000, 
-0.7050850439513592, 8.776608697120858, 1.6360164129286896, 306587000000, 
-0.7009560354985063, 8.848071368012787, 1.636464035682855, 306592000000, 
-0.648638370351687, 8.79343039446786, 1.6368671414096305, 306597000000, 
-0.6294065000241955, 8.836215737398408, 1.6377266934527483, 306602000000, 
-0.6138898691447435, 8.804022095024779, 1.6376485737482644, 306607000000, 
-0.5636071175608808, 8.81255283382367, 1.6383523686938994, 306612000000, 
-0.5108210371778402, 8.794002172591316, 1.6393305893229033, 306619000000, 
-0.48685057430298456, 8.801833429992136, 1.6393894144657633, 306624000000, 
-0.49110037527249206, 8.786830230802412, 1.6400808056629184, 306629000000, 
-0.44536586892576496, 8.758326530388635, 1.6408967496260642, 306634000000, 
-0.4586663481558931, 8.75978442289721, 1.6414066517178612, 306639000000, 
-0.3907948327352512, 8.726149888703727, 1.6423851359211352, 306645000000, 
-0.38360750537506, 8.764749229709645, 1.6428915791512857, 306650000000, 
-0.3463662181416696, 8.766641340922407, 1.6436002737394995, 306655000000, 
-0.2937781652215478, 8.747353897764318, 1.6432591399857437, 306660000000, 
-0.2990007505735379, 8.699669230279719, 1.6439199074387532, 306665000000, 
-0.24731046290216782, 8.70985150662358, 1.644951588541531, 306671000000, 
-0.211090661501152, 8.693570200871996, 1.6449404371145475, 306676000000, 
-0.20328742093909266, 8.675999773976255, 1.6456652958444238, 306681000000, 
-0.1735208913161178, 8.672695452173826, 1.6463116601678296, 306686000000, 
-0.1593332664903937, 8.662603526737051, 1.6467579414398401, 306691000000, 
-0.13277794722442637, 8.67573635053441, 1.6475483460132958, 306696000000, 
-0.0745545881248676, 8.627158078509327, 1.6475757013391839, 306701000000, 
-0.05298176407478174, 8.630589737342229, 1.6481931369114835, 306706000000, 
-0.03737981846389181, 8.633911409014555, 1.6485175084382018, 306712000000, 
0.007719902875227188, 8.625595561374023, 1.649275956319502, 306717000000, 
0.01409276365037528, 8.588910157579651, 1.649673327490044, 306722000000, 
0.0638629911301203, 8.603999645067026, 1.6501964204144124, 306727000000, 
0.08265007332708349, 8.574736194440343, 1.6506194927619957, 306732000000, 
0.1125811922510486, 8.599486878273007, 1.651336357025563, 306737000000, 
0.12863200244243872, 8.56403996712505, 1.6518287985418787, 306742000000, 
0.15644835782586516, 8.512003265996356, 1.652319953030612, 306747000000, 
0.18788361602353296, 8.489560245327903, 1.6529133345627312, 306752000000, 
0.24505317455134268, 8.492936596468093, 1.653432864822782, 306757000000, 
0.2392216396940306, 8.537482976821137, 1.653782594887814, 306762000000, 
0.285468883800281, 8.461653991032417, 1.6543100016620136, 306767000000, 
0.2853822359662671, 8.502888182166599, 1.6549875278964505, 306772000000, 
0.3231036371699931, 8.456575519151496, 1.6549987739593168, 306777000000, 
0.32705250090020366, 8.411180513152681, 1.6556584241229255, 306782000000, 
0.3798856971028322, 8.418101284085905, 1.6568231274190262, 306787000000, 
0.40797545609710817, 8.393108445019227, 1.656856831680759, 306792000000, 
0.38509219544915657, 8.384608828615239, 1.6574943048809498, 306797000000, 
0.45614935282683067, 8.3328045528936, 1.6581427641227644, 306802000000, 
0.48352374540252335, 8.354530030035429, 1.6592483377691707, 306807000000, 
0.4846333883686902, 8.355320152006039, 1.659394764515397, 306812000000, 
0.5220584362428661, 8.301458821855103, 1.6600508761618542, 306817000000, 
0.5208719240486295, 8.302314754628105, 1.6608369859242584, 306822000000, 
0.5934349768567602, 8.284784606880589, 1.6614846836168637, 306827000000, 
0.6180987054080626, 8.252121894821439, 1.6623247053140844, 306832000000, 
0.613771727633352, 8.257458928055103, 1.662296077291216, 306837000000, 
0.6956217326150619, 8.21244274120827, 1.6640153376462612, 306843000000, 
0.6834916281762707, 8.223798368629181, 1.664324248934022, 306848000000, 
0.6941207492419136, 8.188578854790858, 1.66510868634833, 306855000000, 
0.7402428352308286, 8.122900684836663, 1.6657792491894867, 306860000000, 
0.7949942555244305, 8.114273358318867, 1.66700693547117, 306866000000, 
0.8243591672786786, 8.09279802240897, 1.6689236623482868, 306876000000, 
0.8259786073505027, 8.058683473092158, 1.669072529666892, 306881000000, 
0.874366696954771, 8.060638734536681, 1.6700564934226831, 306886000000, 
0.8926289972759914, 7.998620993502824, 1.670703881687131, 306891000000, 
0.8903875853852734, 7.984412468499276, 1.6712816416541152, 306896000000, 
-45.532765130278015, 67.92343226969437, 1.6119018769605007, 306902000000, 
0.5964159041200634, -0.6658081692681174, 1.6124785868299014, 306907000000, 
50.39598020360939, -21.03441932313619, 1.6427315843182153, 306912000000, 
27.46263522052765, 0.04635961660604496, 1.6567248549813292, 306917000000, 
-16.645665350907873, 8.063974353059495, 1.6485392036543451, 306922000000, 
-6.947326677168672, 5.64267325761501, 1.645295141418789, 306927000000, 
-0.6251273616502189, 4.677612929125708, 1.645091515111076, 306932000000, 
0.763705240349797, 4.877583556207801, 1.6455350536838889, 306937000000, 
0.8420315404745821, 5.3480743532726445, 1.6462755305176846, 306942000000, 
0.8032830063601769, 5.715530564993191, 1.6467654449506368, 306947000000, 
0.865365978630995, 6.006723169317851, 1.6474832416140213, 306952000000, 
0.8640994466070034, 6.292381035855996, 1.6479997141927132, 306957000000, 
-35.71591339750004, 53.84744414575219, 1.5988600681376917, 306962000000, 
36.04857053944379, -18.081662916001953, 1.6170996603143188, 306967000000, 
58.067993451563694, -13.683153073247608, 1.6346327943631014, 306972000000, 
-6.8969960244182404, 6.110910312264573, 1.6302035984173142, 306977000000, 
-8.487896843851578, 6.4605873625818155, 1.6264187644692525, 306982000000, 
-1.4973774660273194, 4.659606060612658, 1.6258794376473367, 306987000000, 
0.6870070913029852, 4.520535816151578, 1.6259775568024148, 306992000000, 
-33.650162363614484, 53.7508042938857, 1.5868017133553967, 306997000000, 
0.29134812867621385, -0.7801607540559132, 1.5866809137487203, 307002000000, 
40.18606970468057, -15.057813327962041, 1.6150138716552755, 307007000000, 
-4.5024318095055476, 4.723241471065176, 1.6135537240646995, 307012000000, 
-7.44107137335662, 6.288482949506554, 1.6089811586818639, 307017000000, 
-15.584333799720326, 24.449903692539408, 1.577970986853072, 307025000000, 
38.75158135251712, -14.397586682374214, 1.5934265302087034, 307030000000, 
11.642448721316587, -2.8343759480819086, 1.5992384254909568, 307036000000, 
-5.821533884275088, 5.338359045152463, 1.5958050334818192, 307041000000, 
-11.061094912793806, 23.094472642263916, 1.5735785809373954, 307048000000, 
27.92528812666995, -10.134717082074069, 1.5877032030382343, 307053000000, 
-4.289514808865039, 4.11409101375908, 1.5849451233940708, 307060000000, 
-18.316549574668706, 29.577381872905423, 1.5633608838773834, 307065000000, 
28.69903866412642, -9.574899678878635, 1.577816639173352, 307070000000, 
-2.7408364987842475, 2.780233280201979, 1.5764058958890945, 307075000000, 
-14.388685713609924, 24.594700743861047, 1.5599725485783975, 307080000000, 
34.64668593175201, -9.901171577298792, 1.5664115357322217, 307085000000, 
-8.334127261871568, 10.340395037846996, 1.5517663825795556, 307090000000, 
15.730293228413167, 6.0985328383452675, 1.5529105078370145, 307095000000, 
13.131199598443606, -1.8125848861098162, 1.5635470977371064, 307100000000, 
0.01571740175418901, 13.04408880769707, 1.5592565489326884, 307105000000, 
-13.311181178293758, 10.584406774087721, 1.5468328173226167, 307111000000, 
22.077127349414706, 0.655730861994432, 1.5580513360198598, 307116000000, 
-18.39003929994406, 11.954246038035729, 1.5451274077975938, 307121000000, 
21.984653972230422, 1.1855798128779869, 1.5566531437898607, 307126000000, 
-3.207801688687058, 9.6646215035202, 1.5520259712865634, 307131000000, 
8.15827244228228, 0.6770999266660689, 1.5553455258872824, 307136000000, 
0.17151369415687692, 9.477670072115382, 1.552774881272641, 307141000000, 
-1.1007017220204827, 7.965855025395548, 1.5504630126743084, 307146000000, 
-0.6131444861643125, 7.541340080101064, 1.5480921990754708, 307151000000, 
-2.8666223288854265, 8.017049117118123, 1.5439131692282302, 307157000000, 
-2.5116262412135817, 6.2854402446485675, 1.5404661798482522, 307162000000, 
19.425066993946263, 0.8870126754557495, 1.5484022791934777, 307167000000, 
-5.4205484216176165, 10.363693272428394, 1.5441856767711806, 307172000000, 
2.817643211835162, 5.751053383085695, 1.5437750197487001, 307178000000, 
6.779535630237185, 0.4849342010675388, 1.5467287040469435, 307184000000, 
-3.86762014731425, 10.421295645639534, 1.539343654492146, 307190000000, 
14.211805844273679, 0.14501117339705552, 1.542147191877718, 307195000000, 
2.2747619337888416, 4.705975059527912, 1.5421443130889725, 307200000000, 
1.135501473515377, 7.644280978911068, 1.5402958209037347, 307205000000, 
-3.134152990170369, 9.02577934967166, 1.5352807381699978, 307210000000, 
12.569566106968228, -1.1020846656550496, 1.5389723018229764, 307215000000, 
-10.259845196756435, 11.885688029413037, 1.5304060960479333, 307220000000, 
11.427561695153223, -0.6075865945561901, 1.537555122336404, 307225000000, 
-6.046710093259671, 12.039043459553207, 1.5311486592917254, 307230000000, 
9.211988484339189, -0.20044054368703132, 1.5355421255029575, 307235000000, 
-12.65335743493067, 13.824537508781129, 1.5249486394673653, 307240000000, 
15.588743699783107, -1.1401944049421278, 1.5327948573717611, 307245000000, 
-0.16917091009640958, 1.8702613352273119, 1.5331409546341412, 307250000000, 
-1.4711175795498115, 11.519239369333981, 1.526867630236564, 307255000000, 
8.164240059588858, 0.03868587786472137, 1.5305460267902853, 307260000000, 
-1.2774158131863496, 2.419146470265258, 1.5296374989933137, 307265000000, 
-1.6425697457591584, 17.412098416054825, 1.5226872744994326, 307270000000, 
7.424894361113696, 0.1806178951651514, 1.5270315896663182, 307275000000, 
-1.3616535941022885, 2.6216655081814753, 1.526124038427638, 307281000000, 
-18.795727875300994, 22.294410596040386, 1.5118670624476218, 307286000000, 
20.891727419215677, -2.431492291086078, 1.5228018679095683, 307291000000, 
0.02480097564337141, 2.099402667381899, 1.52281418816789, 307296000000, 
-1.1211570997835762, 2.93929277721344, 1.522330121999859, 307301000000, 
-11.951840254074407, 15.99309795977208, 1.5054576346006678, 307307000000, 
32.58009322649867, -5.642525700385301, 1.5155263480715684, 307312000000, 
3.8669702178415926, 1.1023555441978707, 1.5183712954047186, 307317000000, 
-1.48041065544725, 2.9648312561717773, 1.517285109010845, 307323000000, 
-0.07940101762095993, 3.1822632471449035, 1.5175130974085962, 307328000000, 
0.6294659381945991, 3.429011042163204, 1.5181759571888498, 307333000000, 
0.7502379881824989, 3.715947596603222, 1.5183019130888944, 307338000000, 
-18.000704622136965, 38.31836443035553, 1.5018229342583196, 307343000000, 
14.337891478543598, -2.263422035613973, 1.5117908958809498, 307348000000, 
-2.219377198036041, 3.0655515967145903, 1.5110398641828493, 307353000000, 
-0.7847748785967561, 3.1289573900344276, 1.5109544064296963, 307358000000, 
0.3774777048672278, 3.249226323850986, 1.5113710534367901, 307363000000, 
0.681088827973424, 3.5321679057266784, 1.5111961167001948, 307368000000, 
0.7386651534977752, 3.7515344821577323, 1.5123103919654184, 307373000000, 
0.7156398898671021, 3.929505938328798, 1.5127293250604454, 307378000000, 
0.7628497338542057, 4.095149773128676, 1.5133266866358297, 307383000000, 
0.7927482043160597, 4.265003895675527, 1.5140208954574115, 307388000000, 
0.7965594825933753, 4.383763449665142, 1.5145127851000686, 307393000000, 
0.7939419593342582, 4.478099793711507, 1.5152481785285403, 307398000000, 
0.8034099136709546, 4.51956041521027, 1.5158411077177125, 307403000000, 
0.7550842361712443, 4.5550076029904325, 1.5170118192528805, 307408000000, 
0.7832572168704008, 4.662794571731713, 1.5174911741026536, 307413000000, 
0.7761813211883176, 4.685224584834981, 1.51850791739587, 307418000000, 
0.7301967213753059, 4.691338948299851, 1.5188620200776206, 307423000000, 
0.746923110181316, 4.681339557784712, 1.520270862179236, 307428000000, 
0.7159202768062367, 4.666044753019456, 1.5206796275758743, 307433000000, 
0.670621811926078, 4.6829912220479555, 1.5212258867670572, 307438000000, 
3.3134906481625053, 6.255950312766858, 1.5232433053718548, 307443000000, 
1.032600895130395, 7.672222921190206, 1.5233989891272095, 307449000000, 
-0.8632005455655962, 6.256122468727486, 1.522221265900743, 307454000000, 
-0.5410130560010502, 3.7341485421283314, 1.522777063107751, 307459000000, 
0.8803357411269148, 3.6088575847506026, 1.523926508452058, 307464000000, 
0.6365169332637317, 3.780154558862921, 1.524260082265037, 307469000000, 
0.44166692539215946, 3.9229905154227014, 1.525135618239816, 307474000000, 
1.7467245648303895, 4.508269807873776, 1.5261487906990132, 307479000000, 
1.6261137889339652, 6.855075872978954, 1.526610058655149, 307484000000, 
-1.661906142759345, 5.555058234307568, 1.5256998166516922, 307489000000, 
-0.24615073518873676, 3.533344208831111, 1.5262785366396194, 307494000000, 
0.6189653705364085, 3.5003719534813382, 1.5262285494662597, 307499000000, 
0.42048528953008285, 3.6921442047073545, 1.527330011850602, 307504000000, 
2.5958417567513745, 6.233854888894608, 1.5279271172693472, 307509000000, 
-0.4704052914285214, 6.201308130660315, 1.5278746514531434, 307514000000, 
-1.793052848142337, 3.4586196506297724, 1.5271093383674301, 307519000000, 
0.5365173955363088, 3.226056365704752, 1.5273455101853783, 307524000000, 
0.37130012483437114, 3.356067885696454, 1.528497000466478, 307529000000, 
2.5502163649528744, 5.378951187940266, 1.5290183157013568, 307534000000, 
-0.6241776583113292, 5.893141985296721, 1.5283778440708795, 307539000000, 
-1.7723771218619697, 4.010767014701613, 1.5277084875545233, 307544000000, 
0.24406723020708473, 3.027397899932662, 1.5279209714008875, 307549000000, 
0.3474321437605643, 3.1359276029982546, 1.5283761695913785, 307554000000, 
2.9866371772241904, 5.430136693692683, 1.529405390657186, 307559000000, 
-0.9049320990949069, 5.470037809708808, 1.5289107133171325, 307564000000, 
-1.837922572440098, 4.16905867946023, 1.527254283631135, 307569000000, 
0.0015287444027266648, 2.8464884988170907, 1.5276904895617727, 307574000000, 
2.1888530299933877, 3.7258958160848348, 1.5288530974205645, 307579000000, 
0.06823787779127503, 5.178375815421835, 1.5285956283208266, 307584000000, 
-1.6596807662557354, 4.695070178140015, 1.5266337589286834, 307591000000, 
-0.9026142917250872, 2.7023160179218007, 1.5267267963453952, 307596000000, 
2.0626450038627717, 3.4918586859249894, 1.527453586796693, 307601000000, 
0.1357933368817273, 4.879414297985535, 1.5268604832907078, 307606000000, 
-1.5265881934505665, 4.780464504299111, 1.5261085369180423, 307611000000, 
-1.849327704700727, 3.9197666844433874, 1.5244046250743382, 307616000000, 
-0.5625548516417256, 2.5321907147464997, 1.5247608874461513, 307621000000, 
2.7244224938476873, 3.873026431876762, 1.525382738169551, 307626000000, 
-1.036114767793726, 4.531532709352881, 1.5241150045041454, 307631000000, 
-1.4517497995044386, 4.458472901239513, 1.5233289022134016, 307636000000, 
-1.8334894890274733, 3.7253852739726305, 1.5219604306881624, 307641000000, 
-0.8247013411323395, 2.380244981610922, 1.5217796627960267, 307646000000, 
2.071054286547903, 3.739733949080259, 1.5227185085238804, 307651000000, 
-1.0146375402154166, 4.2231648355573865, 1.5215620751301935, 307656000000, 
-1.6759312618680722, 4.148695703184834, 1.5200236969543393, 307661000000, 
-1.1326663035643874, 3.8953652957905534, 1.5195627664125153, 307666000000, 
-2.446851406730257, 2.9390857562428803, 1.518333816715374, 307671000000, 
1.4192179875591435, 2.779306531112002, 1.51889062460729, 307676000000, 
-0.40269623372870317, 3.911402571467263, 1.5183739271596197, 307681000000, 
-1.7470165855741797, 3.8800749030251636, 1.5168036571146764, 307687000000, 
-1.6599018059066988, 3.80020370497617, 1.5157380430497969, 307692000000, 
-1.293697045824051, 3.632093947588228, 1.5149803865368097, 307697000000, 
-1.183731228170822, 3.491457636966243, 1.513959844674868, 307702000000, 
-1.2249933780455786, 3.445128669286816, 1.513084739530932, 307707000000, 
-2.477866810541237, 2.8958984441650855, 1.5116634339390673, 307712000000, 
0.9807459160308497, 3.0410237628290484, 1.511358221606279, 307717000000, 
-1.03156126346227, 3.4447501768532853, 1.510822072143065, 307722000000, 
-1.4065386047951223, 3.4127954597440193, 1.5101704018185829, 307727000000, 
-2.775751650193153, 3.5970755590819627, 1.5083625585689444, 307732000000, 
-2.0433265334128254, 3.4108989893759523, 1.5077618620395594, 307737000000, 
-1.5870262802165207, 3.258027535684869, 1.5057321571806859, 307742000000, 
-1.630992904686073, 3.2365731079014926, 1.5051736811650567, 307747000000, 
-1.7484548214874427, 3.2121379956759455, 1.5038134871485236, 307752000000, 
-0.8858267727615153, 2.954616976163395, 1.5028159438182076, 307757000000, 
-0.8034830704144994, 2.9334684846437815, 1.5022437364192425, 307762000000, 
-1.5057028139709956, 3.0538704748900782, 1.5010801435737673, 307767000000, 
-1.7013400323876615, 3.0618752884053237, 1.500050042427906, 307772000000, 
-1.8380816362197752, 3.055058933615753, 1.4987241011455599, 307777000000, 
-1.8465144196191396, 3.03266046412692, 1.4977362401002319, 307782000000, 
-1.8858749520639595, 3.0229144438614433, 1.4965691254096603, 307787000000, 
-1.9402058770860877, 3.0173886720091416, 1.4951796678085143, 307792000000, 
-1.975880952000531, 2.9786761892724996, 1.4940440975825529, 307797000000, 
-2.0339997453717604, 2.950089574696084, 1.4925340858189375, 307802000000, 
-2.109919950077485, 2.986206322922603, 1.491371382067667, 307807000000, 
-2.1195865394474978, 2.9101010673508796, 1.4898898448062414, 307812000000, 
-2.1821425124674314, 2.8953002886188663, 1.4883365859233113, 307818000000, 
-2.203460121482334, 2.8528888112358617, 1.487100766194686, 307823000000, 
-2.280428233017702, 2.872152423103193, 1.4854634165467495, 307828000000, 
-2.309265460633074, 2.8415573152651077, 1.4841766647320895, 307833000000, 
-2.339126218250233, 2.8337690969879703, 1.482378640066182, 307839000000, 
-2.409574101072925, 2.8280459870019583, 1.4804201608359655, 307844000000, 
-2.4902920028421733, 2.800572918833534, 1.4784157427578513, 307850000000, 
-2.524120812297884, 2.752681244868266, 1.476945996093177, 307855000000, 
-2.5589840504126675, 2.796164754060167, 1.4749126760033726, 307860000000, 
-59.52549021213807, -6.830280162006409, 1.4491085145338964, 307866000000, 
40.11488707063162, 7.182178861767061, 1.4721063110359236, 307871000000, 
10.293310874741254, 17.96662790875498, 1.4787900292684235, 307876000000, 
-10.389403634053819, -3.206398491252401, 1.4732964513462086, 307881000000, 
-4.978866628298272, -1.332725610789894, 1.4706401574780956, 307886000000, 
-1.8590431364321856, 1.121443146130881, 1.470298708607508, 307892000000, 
-79.29051292612587, -7.288998979045118, 1.443615100736872, 307897000000, 
56.91843470688934, 16.003540298710345, 1.480334157547332, 307902000000, 
-0.0581725645270581, 7.662193450005044, 1.4813475088706134, 307907000000, 
-12.315041324344046, -3.051019505122015, 1.4732433471635984, 307912000000, 
-59.236002530515414, -6.767705471341583, 1.4474524711237704, 307917000000, 
32.98258139601552, 0.6183588293427029, 1.4640910204800008, 307922000000, 
20.090385976017274, 16.21095444621562, 1.4782245088200803, 307927000000, 
-46.37370781316554, -5.10549066015826, 1.4541213627660756, 307933000000, 
9.566936124341513, -0.5657036687940551, 1.4572584829382145, 307938000000, 
30.688751313877287, 10.00197930382046, 1.4772537370523142, 307943000000, 
-40.661107604346554, -2.5720698382654, 1.460276244223309, 307948000000, 
26.86210653140232, 5.763068681788556, 1.474828141359632, 307953000000, 
-31.572968197130454, 0.13164224275975106, 1.4625415953054237, 307958000000, 
20.21884679092292, 4.368735559940489, 1.4753321770821703, 307964000000, 
-18.984207380793844, -1.8675541375254563, 1.4684347866245617, 307969000000, 
-10.766397193613399, 3.9842368345295602, 1.4656937502199516, 307974000000, 
-6.250074714512244, 1.0659346841559205, 1.4649479000547716, 307979000000, 
-16.456828239911317, -0.42702505982659233, 1.4579546332511824, 307984000000, 
-16.473692960932652, -0.35257300985450435, 1.4519714535605805, 307989000000, 
-16.938666287859963, -0.30469834220063957, 1.4454495395480713, 307994000000, 
-8.372841182141057, 4.668345920383357, 1.4435003750937283, 307999000000, 
-4.435921375666796, 2.2354882587830507, 1.4422169748044256, 308004000000, 
-3.8725305085647275, 1.8756541695622158, 1.4418907641832375, 308009000000, 
-4.041453086597798, 1.9262295178483277, 1.4406532347359098, 308014000000, 
-3.166980082515752, 1.4835999410872331, 1.4404538919750132, 308019000000, 
-5.448572707703619, 2.5874737159715235, 1.4390394751426827, 308024000000, 
-3.2199275468635657, 1.487110232575768, 1.4382380479440457, 308029000000, 
-4.309802573247759, 1.9593015040358137, 1.4374119876744524, 308034000000, 
-4.169843414289596, 1.8283151211671078, 1.436641349512883, 308039000000, 
-4.6712632731986385, 2.054923147281032, 1.4349696235060139, 308044000000, 
-3.400265353377273, 1.4566601889610562, 1.4345291962325961, 308049000000, 
-4.639314014660374, 1.9605932527751067, 1.4336098399729216, 308054000000, 
-3.473234747443596, 1.4486102138079897, 1.432188422655402, 308059000000, 
-5.753473071702019, 2.4103144045098337, 1.4313179764696446, 308064000000, 
-3.5264449231405317, 1.4367320870393716, 1.4304433484805892, 308069000000, 
-4.889196424585324, 1.9749826272770723, 1.4292656627715838, 308074000000, 
-4.873205291436691, 1.9417451220113482, 1.4280313198933867, 308080000000, 
-3.681598226156366, 1.4315742445415434, 1.4267875705833497, 308085000000, 
-4.5911019573680525, 1.8139878715932434, 1.4256658313933885, 308090000000, 
-4.276379323101926, 1.6256998269701588, 1.4245816174845538, 308095000000, 
-6.026803724739282, 2.3330632964119578, 1.4228606320910384, 308100000000, 
-3.7581953831976294, 1.4323948411089515, 1.4217339774593594, 308105000000, 
-4.472446183210502, 1.6629681421725304, 1.4208000559669427, 308110000000, 
-4.864076211305693, 1.7716710470031143, 1.4197928438955674, 308115000000, 
-6.183163893459694, 2.27252197408615, 1.4178330498470126, 308120000000, 
-3.9063379264113687, 1.4068945018592036, 1.4168685434646149, 308125000000, 
-5.594881746797046, 1.9793484165030262, 1.4151554146207865, 308130000000, 
-3.9774305654523356, 1.4045580752889741, 1.414070080567432, 308135000000, 
-5.312436177271443, 1.8600333909941462, 1.412537020460214, 308140000000, 
-5.035696844889151, 1.7412533902299396, 1.4111469729378043, 308145000000, 
-5.841794270933909, 2.0099269308241663, 1.4091596916199596, 308150000000, 
-4.120983603080985, 1.411575198756454, 1.408678106079746, 308155000000, 
-6.500902439493597, 2.2168113005369285, 1.4063321597452625, 308160000000, 
-4.226714487632549, 1.3979533487885467, 1.4052761230493473, 308166000000, 
-6.096405989732434, 2.0198626014807273, 1.4036624263688369, 308171000000, 
-5.536144453605313, 1.8119413002088467, 1.4014264539172716, 308176000000, 
-4.287060597170313, 1.383125964362626, 1.4002208298891832, 308181000000, 
-6.244255457507421, 2.0314687949037613, 1.3985069845822191, 308186000000, 
-4.375220779328096, 1.3784630979823194, 1.3969070163707291, 308191000000, 
-6.766684375612643, 2.195270823088766, 1.395598339974067, 308196000000, 
-5.5190423603872585, 1.7445654855061428, 1.3938717220289767, 308201000000, 
-5.391102170668297, 1.688991470044222, 1.3918601656143132, 308206000000, 
-4.501160655603372, 1.4238682096977582, 1.3905246660550632, 308211000000, 
-6.969216848710793, 2.210136480490947, 1.388656223933415, 308216000000, 
-4.55384572582238, 1.4035543900135123, 1.3872807643460492, 308221000000, 
-6.694987743452069, 2.084747924953044, 1.384936588038072, 308226000000, 
-4.601715672573209, 1.4112818108368461, 1.3837401973805235, 308231000000, 
-7.113395036959541, 2.1895296728426152, 1.381542143838954, 308236000000, 
-4.698235794372877, 1.4218973301611701, 1.3805931027824596, 308241000000, 
-5.766748042426566, 1.7763457118269392, 1.3786330059115643, 308246000000, 
-5.921009649737988, 1.7862522231690647, 1.3773573204999077, 308251000000, 
-7.257402867205919, 2.1993733557874613, 1.3747718397096473, 308256000000, 
-5.884869559787419, 1.7897827834244515, 1.3728198544526569, 308261000000, 
-4.240277375983667, 1.2615780985663698, 1.3721934250537269, 308266000000, 
-6.912577176375202, 2.0597084200564146, 1.3693682073209916, 308271000000, 
-6.060925352994123, 1.8406466949720863, 1.368142761138396, 308276000000, 
-3.8947774503479162, 1.1273016109835219, 1.3674273456082557, 308281000000, 
-7.040924396947575, 2.080942022730976, 1.3649183842160002, 308286000000, 
-4.987271056997967, 1.4580882396221, 1.3629558413169311, 308291000000, 
-7.58325017512895, 2.252128794735491, 1.3610739185040606, 308296000000, 
-5.024122032861221, 1.4831625216879407, 1.3592346840385567, 308301000000, 
-7.466937631755983, 2.2368157286139505, 1.3572135178608504, 308306000000, 
-6.402226857516982, 1.8967175550626028, 1.355305617656812, 308311000000, 
-6.367247248953023, 1.885582087940345, 1.353441582210161, 308316000000, 
-5.117154172162331, 1.496474125252568, 1.3523458013659058, 308321000000, 
-6.3476828388996545, 1.8572700983632722, 1.3498640042595051, 308327000000, 
-7.8675464439743985, 2.324544404106002, 1.3480345307513977, 308332000000, 
-5.210984178102194, 1.4935406049238888, 1.3463546873928978, 308337000000, 
-7.741540330207261, 2.2878123781210755, 1.343938458741991, 308342000000, 
-5.273688430091955, 1.5365544165815614, 1.3430536071676844, 308347000000, 
-7.995111962724285, 2.3573328126739184, 1.3401080115125261, 308352000000, 
-5.317816491792221, 1.5631378600566754, 1.3385918614294816, 308357000000, 
-7.901390740607055, 2.3308075412335656, 1.336350560921876, 308362000000, 
-5.382835659376918, 1.5725942715739163, 1.3346040794036114, 308367000000, 
-8.142915269231816, 2.402198261991686, 1.3327110992266873, 308372000000, 
-5.425152352459302, 1.5860537879690177, 1.3309273663112038, 308377000000, 
-6.758598488565061, 2.0049519884680476, 1.328860127773707, 308383000000, 
-8.24800614090224, 2.444352784180995, 1.3264896371845858, 308388000000, 
-5.480413666375344, 1.6063366267649757, 1.3242978648821881, 308393000000, 
-8.20854517936069, 2.440896080559629, 1.3218882265799567, 308398000000, 
-6.950788504132744, 2.0427260069798803, 1.3195833321957975, 308403000000, 
-6.926172154765116, 2.0611186340517733, 1.317913023073997, 308408000000, 
-5.581729185427179, 1.6862294012017995, 1.316209104677166, 308413000000, 
-8.3749035702719, 2.523507762032631, 1.3138485948009917, 308418000000, 
-5.636151710159234, 1.6778472842489938, 1.3122985687198712, 308423000000, 
-8.491029517217296, 2.5355892342335395, 1.3098525001683268, 308428000000, 
-5.696203574219473, 1.7220889463584728, 1.307567806383732, 308433000000, 
-7.089079981277134, 2.122620656283864, 1.3059077012041864, 308438000000, 
-8.1528103119303, 2.4514254124613557, 1.3027936883756028, 308444000000, 
-5.7400737216479545, 1.7226483517445053, 1.300996760348481, 308449000000, 
-7.199126562959987, 2.155428307771719, 1.2996037642361429, 308454000000, 
-7.185820317112312, 2.2106540721027614, 1.296781064433475, 308459000000, 
-8.69768195708096, 2.683524301913592, 1.2940439045994894, 308464000000, 
-5.818110826787537, 1.7633664987994266, 1.292163131765625, 308469000000, 
-8.7037469293315, 2.6924732470513866, 1.2898531733925387, 308474000000, 
-7.317763536465062, 2.2992762556112676, 1.2864216550132133, 308479000000, 
-5.869025366142643, 1.8366060016739176, 1.2854187724407207, 308484000000, 
-8.78137426847591, 2.7431453445800242, 1.2825707921357845, 308489000000, 
-7.3921040251806245, 2.327179900044999, 1.2811860782118842, 308494000000, 
-5.943399269981201, 1.8546675500842333, 1.2795409251155925, 308499000000, 
-8.920569642702809, 2.8225613825006155, 1.2767743803165423, 308504000000, 
-5.986498725522228, 1.8686882150409452, 1.2745527298794788, 308509000000, 
-8.921118087851317, 2.8485521130760794, 1.2721881796628631, 308514000000, 
-7.524811602143095, 2.399739991234579, 1.2693240577232368, 308520000000, 
-6.062081421583912, 1.9149060896672696, 1.2677168835784012, 308525000000, 
-8.98256212954486, 2.9245834286518506, 1.26530590377659, 308530000000, 
-6.02480829072646, 1.9430841844703326, 1.2637156007352728, 308535000000, 
-9.097682778020939, 2.9895458294351323, 1.2606293947580551, 308540000000, 
-6.076668718706095, 1.980698170995507, 1.258949690620345, 308545000000, 
-9.119983303203131, 2.995367010540899, 1.256350930514251, 308550000000, 
-6.127143794048767, 2.0276717339784707, 1.2542996076559252, 308555000000, 
-9.216516071861271, 3.0696461950806704, 1.2519051255217881, 308560000000, 
-7.663927868364075, 2.5522327555099418, 1.2492208034663774, 308566000000, 
-7.738643297152943, 2.5778950386390505, 1.2464944352452976, 308571000000, 
-7.689896493240958, 2.599746844073226, 1.244859281067977, 308576000000, 
-6.201902632168608, 2.1173527716605123, 1.2432840517925543, 308581000000, 
-7.782680410121329, 2.6515187696660605, 1.24147776783338, 308588000000, 
-7.787116533653651, 2.660412702646089, 1.2380162733523838, 308593000000, 
-9.30416727674031, 3.209626303548147, 1.2355006841880596, 308598000000, 
-7.783937440596603, 2.725309238198198, 1.2330329886460074, 308603000000, 
-7.844949227102088, 2.742636522837471, 1.230891588760198, 308608000000, 
-6.729798265981781, 2.339153725913173, 1.2282476264009559, 308614000000, 
-7.852750343751479, 2.7889445040435747, 1.2265910178282697, 308619000000, 
-9.483490028171346, 3.3690848384045298, 1.2238714365363201, 308624000000, 
-7.862805034143781, 2.8229516117663005, 1.22138834452955, 308629000000, 
-7.900774071455843, 2.868372320085938, 1.2197153926890003, 308634000000, 
-6.349473374500287, 2.2739808994898643, 1.2181403125337436, 308639000000, 
-9.52188091928699, 3.481377432990887, 1.2149317458230298, 308644000000, 
-6.3346700279824475, 2.3208255857370954, 1.2131204340063662, 308649000000, 
-7.93590347349935, 2.919641430903013, 1.2115927517697251, 308654000000, 
-7.951210930866328, 2.9595135876395298, 1.209341725539155, 308659000000, 
-9.56319116928116, 3.5596602958319705, 1.2067499159670467, 308664000000, 
-6.427656885449841, 2.3781243313575513, 1.204408640554724, 308669000000, 
-9.56488138014785, 3.616633062065053, 1.2023273529695544, 308674000000, 
-6.442076413466161, 2.3923815459491573, 1.2006172864020883, 308679000000, 
-9.633184956298514, 3.7016819228806543, 1.1976324338457467, 308684000000, 
-6.444853457293984, 2.481324704443077, 1.195665973701765, 308689000000, 
-8.063054579959063, 3.0792169569350167, 1.1942653564421402, 308694000000, 
-8.0670119499605, 3.1531609084422274, 1.1912885448380062, 308700000000, 
-8.094451410643593, 3.147568647938667, 1.1886628890999091, 308705000000, 
-9.679557079231426, 3.8340659023862234, 1.186066344561005, 308710000000, 
-8.09520091109227, 3.2485886638454544, 1.1832475815762624, 308715000000, 
-8.094149917983762, 3.2550021849326796, 1.181714820715246, 308720000000, 
-6.513333784842667, 2.59763497376944, 1.179979344538673, 308725000000, 
-9.710685009484006, 3.9427267638458035, 1.1775805538839244, 308730000000, 
-6.507952748855274, 2.6551881848395036, 1.175511136859247, 308735000000, 
-9.728447573681665, 3.9871175863924635, 1.1725340297813787, 308740000000, 
-6.501237810546122, 2.6770637060101183, 1.170871979223457, 308745000000, 
-9.74094909136912, 4.059637875543032, 1.168537031572787, 308750000000, 
-6.546345321704343, 2.741506955847733, 1.1667112411796925, 308755000000, 
-9.772380612964778, 4.13808622754684, 1.164193152910426, 308760000000, 
-8.176857971521999, 3.4416013376964845, 1.1616321430236076, 308765000000, 
-6.519608221952129, 2.7952584824621494, 1.1595190065374332, 308770000000, 
-8.21855879061059, 3.511418655611624, 1.1580022852774818, 308775000000, 
-9.81278569856178, 4.241252569983069, 1.1552248485048315, 308780000000, 
-6.568833984857787, 2.844986137109545, 1.1535533770790982, 308785000000, 
-8.181608288654088, 3.585308001771938, 1.1512116115213424, 308790000000, 
-8.169401985364269, 3.621271997079569, 1.1494001678680725, 308795000000, 
-8.180388124019116, 3.6219933289464503, 1.146383362419363, 308801000000, 
-9.796554807119579, 4.399194700921397, 1.1439520984430824, 308806000000, 
-6.546060479101205, 2.9303936013307825, 1.1420388360444467, 308811000000, 
-9.84591963590072, 4.463159770291008, 1.1395128563337817, 308816000000, 
-8.208371448432354, 3.759806403865125, 1.137711367990753, 308821000000, 
-8.199026552871194, 3.7424719778868956, 1.1356775619437063, 308826000000, 
-6.586767204976322, 3.047566309677623, 1.1337230952072082, 308831000000, 
-9.820381204355428, 4.609436220643344, 1.1312905895578422, 308836000000, 
-6.580363686102031, 3.0413820160720193, 1.1295482845960816, 308842000000, 
-8.178701592533606, 3.862911636148255, 1.1268531157072432, 308847000000, 
-8.172365646788398, 3.9204585995418393, 1.1247927782275555, 308852000000, 
-8.18027821460587, 3.9494800682502356, 1.1226232790421937, 308857000000, 
-8.202062043864276, 3.9198511309852333, 1.1216236376308917, 308862000000, 
-8.211019581241327, 3.9918118083088916, 1.120325398233115, 308867000000, 
-9.134862429899513, 4.467982211295406, 1.1163460740293043, 308872000000, 
-6.594279993854044, 3.249432713813431, 1.1149590598857888, 308877000000, 
-9.838113692651742, 4.896547268788316, 1.1121941331321394, 308882000000, 
-6.598897636101383, 3.2620411187911387, 1.1111676234586578, 308887000000, 
-8.200312484737841, 4.121921821459519, 1.109192506259364, 308892000000, 
-8.203370085547242, 4.136792638299184, 1.1068208781129294, 308897000000, 
-9.836501734479082, 5.010855632253569, 1.104478844526926, 308902000000, 
-8.19202304010937, 4.195665659590735, 1.1030683797762206, 308907000000, 
-8.194523005204127, 4.239185770667036, 1.1005021871416318, 308912000000, 
-6.59728300965429, 3.418145833515277, 1.0993001828250741, 308917000000, 
-9.812106511672317, 5.143279801451795, 1.0968063092049307, 308922000000, 
-5.474614423582593, 2.851352464855198, 1.0962702975596752, 308928000000, 
-8.133416779867398, 4.363819203463316, 1.0930768250926985, 308933000000, 
-8.155702978930735, 4.376036164720008, 1.0909501344521282, 308938000000, 
-8.16988016017454, 4.3939157172580785, 1.0892184027289897, 308943000000, 
-9.812917552141338, 5.331741930140924, 1.0867882471269668, 308948000000, 
-6.506559333876471, 3.568341717596312, 1.0855307470812194, 308953000000, 
-9.749538008337364, 5.362355620071147, 1.0834733581166556, 308958000000, 
-8.133667007327839, 4.495979615600609, 1.0822199230359346, 308964000000, 
-6.980109477838008, 3.8937972270695353, 1.0794569244242642, 308969000000, 
-9.740825269617709, 5.503808468538429, 1.0775430442672052, 308974000000, 
9.460016782624301, 13.849783513066125, 1.0870563300622842, 308979000000, 
-5.819412950877311, -1.3938619797713914, 1.0853758471229094, 308984000000, 
-8.922151033840105, -0.9303008947361119, 1.082306444869856, 308990000000, 
-8.297582548044394, 4.269573496820921, 1.079638134805977, 308995000000, 
-7.875681269090231, 5.272331955505487, 1.0790845239972258, 309000000000, 
-7.843167479610451, 5.259986222902456, 1.077805487600352, 309005000000, 
-7.837306511455027, 5.189734121277141, 1.0764127312882266, 309010000000, 
-7.814293669707141, 5.170653812675571, 1.0752416153480278, 309015000000, 
-7.810108057632469, 5.213220475104503, 1.0743312460567447, 309020000000, 
-7.823635663087186, 5.279823680851519, 1.0728981467786132, 309025000000, 
-7.782399847394433, 5.289592358553602, 1.0710914758519472, 309030000000, 
-7.815840986285306, 5.335403342395449, 1.0700460294992562, 309035000000, 
-7.8669581441306065, 5.37080331248744, 1.068690664835992, 309041000000, 
-6.1144576651640365, 4.479233901039531, 1.0680630493443184, 309047000000, 
-5.281630681420552, 3.9613242085309577, 1.067196859233829, 309052000000, 
-7.692789633319905, 5.437878659695005, 1.0661473128407866, 309057000000, 
-7.7652103733397535, 5.5363438122124755, 1.0646078511218797, 309062000000, 
-14.25368699076153, 9.152885542039172, 1.0618594944389117, 309067000000, 
0.09706025060623794, 0.8756290448344051, 1.062723893704599, 309072000000, 
-11.85388061583811, 8.264203061212728, 1.060261303945662, 309077000000, 
-1.3023098513874773, 1.3980347272208464, 1.0606042378265146, 309082000000, 
-13.9774032336056, 9.84789626233219, 1.0580195773538952, 309087000000, 
-1.6189305383174328, 1.6167748878816572, 1.0573676831653236, 309093000000, 
-14.418049420247506, 10.35694479430067, 1.0547918022143112, 309098000000, 
-1.858325847562683, 1.7677580111209221, 1.054686318756878, 309104000000, 
-23.187225636848485, 17.16727590458449, 1.0507985165287843, 309109000000, 
0.5590750614362198, -0.6072381042322094, 1.0508817563317523, 309114000000, 
-2.4968480707969896, 2.3337245455055666, 1.0507633424042402, 309119000000, 
-25.482878623274075, 19.107951693886527, 1.0473817376512202, 309124000000, 
0.8305579533112982, -0.6250609146276683, 1.0475541297385491, 309129000000, 
-2.439069106666558, 2.3108877034088824, 1.0467636838243282, 309135000000, 
-3.2393581282686754, 2.9549806501506826, 1.0462868322612944, 309140000000, 
-17.474426764844264, 13.13260711069912, 1.0424092412360562, 309145000000, 
-1.5835127576597645, 1.0936384521840505, 1.0424643415590655, 309150000000, 
-2.7027441260344767, 2.97949667388316, 1.0419587879055079, 309155000000, 
-3.4202465884238893, 3.2854275482954303, 1.0408851319051076, 309160000000, 
-24.352427216089804, 20.788184683184053, 1.0373073749575739, 309165000000, 
-1.1444726096382247, -1.8418519499022943, 1.036612013855883, 309170000000, 
-2.3757753150872722, 3.0743214476555383, 1.0364200090969784, 309175000000, 
-3.0679610630205643, 3.421600676040424, 1.035600137366458, 309180000000, 
-3.691837712220423, 3.4802185211588403, 1.0349942964619496, 309185000000, 
-26.803817742018936, 27.735094910303108, 1.0318145225654738, 309190000000, 
-1.8391764402538386, -6.210434573983542, 1.0299295426441244, 309195000000, 
-2.063850800328751, 2.8511020087220826, 1.0293415331485194, 309200000000, 
-2.7789259223429035, 3.6139087688972924, 1.0289336882158349, 309205000000, 
-3.4993080392269595, 3.5953196931059086, 1.0286540676982168, 309211000000, 
-4.158379126953952, 3.9291795997250896, 1.027189635957507, 309216000000, 
-27.7828516806588, 33.20695329036809, 1.0253690240298312, 309221000000, 
-3.819779587370086, -9.001168109678156, 1.0218953151469004, 309226000000, 
-1.8541551725218741, 3.0185289986257233, 1.0215166237326812, 309231000000, 
-2.583141863539945, 3.879284177054997, 1.0213346436767972, 309237000000, 
-3.584929206127701, 3.783084568192416, 1.0204713861355021, 309242000000, 
-4.14380493181227, 4.11937341222307, 1.019820190682156, 309247000000, 
-4.537063524379056, 4.436037514952151, 1.0186727628730718, 309252000000, 
-4.757606596142297, 4.6853052468814225, 1.0185149870465342, 309257000000, 
-18.930031814266886, 16.620239995598048, 1.013165380950536, 309262000000, 
-2.346018086581353, -0.9586970394653783, 1.0127989022526933, 309267000000, 
-1.87880002848609, 3.7928552836866634, 1.0124887329980157, 309272000000, 
-2.931791283880844, 3.881043507621505, 1.0119686443820615, 309277000000, 
-3.661148332632445, 3.9663116445019466, 1.0111946016080655, 309282000000, 
-4.139108358951651, 4.344448030342087, 1.0105137788485514, 309287000000, 
-4.551286313820936, 4.724544368791314, 1.009126574394175, 309292000000, 
-4.921435490840441, 5.139792216284547, 1.0079418959971413, 309297000000, 
-5.153184115534885, 5.3587651329036765, 1.0073324369263235, 309302000000, 
-29.583548620236826, 33.26295964129297, 1.0035170547348267, 309307000000, 
-2.1739215135434242, -4.951157701790086, 1.0015207054155661, 309312000000, 
-1.6174440191663184, 3.5538789216286397, 1.0014151666275792, 309317000000, 
-2.530613864863551, 3.918415773604588, 1.0009536586805334, 309323000000, 
-3.3436503295443045, 3.9876890562771385, 1.0011272256730273, 309328000000, 
-3.8047051927590596, 4.326479213591685, 1.0001222499089393, 309333000000, 
-4.208614409981242, 4.733012990954805, 0.9987289869421614, 309338000000, 
-4.580499840862717, 5.131660360213368, 0.9978485334771304, 309343000000, 
-4.902261598847924, 5.469168325375795, 0.9963342052281878, 309349000000, 
-5.159953341247976, 5.786720124678134, 0.9955887718928667, 309354000000, 
-5.365047520311666, 5.9935173658621625, 0.9947104638519834, 309359000000, 
-5.465304073928883, 6.16191159180001, 0.9934429487506791, 309364000000, 
-32.13209417401107, 36.110130220883775, 0.9897292761688153, 309370000000, 
-0.9568843563580021, -2.391666390185168, 0.9882938927978547, 309375000000, 
-1.783424660431514, 3.708449907629157, 0.9884084998708114, 309380000000, 
-2.440254586535193, 3.875771101167201, 0.9882015987332429, 309385000000, 
-3.174761555913146, 4.13796725152939, 0.9878214534350944, 309390000000, 
-3.6388333292875727, 4.560686596525332, 0.9873501061368556, 309395000000, 
-3.954366275679085, 4.965024282819298, 0.9860815868052172, 309402000000, 
-4.357338723201573, 5.426899089477198, 0.9850815873636476, 309407000000, 
-4.67529312359592, 5.794259011876868, 0.9843999973857975, 309412000000, 
-4.874964074031185, 6.023078233634837, 0.9835411857252897, 309417000000, 
-5.0374156917256405, 6.263352918098442, 0.982271038222223, 309422000000, 
-5.218244787301012, 6.52763133672998, 0.9811894337621433, 309427000000, 
-5.352198526656334, 6.6821717790061985, 0.9806425089798353, 309432000000, 
-5.420551766183188, 6.816259233458813, 0.9795244941125183, 309437000000, 
-5.481796373568439, 6.980993231730768, 0.9783410594152111, 309442000000, 
-5.506260162839003, 7.0754796290050574, 0.9776278299103354, 309447000000, 
-5.57957309093431, 7.16434845475713, 0.976994052231309, 309452000000, 
-36.15063784803664, 41.007426523810025, 0.9736271786510815, 309457000000, 
0.002652425495805583, 1.069272677486834, 0.9742381053642418, 309463000000, 
-1.9809064323612782, 3.4962379754945445, 0.9744047031485077, 309468000000, 
-2.5635649580029543, 3.9608248360817626, 0.973836132033703, 309473000000, 
-3.000210250632698, 4.386381704253332, 0.9737142088613838, 309478000000, 
-3.392828751078287, 4.910906119281615, 0.9734695639227591, 309483000000, 
-3.7618334465706065, 5.344473177630539, 0.972842976794479, 309488000000, 
-4.0418047970858035, 5.760427894633951, 0.9724917017118192, 309493000000, 
-4.2572011887496535, 6.066891669034475, 0.9719756026930337, 309498000000, 
-4.475234608309473, 6.350464868121306, 0.9716244314257299, 309503000000, 
-4.636769907462791, 6.5923699052721965, 0.9711308813934105, 309508000000, 
-4.742311001614242, 6.858081509662006, 0.970225319787075, 309514000000, 
-4.867729019342404, 7.036429524996507, 0.9697343257086897, 309519000000, 
-4.971641098003864, 7.182417265355292, 0.9688884928160084, 309524000000, 
-5.019695812774565, 7.318814181974302, 0.9683962427219563, 309529000000, 
-5.098048720960034, 7.440781827135888, 0.9677641073331528, 309534000000, 
-5.081914293551344, 7.516017852198435, 0.9667999650250556, 309539000000, 
-5.127295959384075, 7.64095101596042, 0.9663146628111602, 309544000000, 
-5.174420475618786, 7.733968041079526, 0.9658585646258525, 309549000000, 
-5.147464826003525, 7.762841514146515, 0.9652967058751853, 309554000000, 
-5.145914553687713, 7.845684716599065, 0.964976854511324, 309559000000, 
-5.153550502213646, 7.868343446708673, 0.9643636526189362, 309564000000, 
-5.144832351179519, 7.881845801545913, 0.963978025255008, 309569000000, 
-5.130279836750029, 7.969403382718203, 0.9632661194087433, 309574000000, 
-5.106295906152768, 7.997990628194814, 0.9625512299220096, 309579000000, 
-5.1000769447926615, 8.034800835155334, 0.9619220213698156, 309584000000, 
-5.013949190015884, 8.08922469179176, 0.9616669689402008, 309589000000, 
-5.045843124160588, 8.114242247740608, 0.9608455173640674, 309594000000, 
-5.016433116814209, 8.12898654134136, 0.9603819174689878, 309599000000, 
-5.002444555034349, 8.143684448297495, 0.960350693335239, 309604000000, 
-4.994385230668004, 8.1968248570864, 0.9593558142018122, 309609000000, 
-4.950802213675552, 8.207191454855465, 0.9593232092706825, 309614000000, 
-4.926607140246782, 8.208502907241861, 0.9589700105746679, 309619000000, 
-4.870572969269012, 8.247490435375777, 0.9585397772518556, 309624000000, 
-4.874075847143264, 8.263546452857355, 0.9577386330897433, 309629000000, 
-4.8438356391197175, 8.300558921984342, 0.9573033778367309, 309634000000, 
-4.769512524357847, 8.292490276604232, 0.957475048162143, 309640000000, 
-4.777114832566494, 8.306192902467176, 0.9563859641521685, 309645000000, 
-4.729419397256082, 8.338013335825474, 0.956368772389498, 309650000000, 
-4.720167034413303, 8.360108252643329, 0.956037361683408, 309655000000, 
-4.707092555833427, 8.380531307098229, 0.9554292646050504, 309660000000, 
-4.6502391420822144, 8.415865337921707, 0.9549841558800016, 309665000000, 
-4.601084782551929, 8.38253210545964, 0.955006722557738, 309670000000, 
-4.624144833318852, 8.438163025468628, 0.9549893401329403, 309675000000, 
-4.569467962175299, 8.444440155947289, 0.9541499368867828, 309680000000, 
-4.500926719371037, 8.463504420944759, 0.9542161027836474, 309687000000, 
-4.490032719975802, 8.46154421022116, 0.953841517186549, 309692000000, 
-4.465708495126165, 8.452496797074701, 0.953389696866048, 309697000000, 
-4.421082363455636, 8.47294887297665, 0.9534815932798667, 309703000000, 
-4.433520984976936, 8.525305662485605, 0.9531368918869957, 309708000000, 
-4.374581088215673, 8.536391547238393, 0.9534722010127145, 309714000000, 
-4.316266550686758, 8.566165042614488, 0.9531124508044821, 309719000000, 
-4.315357851805287, 8.549933680805193, 0.9528890411868413, 309724000000, 
-4.260803782275204, 8.576014936611212, 0.9529614788525193, 309729000000, 
-4.236251984723355, 8.617080333754929, 0.9530102771561832, 309734000000, 
-4.2144510985028445, 8.574459947423138, 0.9529434220735231, 309739000000, 
-4.200210742018989, 8.622331042074382, 0.9530574136785784, 309744000000, 
-4.159859944684939, 8.633407719071798, 0.9530420422707784, 309749000000, 
-4.111872788734057, 8.651715802487658, 0.9533090606800595, 309754000000, 
-4.102026335966585, 8.639431810222426, 0.9529967202214312, 309759000000, 
-4.085018995064059, 8.684694672104479, 0.9533091851671354, 309764000000, 
-4.0450846065095085, 8.678223080723791, 0.9529370861705392, 309769000000, 
-3.9961774214902768, 8.686500049184652, 0.9534454379756369, 309774000000, 
-3.9750816366767974, 8.71781959334982, 0.9538113960847882, 309779000000, 
-3.9551746291868537, 8.738513003043144, 0.9541005985435184, 309784000000, 
-3.949889565140718, 8.720773760327175, 0.9540059697087181, 309789000000, 
-3.918930410538892, 8.730069383542999, 0.9542261634206562, 309794000000, 
-3.856532739331912, 8.743058034625877, 0.9545480660593869, 309799000000, 
-3.8485518804109398, 8.754970174334096, 0.9544056778431744, 309804000000, 
-3.776292935357877, 8.77798540401201, 0.9552633976560039, 309812000000, 
-3.7934018295838823, 8.771142755244767, 0.9554346484748981, 309817000000, 
-3.77243510221466, 8.788027429933354, 0.9554369813289671, 309822000000, 
-3.759743279520946, 8.809363588290642, 0.9560975971811368, 309827000000, 
-3.6889339362767646, 8.801513523437887, 0.9564522448075429, 309832000000, 
-3.708440960137826, 8.807677117619177, 0.9563454288766103, 309837000000, 
-3.7268153468935283, 8.832947829910292, 0.9564116397103781, 309842000000, 
-3.658706694388811, 8.818450039008225, 0.9568031345473575, 309847000000, 
-3.592814127479219, 8.834867891519073, 0.9570658038393046, 309852000000, 
-3.5847295241822152, 8.817004262632606, 0.95797744356134, 309857000000, 
-3.6004643284225137, 8.846429549373122, 0.9580095642215459, 309862000000, 
-3.5378724643492627, 8.869744986829144, 0.9580131293971134, 309867000000, 
-3.544885887819978, 8.85710535383807, 0.9581598051192669, 309873000000, 
-3.5031820859247493, 8.857633478289289, 0.9590444150704444, 309878000000, 
-3.4951244519588935, 8.850210115884764, 0.9590422561368633, 309883000000, 
-3.4630022861560743, 8.890575472483379, 0.9594396261177592, 309888000000, 
-3.4222491990503134, 8.903102118452379, 0.9596945445427814, 309893000000, 
-3.400864654200949, 8.878222851456595, 0.9600189805365678, 309898000000, 
-3.3773251512831632, 8.910097171876462, 0.9601169171143412, 309904000000, 
-3.369164700675692, 8.881971787197955, 0.9608112366393646, 309909000000, 
-3.3548685534240383, 8.888080247709869, 0.9609654495291367, 309914000000, 
-3.3406411953423962, 8.921909849378526, 0.9608327365578359, 309919000000, 
-3.310351407047587, 8.93523445073715, 0.9614126424856987, 309924000000, 
-3.29139530444469, 8.927383695997124, 0.9613862732831759, 309929000000, 
-3.2878305362622755, 8.900159594081629, 0.9622134974587317, 309934000000, 
-3.2814538603367716, 8.90557513981859, 0.9620689752766313, 309939000000, 
-3.2602613492357704, 8.941545022372194, 0.9624845777987124, 309944000000, 
-3.2075201650427694, 8.913879767662023, 0.9630690437057822, 309950000000, 
-3.2125894332956135, 8.957678526158023, 0.9633062700051985, 309955000000, 
-3.190290652306488, 8.938711773821545, 0.9636599412081596, 309960000000, 
-3.1671301693629794, 8.918783202819895, 0.9639391950753847, 309965000000, 
-3.153005615470872, 8.913937819736555, 0.9644443674928566, 309970000000, 
-3.161803105047667, 8.939564907357182, 0.9648292231173917, 309975000000, 
-3.1220031881776156, 8.913709072957161, 0.9655344149336945, 309982000000, 
-3.0997690619690874, 8.93310412476013, 0.9659650008473144, 309987000000, 
-3.0855388092573066, 8.932607753620964, 0.9660781213312536, 309992000000, 
-3.0556500671770133, 8.911683020518534, 0.9665819647296365, 309997000000, 
-3.0455264590883115, 8.948179775027214, 0.9666669834422574, 310002000000, 
-3.0386295616206658, 8.961781314495397, 0.9668948762315496, 310007000000, 
-3.0345777020893223, 8.927039007830189, 0.9677227235325795, 310012000000, 
-3.0216254372559668, 8.92482670216561, 0.96824818185565, 310017000000, 
-2.995095574939241, 8.938567620277952, 0.968236241424274, 310022000000, 
-3.001992137962497, 8.905745152775284, 0.9684537993400516, 310027000000, 
-2.993044160456859, 8.911928175865294, 0.9692119329072095, 310032000000, 
-2.9647592064882082, 8.92787145107406, 0.9697242725925816, 310037000000, 
-2.9369829221569796, 8.923295719518354, 0.9699049353040647, 310042000000, 
-2.908697552455605, 8.922777488119037, 0.970684444837821, 310047000000, 
-2.950353576250306, 8.890739027579848, 0.9707565415094179, 310052000000, 
-2.922105859230074, 8.925705925786886, 0.9709543549269991, 310057000000, 
-2.891894239603562, 8.922598049221858, 0.9714602116266878, 310062000000, 
-2.8953090809073214, 8.909414415358382, 0.9719508077704256, 310067000000, 
-2.900490116224538, 8.874413362082349, 0.9721543393761224, 310072000000, 
-2.8623662358242288, 8.880743789806548, 0.9725458592171361, 310077000000, 
-2.8631212011142937, 8.861433876135528, 0.9732149256441172, 310082000000, 
-2.8627254919490017, 8.873530816559743, 0.9738372191773268, 310087000000, 
-2.8466041262032, 8.874195433458095, 0.9741903934242525, 310092000000, 
-2.8089937854774245, 8.877190390752672, 0.9744742508926203, 310097000000, 
-2.8399878698660115, 8.827743652031053, 0.9748703123254843, 310102000000, 
-2.837655772933475, 8.866755093991639, 0.9755791198809212, 310107000000, 
-2.816841486402265, 8.822157037860846, 0.975465628877334, 310112000000, 
-2.8230071691663317, 8.85999236224592, 0.9759206655177761, 310117000000, 
-2.8120349847405595, 8.836930427199205, 0.9759780983466235, 310122000000, 
-2.776629042188662, 8.848250450286043, 0.9766145058472413, 310127000000, 
-2.8050601892092524, 8.809114903821353, 0.9768213454535092, 310132000000, 
-2.770714098193297, 8.79014969133177, 0.9774789630773255, 310137000000, 
-2.7576685716033587, 8.788027265651413, 0.9777854682878936, 310142000000, 
-2.7681177463452253, 8.797107801519626, 0.977715055726793, 310147000000, 
-2.743680701911707, 8.774953163031588, 0.9783360170713812, 310152000000, 
-2.7610001531057327, 8.769337208893834, 0.9786420766590497, 310157000000, 
-2.741239923561829, 8.738784446110754, 0.9786090156885662, 310162000000, 
-2.7329495972138504, 8.706929857651897, 0.9792305386483631, 310167000000, 
-2.7089464346243206, 8.74737693922343, 0.9796486808180256, 310172000000, 
-2.7141793835225942, 8.727173540571759, 0.979994022973686, 310177000000, 
-2.744294060467059, 8.721006706778695, 0.9798219068977232, 310182000000, 
-2.7100384785661764, 8.680522320494422, 0.9803343595023597, 310187000000, 
-2.7063095872558507, 8.662202341891652, 0.9802525586639326, 310192000000, 
-2.722180142571267, 8.68691483966832, 0.9806606875123705, 310197000000, 
-2.711157327241362, 8.667487597366222, 0.9804830453221901, 310202000000, 
-2.672368629604766, 8.650465801408743, 0.9809247884287057, 310207000000, 
-2.6825138821600345, 8.639297901919557, 0.9818043022092496, 310213000000, 
-2.689943236770978, 8.626955191844438, 0.9814289397221331, 310221000000, 
-2.6715728556753335, 8.64219578758469, 0.982176959079791, 310226000000, 
-2.69245757401792, 8.570635657592018, 0.9819895745176287, 310231000000, 
-2.6835774387628475, 8.574882718617346, 0.9826789986048912, 310236000000, 
-2.66197001845576, 8.578762424535006, 0.9822654146757415, 310241000000, 
-2.68709228486389, 8.536929265962392, 0.9826921529903978, 310246000000, 
-2.6327974857988625, 8.537125524273772, 0.9824216514992808, 310251000000, 
-2.672905857717609, 8.51222656781244, 0.9825290510622701, 310256000000, 
-2.674167500156286, 8.493950355027366, 0.9829238047187191, 310262000000, 
-2.649016165089026, 8.488580702879668, 0.9832260093186684, 310267000000, 
-2.650552696920057, 8.481810822410173, 0.9829301805718459, 310272000000, 
-2.6772977548312182, 8.472010737924224, 0.9832687794661811, 310277000000, 
-2.652305476134661, 8.44634657288168, 0.9834175949310949, 310282000000, 
-2.687701407892719, 8.4293714207759, 0.9836055275083871, 310290000000, 
-2.638756425783061, 8.378372882581603, 0.983542205598803, 310295000000, 
-2.6638748919996185, 8.364893932747588, 0.983740234192249, 310301000000, 
-2.6616988511370914, 8.374344743516145, 0.9839018632010558, 310308000000, 
-2.6596323302170903, 8.321988694826542, 0.9839690253186596, 310313000000, 
-2.6611055303236446, 8.345728222526676, 0.9840844102957362, 310318000000, 
-2.644732451209145, 8.30153114688839, 0.9843628305779775, 310323000000, 
-2.661948627655381, 8.33097397529895, 0.9844403332993122, 310328000000, 
-2.6791047644235473, 8.276497652619858, 0.9845616600724879, 310333000000, 
-2.6690073283061095, 8.265185270742869, 0.9842634403053788, 310339000000, 
-2.688801630377638, 8.258538148326426, 0.9843683576133202, 310344000000, 
-2.648966532653032, 8.202679388509017, 0.9846107428849725, 310349000000, 
-2.6816044381629545, 8.215106022091737, 0.984595878567491, 310354000000, 
-2.6553778885427297, 8.182093694467731, 0.9848820321505515, 310359000000, 
-2.66467747343679, 8.191715267798886, 0.9846183254859736, 310364000000, 
-2.671777135160108, 8.127003387752215, 0.9849344831956077, 310369000000, 
-2.694744522505634, 8.094578272333331, 0.9852173530860174, 310374000000, 
-2.7029940200681413, 8.09400470068652, 0.9847249184050275, 310379000000, 
-2.660191611748473, 8.089821453705168, 0.9848863637267996, 310384000000, 
-2.7189836177953577, 8.050543956327008, 0.9851142283852754, 310392000000, 
-2.6802361236426417, 8.064285349266212, 0.9852077958574531, 310397000000, 
-2.706726662933147, 7.9904139885868455, 0.9851040367170181, 310402000000, 
-2.7275148359663013, 7.984128339668321, 0.9851513753687956, 310407000000, 
-2.6914480097283886, 7.962407432033909, 0.9847986986114504, 310412000000, 
-2.708288390300761, 7.956753941104257, 0.9851120683942693, 310417000000, 
-2.7471021640668996, 7.917101897798722, 0.9850466416057773, 310422000000, 
-2.7096532684069374, 7.896609173342942, 0.9851193461084087, 310427000000, 
-2.7253588090634993, 7.871120522204014, 0.9851269591468167, 310432000000, 
-2.774021647103337, 7.877199512179423, 0.9846750626951851, 310437000000, 
-2.748510667400952, 7.845866089424942, 0.9852327538982056, 310442000000, 
-2.740648820843443, 7.798660002687455, 0.9845703325004155, 310447000000, 
-2.778940759546008, 7.790750144942545, 0.9851526388147027, 310452000000, 
-2.7895775987900615, 7.7652204843057815, 0.9847429862326244, 310457000000, 
-2.7801931014510615, 7.801671262230519, 0.9845589531320242, 310462000000, 
-2.775525378014137, 7.731195152014525, 0.984390507983768, 310467000000, 
-2.750593251539717, 7.66820228958174, 0.9847352443966152, 310472000000, 
-2.7614058833476895, 7.653134599280106, 0.9842075342169018, 310477000000, 
-2.772375368383373, 7.676519409145195, 0.9844161006982858, 310482000000, 
-2.783928703689905, 7.653550092797175, 0.983848949411243, 310487000000, 
-2.798942247206118, 7.611449237500127, 0.9838650447330848, 310492000000, 
-2.8079884882739705, 7.571276938049637, 0.9836437360741944, 310497000000, 
-2.804928511280078, 7.542302736238229, 0.9841290001023334, 310503000000, 
-2.807931241695375, 7.551884746267692, 0.9833929691829496, 310508000000, 
-2.8295644456696487, 7.558295539476408, 0.9831675152305442, 310513000000, 
-2.836698116645406, 7.4726022014551905, 0.9828630312274496, 310518000000, 
-2.8392697011602506, 7.440263413240106, 0.98265791487482, 310523000000, 
-2.8588269354110816, 7.435233919053882, 0.9829180613355856, 310528000000, 
-2.8678487835680895, 7.424699573447998, 0.9820621368016341, 310533000000, 
-2.887016136475277, 7.365098320130658, 0.9820022130560326, 310539000000, 
-2.890044251481931, 7.354919115757236, 0.9817292737573652, 310544000000, 
-2.8914669329156344, 7.3398377138226785, 0.9813326169485063, 310549000000, 
-2.8989458944923863, 7.321501040465802, 0.9811132147413777, 310555000000, 
-2.90499090825237, 7.297028746404534, 0.9806862261959952, 310560000000, 
-2.9350787263473093, 7.253451285200558, 0.9805493926005225, 310565000000, 
-2.9378999716931804, 7.2307756115493, 0.9799881807040949, 310570000000, 
-2.9383079306383504, 7.196204290169206, 0.9797846839767101, 310575000000, 
-2.9631844184644964, 7.16521669684222, 0.9795721497635598, 310581000000, 
-2.9637887123443427, 7.160522747783967, 0.9788999652679581, 310586000000, 
-2.975120239124592, 7.148472204160233, 0.9789678183877395, 310591000000, 
-3.0305488681256527, 7.096680310065294, 0.9784542037550856, 310596000000, 
-3.028299178150831, 7.093179523853884, 0.9778181503775677, 310601000000, 
-3.0332634212729404, 7.047766117468729, 0.9772463960123816, 310606000000, 
-3.029156721249867, 7.041959793172902, 0.9774307617051723, 310611000000, 
-3.0369742328026526, 6.974458089917708, 0.9772033767703929, 310616000000, 
-3.067407929038266, 6.956127600704639, 0.9764443960287871, 310621000000, 
-3.093606247046479, 6.9438854259693725, 0.9763724227421496, 310626000000, 
-3.0744005860178656, 6.926908367281225, 0.9754183791175437, 310631000000, 
-3.09804132840955, 6.892180406791262, 0.9754672477915104, 310636000000, 
-3.131402526861974, 6.87212228579981, 0.9750903152779603, 310642000000, 
-3.151144266944003, 6.864909295004906, 0.9745330342174159, 310647000000, 
-3.1421378737631405, 6.766319370249146, 0.9738424617502867, 310652000000, 
-5.090551483344551, 21.60015250408475, 0.9878373552505687, 310661000000, 
-6.781526709741034, 1.4088238218789673, 0.9853844693802265, 310666000000, 
-5.780027212784311, 2.4885881916932635, 0.9825873084493696, 310671000000, 
-2.5729475131092796, 3.381032550257267, 0.9824748889783681, 310676000000, 
-1.8296910121976522, 3.9297678819932798, 0.982501336175669, 310681000000, 
-1.9675165286571334, 4.312279454940294, 0.9819864980473814, 310686000000, 
-2.261416283742262, 4.63940829263323, 0.9818156731498413, 310691000000, 
-2.4630241008766047, 4.9309248553978025, 0.9814874777253586, 310698000000, 
-2.634577828861494, 5.226272259564529, 0.9811351887482388, 310703000000, 
-2.740190679835936, 5.378706638235232, 0.9810168302586307, 310708000000, 
-2.8290085226306076, 5.577227835610575, 0.9805877519335403, 310713000000, 
-2.9192076381798966, 5.7050840819429425, 0.9798707560468137, 310718000000, 
-3.053274407131069, 5.789944369952543, 0.9795360640522341, 310723000000, 
-3.0997691647570136, 5.8441176492126665, 0.9791468800898873, 310728000000, 
-3.175449484925937, 5.910784237686513, 0.978683757956237, 310733000000, 
-3.2310704286763015, 5.98146739173808, 0.9783380398752128, 310738000000, 
-49.02703325905812, 42.08074978254614, 0.9745018423075192, 310743000000, 
29.45225667649769, 3.9206224451350336, 0.9904860894140551, 310748000000, 
-7.388082603154326, 1.1754930524531815, 0.9864473001869091, 310753000000, 
-5.9789481469652195, 2.1497736905958855, 0.9854154893257404, 310758000000, 
-2.9504740654816892, 3.0861235897541746, 0.9839132847630429, 310764000000, 
-1.9960823610817124, 3.7361800168425217, 0.9836028366293359, 310769000000, 
-2.317825701062345, 4.147902379456685, 0.9833762454865579, 310774000000, 
-2.563073038128756, 4.4396308984931725, 0.9827322969491263, 310779000000, 
-2.744716447922057, 4.671658450653409, 0.9826869831372544, 310784000000, 
-2.9065144498602815, 4.858516096276612, 0.9818997097322413, 310789000000, 
-3.051053031063679, 4.998817027753624, 0.9811691969116996, 310794000000, 
-3.159897323738278, 5.142056365860716, 0.9804986360830203, 310799000000, 
-73.78659991591111, 31.480906966651492, 0.9654456742721307, 310804000000, 
52.71962275651792, 9.77014654709444, 0.9936548409719649, 310809000000, 
-7.9690019086373125, 0.5169995125906843, 0.9899952080446415, 310814000000, 
-8.085307559122707, 1.3453056864607087, 0.9857014760157805, 310819000000, 
-3.4170916999632515, 2.718598783286083, 0.9844138905734737, 310824000000, 
-2.163635491613392, 3.355641418336505, 0.9845725701113507, 310829000000, 
-2.3129294732404206, 3.758502009745784, 0.9836102018889586, 310834000000, 
-2.652952820570755, 4.039234554101857, 0.9829201903574697, 310840000000, 
-2.900782705403954, 4.332077604838066, 0.9826453640233815, 310846000000, 
-63.03651086479825, 17.96156929758878, 0.9581045004000707, 310851000000, 
54.29965138291976, 9.920259184594759, 0.9926427624339699, 310856000000, 
-0.3384023942866467, 2.81079000140773, 0.9928306340021031, 310861000000, 
-10.755582334919623, 0.04932629607780013, 0.9873034950569637, 310866000000, 
-4.8797254674786625, 1.8864392905568939, 0.9852376213604598, 310871000000, 
-2.393679510033093, 3.0686525913762144, 0.9848518562022583, 310876000000, 
-2.3632098618960415, 3.52563777769271, 0.9840601561809817, 310881000000, 
-2.7272250229248316, 3.778040796853883, 0.9837011492851028, 310886000000, 
-44.711808816963476, 14.090998558718034, 0.972264267905142, 310891000000, 
40.66008980122628, 14.712459896234247, 0.9951407063305372, 310896000000, 
-9.93028030537469, 0.12608861041762418, 0.9897251280734726, 310901000000, 
-7.03593219498557, 0.7246504381632267, 0.9865752732189128, 310906000000, 
-3.353921318846686, 2.278966601559925, 0.9852355517776049, 310911000000, 
-2.3826637561966, 3.163720634784984, 0.9850208729941831, 310916000000, 
-100.98227230840968, 12.493514664518235, 0.9639623495053817, 310921000000, 
39.97575173123157, 12.721288432053663, 0.9951969976394098, 310926000000, 
-8.588426307564541, -0.16254849987834782, 0.9896499221369794, 310932000000, 
-5.233769508334149, 0.9567080368560313, 0.9874588063522168, 310937000000, 
-61.6250517910675, 7.633990173302938, 0.9653480532892625, 310942000000, 
46.078029770581715, 7.960354226717601, 0.990217258076114, 310947000000, 
7.914299296386141, 8.775363271852406, 0.9953067139470342, 310952000000, 
-9.300895824906492, -0.7239321808373255, 0.9906542634082475, 310957000000, 
-58.87481058701638, 7.463665465874644, 0.9694284709908524, 310963000000, 
34.277488306635966, 4.755528719100432, 0.9910323741593798, 310968000000, 
7.426733280722108, 7.69121928758252, 0.9966766829578195, 310973000000, 
-8.86681153420859, -0.25277346897564157, 0.9919840009567933, 310978000000, 
-44.318689482458936, 6.105518134723418, 0.9767243828953699, 310983000000, 
36.82977630772991, 9.1158137449982, 0.9973025466878198, 310988000000, 
-5.339825182698794, 1.634673098465038, 0.9951808724980453, 310993000000, 
-38.82378208758673, 5.632037494246138, 0.9822673607476667, 310998000000, 
28.442879097966067, 6.69407647657178, 0.9973382696823629, 311003000000, 
-41.828087406688795, 7.321497639203215, 0.982529743734741, 311008000000, 
21.26264530436613, 1.1088320137819332, 0.9940072399555162, 311013000000, 
6.090190726426056, 4.091703134343961, 0.9977478649457306, 311018000000, 
-6.514665094570347, 5.5669083464471845, 0.9985835403207565, 311025000000, 
-13.744326869274719, 4.837020161389112, 0.9952293354542413, 311032000000, 
-17.880686954822504, 7.381203068468762, 0.9903829646265175, 311037000000, 
16.564869039470835, 1.779995949511035, 0.9996227260300897, 311042000000, 
-19.75924501494511, 6.924126935061455, 0.9931780208726089, 311048000000, 
6.878772958327071, -2.3272461421838444, 0.9951098963744248, 311053000000, 
-14.777813653564682, 4.996487610111388, 0.9905681753430599, 311058000000, 
-9.614323476359258, 1.9225774165889433, 0.9878178194049881, 311063000000, 
-22.81947041222237, 5.036696786687322, 0.9805000723575639, 311068000000, 
-13.073690260459589, 3.001170832187072, 0.9732492896096979, 311076000000, 
-5.208484394297878, 3.8615261220855195, 0.9723984213116396, 311081000000, 
-5.907723476512033, 4.275035452964394, 0.971080725612395, 311087000000, 
-5.567775286521276, 4.057174412159241, 0.9699065963842769, 311093000000, 
-5.020224966598831, 3.5242247645546754, 0.9689339234759254, 311098000000, 
-4.2962345817004675, 2.9851617309496747, 0.9682916188285948, 311103000000, 
-5.357497412926112, 3.7205829498260155, 0.9665251096507822, 311110000000, 
-5.401061162926071, 3.6489004698986065, 0.9654344218936123, 311115000000, 
-6.7947614855194916, 4.591172534406347, 0.9644944744028566, 311120000000, 
-4.337095166416485, 2.8815650964800135, 0.9636293090776202, 311125000000, 
-5.472279217344746, 3.583288207263941, 0.9624687304437967, 311130000000, 
-5.298923548223484, 3.426311147841268, 0.9614592505733673, 311135000000, 
-5.782306131726121, 3.6835956556483107, 0.9602384540988884, 311140000000, 
-5.571650454194801, 3.5144949770172524, 0.959104105724961, 311145000000, 
-6.482958792477646, 4.030996700803033, 0.9577717271349927, 311150000000, 
-4.538073362094989, 2.7415472638659377, 0.9567372113077213, 311155000000, 
-5.684578198402172, 3.393859781796468, 0.9558099826841635, 311160000000, 
-7.055997177897815, 4.214246689577856, 0.9541322968841847, 311165000000, 
-4.767548602037324, 2.7871054226337364, 0.9533433518717125, 311170000000, 
-7.145817873091562, 4.100489574332398, 0.9514472371896393, 311175000000, 
-5.802641961927086, 3.3438138986329755, 0.949900456770771, 311180000000, 
-5.673684991901443, 3.192827949148333, 0.9489788624051566, 311186000000, 
-6.008821501914262, 3.3378959102853285, 0.9472043165422093, 311191000000, 
-5.920206122968516, 3.25840214897865, 0.9462716398553307, 311196000000, 
-5.95390073300579, 3.2173813693543774, 0.9457986763594898, 311203000000, 
-5.970472288879109, 3.1440548429987634, 0.9433797763892918, 311208000000, 
-5.365671136238348, 2.758723842399648, 0.9410815468483589, 311216000000, 
-8.088470847032456, 4.140283016789506, 0.940008934473978, 311221000000, 
-5.969380182774036, 3.014144324752482, 0.938485889105427, 311226000000, 
-6.2341638490882145, 3.1138007941882857, 0.9371354543051235, 311231000000, 
-6.135563291591716, 3.033751557334525, 0.9352262347884095, 311236000000, 
-6.053417231404578, 2.9577479764158663, 0.9337268050989825, 311241000000, 
-6.193809824292653, 2.9804774104127993, 0.9330934371124477, 311246000000, 
-4.986457617921226, 2.385435736967551, 0.931688509497316, 311251000000, 
-7.628747198454146, 3.553627812900936, 0.930215498688031, 311256000000, 
-5.078146170619655, 2.339598065322138, 0.9288659009677303, 311261000000, 
-7.473030197341605, 3.3996665505232624, 0.9272063268665665, 311266000000, 
-5.1187181881520685, 2.301208989836704, 0.9259237541696579, 311271000000, 
-7.799236776950227, 3.448448907021856, 0.924417403807825, 311277000000, 
-6.353976470035599, 2.7825048652558517, 0.9225428827289929, 311283000000, 
-6.52532296449076, 2.8180711015131927, 0.9204886261221056, 311288000000, 
-6.42960165077576, 2.7109107493694546, 0.918522254421152, 311293000000, 
-6.49792198811853, 2.7140412362258552, 0.9178150635651668, 311298000000, 
-5.253198604769577, 2.1719040243178864, 0.9164862885891985, 311303000000, 
-7.960942106376195, 3.265107176334614, 0.9141121288940837, 311308000000, 
-5.288424339146006, 2.1487471396558684, 0.9126663300033763, 311313000000, 
-6.607921316962742, 2.611946205159208, 0.9111503612480231, 311318000000, 
-6.6679874312762575, 2.614067236298843, 0.9092690631714495, 311323000000, 
-8.104379006850591, 3.155841003879268, 0.9074245941224536, 311328000000, 
-5.378755507273533, 2.055042068095215, 0.9058185794843228, 311333000000, 
-8.049680727875339, 3.0714859831126815, 0.9041093152956177, 311338000000, 
-5.45564108482847, 2.066251977705548, 0.9022910235567395, 311343000000, 
-6.871211031401856, 2.5455894286821867, 0.8999020782585067, 311348000000, 
-8.142712459118684, 2.9609253574048684, 0.8981096051018144, 311353000000, 
-6.872148789340769, 2.4828631982420957, 0.896179778698002, 311358000000, 
-5.540014757177454, 1.9769818753545512, 0.894815603255703, 311363000000, 
-8.38048199871994, 2.9628057872273867, 0.8927178860298255, 311368000000, 
-5.576540764971738, 1.9609062926786518, 0.890748335074498, 311373000000, 
-8.361608352155745, 2.889807484733787, 0.8885879377680997, 311378000000, 
-5.628980761295104, 1.9059346639833996, 0.8869341491371837, 311383000000, 
-8.519876832782078, 2.8502465484407833, 0.8841473353971472, 311388000000, 
-5.727407120058082, 1.8780571423976073, 0.8829322259925941, 311394000000, 
-8.520641479190347, 2.8066282965848997, 0.880593210405644, 311399000000, 
-7.192181032125091, 2.3105641232278495, 0.8781837915825038, 311404000000, 
-7.1907969752315175, 2.2973191787596434, 0.8752859238903191, 311410000000, 
-5.80705748134043, 1.810680895055513, 0.8740163863629753, 311415000000, 
-8.723969518571506, 2.696980713625225, 0.8713863515412082, 311420000000, 
-5.835888389093795, 1.7858661362887636, 0.8695769549677059, 311425000000, 
-8.743511766220555, 2.6723365948522733, 0.8666737907257485, 311430000000, 
-5.872067229402111, 1.7068429620855403, 0.865358661505897, 311435000000, 
-8.877907447555506, 2.6437547318512493, 0.862371998245993, 311440000000, 
-5.933692150644122, 1.706362737778162, 0.8608552555504673, 311445000000, 
-8.890983679271617, 2.5915739366935915, 0.8581327563075228, 311450000000, 
-5.9921563986624955, 1.6972116927100929, 0.8560330100073407, 311456000000, 
-8.610302335266866, 2.3975460521138827, 0.8524709159451737, 311462000000, 
-6.039634990791604, 1.6758802096572316, 0.8507000087884916, 311467000000, 
-9.095133967850762, 2.5491451888777976, 0.8480039240889901, 311472000000, 
-7.58660358907235, 2.040275049424443, 0.8453275017454861, 311477000000, 
-7.638061145679922, 2.037250367708552, 0.8433849591320011, 311482000000, 
-7.658105066256486, 2.061764304991287, 0.8406576108586964, 311487000000, 
-6.171469056686568, 1.6002755576812764, 0.8389485824303682, 311492000000, 
-7.7145759291824145, 1.991044843124763, 0.8369609151691179, 311497000000, 
-9.244719169343062, 2.3928553318970804, 0.8345460521208089, 311502000000, 
-6.241054670843621, 1.585868228937706, 0.8318509564452639, 311507000000, 
-7.834192883630345, 1.9608867254702307, 0.8297390981218126, 311512000000, 
-7.791313266495673, 1.9590455486433225, 0.8277760340256071, 311517000000, 
-9.377380710586467, 2.3369027792962465, 0.8255111078569182, 311522000000, 
-7.887002925519111, 1.911294233645522, 0.8220448102064988, 311528000000, 
-7.908069781958116, 1.883613523170883, 0.8200460154303163, 311533000000, 
-7.938030588573644, 1.8785587239398358, 0.8172571577007998, 311540000000, 
-6.860496653680675, 1.5682242001751672, 0.8148664763343425, 311545000000, 
-8.034177998916869, 1.8761123733371936, 0.8109907599927914, 311552000000, 
-8.027078195868556, 1.8318610004982476, 0.8089388135660622, 311557000000, 
-8.066664737556158, 1.8571768606383383, 0.8072528531848701, 311562000000, 
-8.079982402576547, 1.7915047206303218, 0.8039251869585338, 311567000000, 
-9.720204669181376, 2.1983332964588063, 0.8013506795085226, 311572000000, 
-6.511765651990694, 1.446359755545809, 0.7991420241853958, 311577000000, 
-9.798120948005302, 2.1861658900313254, 0.7962515042310713, 311583000000, 
-8.221777940661601, 1.814003876882487, 0.7929705795135118, 311588000000, 
-6.601057224414145, 1.420704517746526, 0.7912546636700573, 311593000000, 
-8.252613492138016, 1.7676314665628374, 0.7879703507444629, 311598000000, 
-8.26034367783796, 1.76908992660591, 0.7858202611978788, 311603000000, 
-9.9523294719812, 2.108131520575121, 0.782818078712705, 311608000000, 
-6.671415181004218, 1.402713101410918, 0.7804200115396077, 311613000000, 
-9.959271312750332, 2.0925924567093666, 0.7776757837318745, 311618000000, 
-6.702694976408298, 1.3995330949337983, 0.7751809155257738, 311623000000, 
-10.063407259494348, 2.081620672198455, 0.7723893676516236, 311628000000, 
-6.763930347892468, 1.3794871816847216, 0.7703102528605282, 311633000000, 
-10.09988205804051, 2.0430918818109083, 0.7667909819059955, 311638000000, 
-6.776661703682115, 1.3462150587315909, 0.764996971280098, 311643000000, 
-10.166959697746345, 2.045877458077085, 0.7615383269093714, 311648000000, 
-6.821633417405827, 1.3254966313194632, 0.7593856031858044, 311653000000, 
-10.178308626330276, 2.028929190869468, 0.7563559277039448, 311658000000, 
-6.848695341624954, 1.3391684451482437, 0.7539749418321053, 311664000000, 
-8.576598101064564, 1.7092178997713012, 0.7503805185071435, 311669000000, 
-10.2902964291134, 1.9992237222965814, 0.7473696261017229, 311674000000, 
-6.898277998934917, 1.325008822072331, 0.7449619454799525, 311679000000, 
-8.656650205098224, 1.6831224315035695, 0.7425476010655623, 311684000000, 
-9.367362304375533, 1.745259257363282, 0.7390626626137715, 311689000000, 
-8.68241259925142, 1.6493871752377849, 0.7377845353635757, 311694000000, 
-8.685210199145237, 1.6316409926438353, 0.7333058091790436, 311699000000, 
-8.761973238071926, 1.64589183709646, 0.7308481404503796, 311704000000, 
-8.7433780409812, 1.6645284196483408, 0.7274164335346996, 311710000000, 
-8.765250058525472, 1.6660945077123217, 0.7242565338652626, 311715000000, 
-8.762583553863621, 1.6441282274410527, 0.7211841649832931, 311720000000, 
-8.83737802791828, 1.6348234794383203, 0.7177707117857953, 311725000000, 
-8.792528512364637, 1.640388994148447, 0.7155110234159356, 311730000000, 
-8.851765741053555, 1.6275501542419621, 0.7124700221940108, 311735000000, 
-8.874827121989503, 1.618363741824929, 0.709638581488178, 311741000000, 
-8.85271654430614, 1.641361182595765, 0.7062896331574356, 311745000000, 
-8.886519396387797, 1.638281912068053, 0.7032857924664728, 311750000000, 
-8.905330238294521, 1.626854109238503, 0.7008825585258367, 311755000000, 
-8.933248181465137, 1.6418368623751438, 0.6975401914564434, 311760000000, 
-8.962783394524845, 1.6118376037618307, 0.6946577226431715, 311765000000, 
-8.968702424103789, 1.6120421564672993, 0.6921490263299117, 311770000000, 
-8.999036943371271, 1.6359254602352395, 0.6892624316999345, 311775000000, 
-8.990606957362008, 1.6242112360592218, 0.6859913445452698, 311780000000, 
-9.04587111757178, 1.6389373305656276, 0.6830755547255799, 311785000000, 
-9.017504356718492, 1.6201684455750542, 0.6803204862509671, 311790000000, 
-9.05059503715504, 1.621550101556137, 0.677277340571407, 311795000000, 
-9.074919196862593, 1.6283725504588091, 0.6742247486357044, 311800000000, 
-9.09153955175787, 1.6279743191314207, 0.6716250759138784, 311805000000, 
-9.11211183273692, 1.6594898155739897, 0.667987011717372, 311810000000, 
-9.116326534422557, 1.6684399721743588, 0.6653960301001742, 311815000000, 
-9.15788518576335, 1.642143405097352, 0.6623293489614123, 311820000000, 
-9.149172298258982, 1.656816210931272, 0.6597187868072288, 311825000000, 
-9.176484086892607, 1.6287347481105838, 0.6566651757321468, 311830000000, 
-9.186537109600016, 1.6616136360914049, 0.6537069317107677, 311835000000, 
-9.207327332121329, 1.6821382724442715, 0.6507888960978858, 311840000000, 
-9.214660641223736, 1.6777257105768888, 0.6481043392397003, 311845000000, 
-9.187300211069601, 1.6701841813387566, 0.645323115994737, 311850000000, 
-9.251640889630359, 1.685165532205355, 0.6418771840260781, 311855000000, 
-9.245782995174231, 1.6832345552543133, 0.638926607059587, 311860000000, 
-9.257018633559326, 1.690309811337379, 0.6363017183929952, 311865000000, 
-9.256854311377129, 1.71869534807088, 0.6329604753689294, 311870000000, 
-9.272999911654848, 1.7132749639936262, 0.6299455651758806, 311875000000, 
-9.283775061245136, 1.735477515458037, 0.6270029934687368, 311881000000, 
-9.294902287573656, 1.7109803365330947, 0.6228002516098041, 311886000000, 
-9.324677546455643, 1.7149322451975575, 0.6205084352064937, 311891000000, 
-9.33990936332248, 1.7272533677375732, 0.6174301991930303, 311896000000, 
-9.321513822200739, 1.7317000237487141, 0.6143415526905697, 311901000000, 
-9.335860895834639, 1.7560676451011208, 0.6114919989284803, 311906000000, 
-9.379377906417975, 1.7399284494227187, 0.6092677748849064, 311911000000, 
-9.383347942568438, 1.747759750583226, 0.606494719643375, 311916000000, 
-9.38897172261648, 1.796363505242684, 0.602456678675069, 311921000000, 
-9.412030839907786, 1.7988776191193756, 0.599250208190374, 311926000000, 
-9.402828246182104, 1.8054344973410272, 0.5943764947377906, 311933000000, 
-9.416017231021819, 1.795495091125196, 0.5926365718148752, 311938000000, 
-9.419507045721698, 1.8333716609696884, 0.5893171341820548, 311943000000, 
-9.419890562621381, 1.8270821999282219, 0.5862932635298728, 311948000000, 
-9.440444538607546, 1.832111775243621, 0.583220243352635, 311953000000, 
-9.425150166695554, 1.8182379109282467, 0.5800617211769374, 311958000000, 
-9.420970342931993, 1.854992193496603, 0.5766046257279273, 311963000000, 
-9.431525841633569, 1.8967604716838973, 0.5742775809887803, 311968000000, 
-9.454430302580088, 1.8439556255832885, 0.5693583022089354, 311974000000, 
-9.477541440036125, 1.8916080650139224, 0.5678058184507995, 311979000000, 
-9.464361175139526, 1.9325897152265223, 0.5640581733141045, 311984000000, 
-9.516538551383913, 1.9373897424132862, 0.5610433686648703, 311989000000, 
-9.449703633900198, 1.9517623442171248, 0.557226034987545, 311994000000, 
-9.509139366637319, 1.9198680915632937, 0.5552787156286796, 311999000000, 
-9.515625565235851, 1.9783551600585003, 0.5515803496134482, 312004000000, 
-9.479718313547227, 1.9907618264325249, 0.548973123111645, 312009000000, 
-9.53402632710692, 2.004952013171603, 0.5452824056107735, 312014000000, 
-9.509238010930792, 2.014358037528205, 0.5422734821535794, 312019000000, 
-9.486304161343849, 2.035689570772936, 0.5387224649098579, 312025000000, 
-9.507313380502744, 2.0231046962627186, 0.5356537863499806, 312030000000, 
-9.48665766840301, 2.053216160028079, 0.5324851265692314, 312035000000, 
-9.522017324667267, 2.050485765555386, 0.5283784960685353, 312040000000, 
-9.539427880739654, 2.1196357658911986, 0.5257824922655109, 312046000000, 
-9.573005123314925, 2.0828873988382814, 0.523073520566544, 312051000000, 
-9.527986001496787, 2.14001709282966, 0.5196527800988586, 312056000000, 
-9.534271272780698, 2.1192321867047648, 0.5165719902537551, 312061000000, 
-9.53009941260308, 2.1555216024181525, 0.5137338705513235, 312066000000, 
-9.524153705530793, 2.188965565939593, 0.5105770130281962, 312071000000, 
-9.54167092086907, 2.2065428241202003, 0.5074253272318974, 312076000000, 
-9.526228102435393, 2.194545500290849, 0.5042822592380215, 312081000000, 
-9.525158317204028, 2.235318584470019, 0.5016451187574933, 312086000000, 
-9.564379083593506, 2.248063630399982, 0.49865183677155606, 312091000000, 
-9.532759928606643, 2.27999659325846, 0.4952657214959017, 312096000000, 
-9.51699716849638, 2.266675752133841, 0.49241195155577755, 312101000000, 
-9.523368814939682, 2.2926848980935017, 0.48948248233465946, 312106000000, 
-9.524336691759272, 2.3278326114196903, 0.4875847923073894, 312111000000, 
-9.525705206262728, 2.3067290543741623, 0.48369832853791134, 312116000000, 
-9.513615053146232, 2.348251734948326, 0.48178977775033716, 312122000000, 
-9.53757895421177, 2.3157121717947176, 0.4775159575863551, 312127000000, 
-9.495262463265286, 2.4074604182256776, 0.4731630013066413, 312133000000, 
-9.513792658749445, 2.3913888056644406, 0.47116177894931993, 312138000000, 
-9.484187358054, 2.423983600162179, 0.4679074703385434, 312143000000, 
-9.50157822609074, 2.4436872076054184, 0.46524059268497103, 312148000000, 
-9.492346979696922, 2.4710805736011894, 0.4614368582495618, 312155000000, 
-9.476434971104759, 2.48702268781886, 0.45754774693970174, 312161000000, 
-10.40017938164611, -2.0565002660359712, 0.45296929091795285, 312166000000, 
-10.201343939716654, -0.26898368274149764, 0.4489386817009658, 312171000000, 
-9.533232243628591, 2.4043029521272166, 0.44633360474201467, 312176000000, 
-41.79124453789525, -21.717430092845607, 0.4241878378314137, 312181000000, 
-8.04916902997374, -0.47611303958525314, 0.42100931894095456, 312186000000, 
-10.475310040345212, -0.5363849360824847, 0.41698932002542516, 312191000000, 
-9.968686128237836, -0.28549143558627266, 0.4106917243113154, 312198000000, 
-10.565286178089934, 1.5611876513889904, 0.4061756692279204, 312204000000, 
-7.328232283169239, 2.0689013571885644, 0.40448214609311367, 312209000000, 
-9.126681339734443, 2.600673333131987, 0.4018464796816344, 312214000000, 
-9.844182503354267, 2.8446739981474884, 0.3989230168474857, 312219000000, 
-10.070579083996664, 2.9153440949341918, 0.39554684310273036, 312224000000, 
-9.141903160201517, 2.6733265763538654, 0.393591490265915, 312229000000, 
-7.30904385090071, 2.1633207069996763, 0.39103985943418246, 312234000000, 
-10.015840085548223, 2.9344885997959427, 0.38843990345244184, 312239000000, 
-7.335973882181131, 2.2253658017043754, 0.3862800107656591, 312244000000, 
-11.856961656810206, 3.620200923185546, 0.3828008690982666, 312249000000, 
-7.199470033727933, 2.1707789372420563, 0.37960504603822287, 312255000000, 
-9.14593008206438, 2.7921658078215663, 0.3775406677674093, 312260000000, 
-9.751295798219006, 3.0149126400941886, 0.3740461124403107, 312266000000, 
-10.153778294613604, 3.14097537603313, 0.37097153770778596, 312271000000, 
-7.27215794376898, 2.2751466781306164, 0.36892189315133794, 312276000000, 
-11.5227639820604, 3.697462038990238, 0.36565997356990143, 312281000000, 
-7.248240337827128, 2.2905498523225973, 0.36348531082035757, 312286000000, 
-8.52866201095994, 2.7694321500024195, 0.360095846020914, 312292000000, 
-9.059966743177432, 2.9926538111772425, 0.3586278275176307, 312297000000, 
-9.506713880652152, 3.1647434149032074, 0.35484705538803696, 312302000000, 
-10.251442405835455, 3.4349238846722665, 0.3518179662555023, 312307000000, 
-9.395576130458121, 3.2388561703630003, 0.3485413486484241, 312313000000, 
-7.184084421216066, 2.458718284977753, 0.34663545520139855, 312318000000, 
-10.267634798514242, 3.566047063445509, 0.34348344129602354, 312323000000, 
-9.35024931030632, 3.2993036518024956, 0.3407150641943698, 312328000000, 
-8.941384915931703, 3.1396051678421832, 0.3380505047742203, 312333000000, 
-7.172098427698994, 2.5130891950792336, 0.3361754313446098, 312338000000, 
-10.315422075659383, 3.7005694689759054, 0.3334960743550464, 312343000000, 
-7.1856612360376, 2.572727422663864, 0.3312463475453907, 312348000000, 
-11.065591492938125, 4.0310522307404275, 0.32793372233595575, 312353000000, 
-7.134143270077975, 2.5767948518230708, 0.3262538379267118, 312358000000, 
-10.303657590924196, 3.818201928866469, 0.323759373420808, 312363000000, 
-7.12497959889567, 2.6659646966471513, 0.3213631677995642, 312368000000, 
-9.122991735626092, 3.4257338268164172, 0.3182740095339139, 312373000000, 
-8.846992957455358, 3.3960078339850632, 0.31643025332430263, 312378000000, 
-8.590053548886685, 3.3037449712500813, 0.3131009213983425, 312384000000, 
-10.854392767042558, 4.249006620631507, 0.31040499861073856, 312389000000, 
-8.590743366470198, 3.3408332083607895, 0.30769312307565294, 312394000000, 
-8.793914361189826, 3.4799124137627118, 0.3055532146402139, 312399000000, 
-7.039866380092327, 2.8089640641937668, 0.30420318436542665, 312404000000, 
-10.78024319839816, 4.357085040333483, 0.3012689277172396, 312409000000, 
-7.035555536100222, 2.8362281685797295, 0.29936605650613296, 312414000000, 
-10.2722141625137, 4.1861925292658295, 0.2967334342914782, 312419000000, 
-7.001004423377969, 2.8383269476732274, 0.29508833079459773, 312424000000, 
-10.666158776944702, 4.415149475729024, 0.29199084879752607, 312429000000, 
-6.979331124755195, 2.9374852574162724, 0.29024441384673144, 312434000000, 
-8.524252821923442, 3.590349932129154, 0.2878979401622124, 312439000000, 
-8.674765801719612, 3.671253089327967, 0.28606964148033176, 312444000000, 
-10.590177275021558, 4.565097516342875, 0.28345745760127566, 312449000000, 
-6.949543352066605, 2.9809512320070994, 0.28113136577572045, 312454000000, 
-10.221038850376203, 4.4599763127459315, 0.27882958666352736, 312459000000, 
-6.971490621298249, 3.0250452842765925, 0.27740906244709257, 312464000000, 
-10.47713245035914, 4.682883460507744, 0.27429565035888076, 312469000000, 
-6.920575515501959, 3.084974481573543, 0.2728259630169364, 312474000000, 
-8.60404621053069, 3.899501065605586, 0.27064494351757235, 312479000000, 
-8.516135045919645, 3.860188597550533, 0.2686553133901535, 312484000000, 
-10.409222378992672, 4.764338609467964, 0.26579584468986583, 312489000000, 
-6.879517024180489, 3.1684734631689917, 0.2642698686185622, 312494000000, 
-10.154739626565844, 4.74884831481457, 0.261646331697838, 312499000000, 
-6.844245339962006, 3.1584211477485025, 0.25994639146005927, 312504000000, 
-8.619846330358424, 4.088279156841328, 0.25787186779618604, 312509000000, 
-10.14672436800373, 4.815988712013685, 0.25511395229766887, 312514000000, 
-8.506369354876883, 4.0897791178254925, 0.25355575139593933, 312519000000, 
-6.822551204604226, 3.2843473981597167, 0.25209208615682327, 312524000000, 
-10.254466302639072, 4.980064366044793, 0.24941716880843343, 312529000000, 
-6.786720110224348, 3.3313460919508806, 0.2480516016760106, 312534000000, 
-10.04213369220887, 4.954948211886723, 0.24556534660692542, 312539000000, 
-6.810277265232522, 3.360340681103749, 0.24381156536109463, 312544000000, 
-8.499647670339911, 4.257146992459748, 0.24139909750749017, 312549000000, 
-8.405359722436275, 4.249638708596985, 0.23958038755133293, 312554000000, 
-10.012190948927108, 5.114634405609907, 0.23686564353056935, 312559000000, 
-8.472621939304593, 4.340636281650919, 0.2343797676048924, 312565000000, 
-6.714414266495189, 3.464782072553896, 0.23341911339339166, 312570000000, 
-9.984848428449196, 5.16028279591927, 0.23085156606016585, 312575000000, 
-8.418142363809926, 4.4057783600319445, 0.22834884661513816, 312580000000, 
-8.35573367694079, 4.394059702952314, 0.22680768382372543, 312585000000, 
-6.675779985508519, 3.509919938498239, 0.22522753826269581, 312590000000, 
-9.91755718424377, 5.3102715343061995, 0.22274179170200453, 312595000000, 
-6.6619616184775685, 3.5752108954293016, 0.2215589933347341, 312600000000, 
-10.000308274324635, 5.395755777445386, 0.2190393330063957, 312605000000, 
-6.640823133455455, 3.609109798031751, 0.21730084802133137, 312610000000, 
-9.895991012005686, 5.407722968075092, 0.21520889870232976, 312615000000, 
-6.612916656462055, 3.676381753223377, 0.21381269751908677, 312620000000, 
-9.965873796969133, 5.522983216671234, 0.21116012796970093, 312625000000, 
-8.209124335142493, 4.5681496356322295, 0.20894785560410142, 312630000000, 
-8.226816841278668, 4.599844171045648, 0.20751234857702133, 312635000000, 
-8.239485069515109, 4.664396613360653, 0.20498649699144084, 312640000000, 
-5.443025113862755, 3.053924765838903, 0.204660062400248, 312645000000, 
-8.251012690386558, 4.67918355159002, 0.20208439666543757, 312650000000, 
-9.784061061246916, 5.621143865745433, 0.1998594778109179, 312655000000, 
-8.237541002139647, 4.731394492805343, 0.19805860982211562, 312660000000, 
-8.17343628283613, 4.703768130747637, 0.19665087851802632, 312665000000, 
-6.5337916042075355, 3.8300219862604723, 0.19506382430558145, 312670000000, 
-9.752854973087366, 5.717236582188621, 0.19293687732681392, 312675000000, 
-6.534779704842692, 3.854978660330807, 0.19182690717820608, 312680000000, 
-9.733203708323481, 5.800011003148449, 0.18897362478722124, 312685000000, 
-6.493493043745977, 3.8419344229834067, 0.1879926690024483, 312690000000, 
-9.699502576071826, 5.817786826863266, 0.18609808353987672, 312695000000, 
-6.455602912527098, 3.8932559049962783, 0.1846489597501867, 312700000000, 
-9.698253106116427, 5.881645778604009, 0.1828059239653703, 312705000000, 
-6.504023379450355, 3.9195394816981945, 0.18149967777768905, 312710000000, 
-9.64470697800065, 5.898937805707997, 0.1795881533303726, 312715000000, 
-6.468168595988187, 3.945081317747808, 0.17856205904431058, 312720000000, 
-9.67210031789674, 5.984998739000835, 0.17618700521695946, 312725000000, 
-6.44921810165764, 3.993126589491868, 0.1748811670031203, 312730000000, 
-9.634407039893466, 6.004918688534788, 0.17303032245765054, 312735000000, 
-6.417040374668208, 4.030474736636967, 0.17183561504364508, 312740000000, 
-9.645099348615503, 6.044578241914651, 0.16978189616227538, 312745000000, 
-6.4176444739845, 4.042812636760724, 0.1685659634418378, 312750000000, 
-9.57965222660197, 6.034002863130475, 0.16669115918678515, 312755000000, 
-6.430476156470397, 4.054424067203804, 0.16568736222215522, 312760000000, 
-9.60159682985765, 6.109640689018402, 0.1635390087016074, 312765000000, 
-6.3917946528271345, 4.1029039773290075, 0.1623426019071055, 312770000000, 
-9.513573985755, 6.178202877162872, 0.16062617032791293, 312775000000, 
-6.378242409845156, 4.116376932360523, 0.15935443736076638, 312780000000, 
-7.955629680625435, 5.179651643938291, 0.15835810063463504, 312785000000, 
-7.953674277678862, 5.205054963586715, 0.15646813865053297, 312790000000, 
-9.493718100946209, 6.192297791252867, 0.1545887406122437, 312795000000, 
-6.342197737291357, 4.172219936065542, 0.15362025708925714, 312800000000, 
-7.9414126339840365, 5.237973757609416, 0.15227266101302325, 312805000000, 
-7.899028464960844, 5.2575212283892565, 0.150318747841748, 312810000000, 
-9.449706109785776, 6.296888477959661, 0.14853656980971786, 312815000000, 
-6.324967782283878, 4.224915436270214, 0.14752820653997614, 312820000000, 
-9.45331243942845, 6.3026320076528055, 0.14530846305779754, 312825000000, 
-6.770970678535408, 4.519119097196665, 0.14350827826206108, 312832000000, 
-9.449587635761135, 6.373497568317276, 0.14153587390516517, 312837000000, 
-7.8468337827603065, 5.329933445617004, 0.1401199035834754, 312842000000, 
-7.8356182131494405, 5.321670820864177, 0.13894639614387785, 312847000000, 
-6.278037229042189, 4.2560909530936595, 0.1378580360741428, 312852000000, 
-9.405162316567207, 6.4248594678544455, 0.13547958071507732, 312857000000, 
6.55052313810613, 27.810456744097532, 0.14921313514414156, 312863000000, 
-2.3605175803352623, 15.27830076506393, 0.1536998740406889, 312868000000, 
-6.4088557111808635, 4.988753429491105, 0.15295873721006825, 312874000000, 
-4.732516848159961, 3.9696590030663166, 0.15207854796370596, 312880000000, 
-9.184447202068062, 5.774587731107928, 0.1503184298625538, 312885000000, 
-2.9399482441415907, 3.4737754185598373, 0.14888558217141457, 312890000000, 
-4.284562694948162, 3.073789715410873, 0.14823945645756662, 312895000000, 
-4.528440842820184, 3.758352004508628, 0.14669530572391748, 312900000000, 
-19.97726312030666, 13.701697743222606, 0.1433967735970467, 312905000000, 
-0.7990761798470417, 6.133716729779674, 0.14474437705079937, 312910000000, 
-4.659367759706635, 2.2164622457486285, 0.14297893674082923, 312915000000, 
-4.754189895453978, 3.321291479485535, 0.14178091838080528, 312920000000, 
-4.869022630153608, 4.182416905050205, 0.14041753836766108, 312925000000, 
-5.184360472733324, 4.64402803268272, 0.13904155293442272, 312930000000, 
-5.475844348936429, 4.896299894524077, 0.13813285772876363, 312935000000, 
-5.773140033891482, 5.098678305130249, 0.13567156027984878, 312940000000, 
-6.1081368362073825, 5.33346734210852, 0.13446891743790093, 312945000000, 
-6.318728009300273, 5.480021945962485, 0.13305305628571176, 312950000000, 
-6.5042157850714135, 5.643319290996708, 0.13128719648040782, 312955000000, 
-6.654020942649215, 5.73065764181719, 0.12929383873570524, 312960000000, 
-45.23901627018452, 44.91270658508713, 0.12306147855648697, 312965000000, 
-10.311919840354978, -13.819157107511176, 0.11525503204232773, 312970000000, 
4.668929825296482, 8.425312445585893, 0.11975687443566775, 312975000000, 
-2.301945105450581, 3.0067573833370216, 0.12020289956607054, 312980000000, 
-3.4451824462902314, 2.776518542379837, 0.11902774758581967, 312985000000, 
-3.7967748703159363, 3.3707499877629874, 0.11781658933759266, 312990000000, 
-4.249903152404575, 3.906640741105647, 0.11681075434120879, 312995000000, 
-4.790877633875167, 4.33624888841393, 0.11531484625120648, 313001000000, 
-5.260359922552424, 4.699749914049844, 0.11373198034446112, 313006000000, 
-5.580968200735702, 4.992878445161165, 0.11291280741643926, 313011000000, 
-5.830170093301095, 5.187532166139908, 0.11169934094689045, 313016000000, 
-29.669162301015138, 17.876650038039863, 0.10034340844819004, 313023000000, 
4.712000362904058, 5.483157949407843, 0.10323052662513792, 313028000000, 
-1.5174157979285066, 3.7880311873940005, 0.1031229689779591, 313033000000, 
-3.254459080583788, 3.17486952336591, 0.10276901070053213, 313039000000, 
-3.843680652507916, 3.5326395631955605, 0.10179243540403711, 313045000000, 
-4.404277354750717, 4.042220433388392, 0.1009003522329005, 313050000000, 
-4.880015110276287, 4.427301262725205, 0.09974266566007217, 313055000000, 
-5.234623530567965, 4.672205222083518, 0.09856200566042402, 313060000000, 
-42.436933739393204, 32.276025782503226, 0.08942778059794954, 313065000000, 
1.7821466914598585, -3.426891482214362, 0.0907461439999238, 313070000000, 
-0.37168839296076867, 3.279037068036861, 0.09129679716700846, 313075000000, 
-2.923781374096584, 3.437383501766146, 0.09108441390695994, 313080000000, 
-3.4639934631423825, 3.364915908269011, 0.09018858110599108, 313085000000, 
-3.8866251873342583, 3.644165383798959, 0.08911924191270931, 313090000000, 
-4.469986396869565, 4.034010790323697, 0.08828487318788068, 313095000000, 
-40.59000467236849, 33.962708674466406, 0.08102302383234584, 313100000000, 
0.16241283128006134, -4.535178484332828, 0.08067309327940915, 313105000000, 
1.4448272835685574, 0.1971802901743826, 0.08161782868000195, 313110000000, 
-2.638406691944586, 3.3895628856235116, 0.08109837471127868, 313115000000, 
-3.253165934069089, 3.4702826908877555, 0.08074919126547345, 313120000000, 
-3.691987547724807, 3.499716906852286, 0.07945665546735489, 313125000000, 
-4.25834447558313, 3.840446850078754, 0.07908766623032344, 313130000000, 
-22.334126942522598, 17.212414610740527, 0.07368846169793626, 313137000000, 
-0.48741481502129097, 0.22084124991551804, 0.07343708029509288, 313142000000, 
-2.94795632856439, 3.1951755239363053, 0.0730227242277388, 313147000000, 
-3.413126387351993, 3.40649473930078, 0.07167266204254118, 313152000000, 
-3.844079108341066, 3.548920446549169, 0.07085362988149001, 313157000000, 
-24.270374975670435, 20.082697006986283, 0.06679319722273842, 313162000000, 
0.46203252753228, -2.511473971898409, 0.06642028198076476, 313167000000, 
-2.938361654283261, 2.559819393661618, 0.06640841270666324, 313172000000, 
-3.397068774651903, 3.365952227187563, 0.06515866339574918, 313179000000, 
-35.208423971508346, 29.23104718864019, 0.06090286972850158, 313184000000, 
2.958673080618309, -3.188505307294267, 0.06176652952737133, 313189000000, 
-2.855746828413248, 1.4185069188151371, 0.06054552431875133, 313194000000, 
-3.3402335112948216, 2.98378827694014, 0.059662980878713454, 313199000000, 
-23.469897473413845, 18.215382659259376, 0.054907631044010696, 313204000000, 
4.112267862066176, -1.5316848146883908, 0.056812974066201546, 313209000000, 
-3.1868165502831047, 1.3234823953662136, 0.055868738249195034, 313214000000, 
-34.97552670171935, 13.586492866686283, 0.045608392199526164, 313219000000, 
10.805051962539332, 7.341400398930782, 0.05298879945435889, 313224000000, 
-2.008479356168819, 0.3652730428084569, 0.05187381850788828, 313232000000, 
-25.447982825920423, 15.785224904027077, 0.04686695741674996, 313238000000, 
5.789570875813742, 1.841137292261716, 0.05034643809824125, 313243000000, 
-3.6468869021247343, 0.7902118848978968, 0.04879030995714166, 313248000000, 
-20.290377055594888, 13.851855601642539, 0.0457714469928328, 313253000000, 
2.446203021983101, 2.1132198431419447, 0.04714148395760343, 313258000000, 
-37.65084463084522, 3.9673262939941205, 0.0365111623185565, 313263000000, 
10.323534031877708, 8.32613742856426, 0.04516532544762171, 313268000000, 
-28.00666286903429, 3.6014547266572965, 0.03532307500072367, 313273000000, 
11.06688257013963, 8.409677883533268, 0.04312794750097531, 313278000000, 
-16.610374511033122, 6.549956309789263, 0.03912303400823471, 313283000000, 
-16.1043820417326, 5.144794018946075, 0.034535207429135864, 313288000000, 
7.4180453316654535, 5.306470576483056, 0.03972607243126156, 313293000000, 
-18.256765517335268, 5.136976319489757, 0.03441935960416937, 313298000000, 
-11.157174416426578, 7.071656711620669, 0.032768859681629056, 313303000000, 
6.646285474356865, 4.270664141384361, 0.03727363510882542, 313308000000, 
-9.868923861206971, 6.239653002589883, 0.035788922543626304, 313313000000, 
-9.803964233822393, 6.592214558322199, 0.03412252941719812, 313318000000, 
-7.119039917495412, 5.7570992940521455, 0.033950641152550344, 313323000000, 
-8.457125549412591, 6.508858297014852, 0.03313708523820556, 313328000000, 
-18.693625805508685, 5.628183058610798, 0.028942205740954994, 313333000000, 
-13.71443730882914, 3.503362937257677, 0.02363403384071436, 313338000000, 
-11.513795411531126, 4.18056348042426, 0.020030838402869747, 313343000000, 
-6.204991676603399, 7.84041486709667, 0.019940263812669674, 313348000000, 
-10.413805459136205, 10.87328916705584, 0.019359270154698464, 313353000000, 
-7.2465798841957305, 4.171843523013679, 0.016881507591987303, 313358000000, 
-9.395381752050156, 5.330877612986356, 0.015366351374880993, 313363000000, 
-6.553837711897407, 3.7086814761340454, 0.01361963310046034, 313368000000, 
-8.452669259394899, 4.741822491731302, 0.01193606786291419, 313373000000, 
-8.207262524531309, 4.555216324271199, 0.010172341084070767, 313378000000, 
-9.502114991255063, 5.238951628473128, 0.008079525184063092, 313384000000, 
-7.236376524087882, 3.9724509020195424, 0.005992021975955889, 313389000000, 
-8.224833478688026, 4.445033424010266, 0.004521491629485851, 313394000000, 
-8.193196367731675, 4.450822164689912, 0.00310868512900595, 313399000000, 
-9.398924805055035, 5.02721808488247, -0.00015998321739913387, 313404000000, 
-5.091584157325638, 2.6882855070574014, -0.0006137398159499448, 313409000000, 
-10.132359541360293, 5.344800555049114, -0.00323984865504201, 313414000000, 
-8.0614092766587, 4.235873194487067, -0.005029941605434015, 313419000000, 
-8.469842357502625, 4.395308468069484, -0.00782630153076947, 313425000000, 
-6.650490943392463, 3.4258417052397436, -0.00920838719178698, 313430000000, 
-9.69708038990032, 4.919560131327701, -0.011314305458352386, 313435000000, 
-6.672997060887473, 3.3806251715333584, -0.013137036512299662, 313440000000, 
-9.486668433143706, 4.770498840773623, -0.016037608285643275, 313446000000, 
-8.319579888336152, 4.1397617551941055, -0.01773758672530709, 313451000000, 
-6.688122820627896, 3.2756453344456213, -0.019579460041813646, 313456000000, 
-10.165169196398818, 4.9734082646793905, -0.02192335747952955, 313461000000, 
-6.693952412148127, 3.2226212022970655, -0.023357565916011815, 313466000000, 
-9.864682176730094, 4.706710562110592, -0.02587508177159796, 313471000000, 
-6.729909293622962, 3.175054327627298, -0.027119523647133437, 313476000000, 
-8.51244700466429, 3.9826727517115517, -0.03010896033595933, 313482000000, 
-9.956295374111576, 4.592852571922113, -0.03259207555475572, 313487000000, 
-8.509588751579795, 3.9375461259250333, -0.03529890434868935, 313492000000, 
-8.40328072685056, 3.8395985362838263, -0.037525986363716984, 313497000000, 
-6.738559126074974, 3.0511947092584344, -0.03893355215069983, 313502000000, 
-8.354339262849509, 3.693190018599692, -0.041145011115194814, 313508000000, 
-10.237467941315664, 4.547352230174135, -0.043695068214096536, 313513000000, 
-6.813513344481102, 2.957326584011004, -0.04532334821869718, 313518000000, 
-8.46478155904822, 3.678543203536803, -0.047250137941811717, 313523000000, 
-10.099080141144691, 4.309992319265635, -0.049810163217583414, 313528000000, 
-8.58517907032277, 3.6161216659139286, -0.05315583890073497, 313533000000, 
-6.840335327025897, 2.8492073075249515, -0.054202962621622254, 313538000000, 
-10.152730250505885, 4.186244449500359, -0.05689520916856472, 313543000000, 
-8.624278396925389, 3.5108250536692753, -0.0599334561518513, 313548000000, 
-8.577470197984809, 3.455763154619958, -0.061525863061628, 313553000000, 
-6.868959822871033, 2.748856190480819, -0.06318987235241404, 313558000000, 
-10.253491182672002, 4.008188312613426, -0.06584420403160267, 313563000000, 
-6.857411693220991, 2.6746689613514327, -0.06781785484376512, 313568000000, 
-10.384954680311868, 3.9733814960789884, -0.07005861176837681, 313573000000, 
-6.887752673722247, 2.6335044279281123, -0.07172644358158788, 313578000000, 
-10.267839562969199, 3.8518458643532103, -0.07434078707268678, 313583000000, 
-8.689188118179679, 3.23924836474724, -0.077423860331043, 313588000000, 
-8.657069980935793, 3.17438425126674, -0.0793809510262917, 313593000000, 
-8.622659413462626, 3.0909704562058837, -0.08216726893145329, 313598000000, 
-8.678397476635777, 3.0876726168939173, -0.0839263948909149, 313603000000, 
-6.985239307462933, 2.446992926486714, -0.08561645997301297, 313608000000, 
-8.739219638739916, 3.028702018007823, -0.08852379754371206, 313613000000, 
-8.75777236435315, 2.9886251722685193, -0.09015093286593766, 313618000000, 
-10.410860746755548, 3.520539861797311, -0.09295989476754166, 313623000000, 
-7.033900847607984, 2.309069061455526, -0.09494390613008684, 313628000000, 
-10.516388346673459, 3.4309541729225823, -0.09820039958874772, 313633000000, 
-7.01819501944461, 2.253160433525971, -0.09967400259789194, 313638000000, 
-8.764568265765535, 2.7831341085682793, -0.10284549665519983, 313643000000, 
-8.814971473992872, 2.739068824649023, -0.10438911725926475, 313648000000, 
-10.602177666098259, 3.2411585295505394, -0.10737623810527493, 313653000000, 
-7.090137421926837, 2.152943825219797, -0.10941220712912825, 313658000000, 
-10.56521427471827, 3.119159917620485, -0.11252936323171575, 313663000000, 
-7.067985962355354, 2.075669791947922, -0.11457225742979951, 313668000000, 
-8.89478535662347, 2.566429934699037, -0.11736496789745715, 313673000000, 
-8.867120698928828, 2.4906303254849633, -0.11991920448589388, 313678000000, 
-10.651226994748955, 2.9850414746321774, -0.12309921984774896, 313683000000, 
-7.674124676693958, 2.0493091306823694, -0.12639770382574494, 313689000000, 
-8.810571385555289, 2.39221933494567, -0.12726727570934043, 313694000000, 
-8.950832265708865, 2.3258430648170076, -0.13152628996618482, 313700000000, 
-8.924701021718564, 2.2836096767092777, -0.13356550629755354, 313705000000, 
-8.954145245134377, 2.229078873885368, -0.1380877683588068, 313711000000, 
-9.004101088003255, 2.2249013672090747, -0.13975811264349605, 313716000000, 
-10.813735535155342, 2.5921584354251346, -0.1438001315644651, 313723000000, 
-7.699066434285009, 1.8043885508156607, -0.14686470194981954, 313728000000, 
-10.832072995176613, 2.4816188141174864, -0.15008844979321312, 313733000000, 
-7.239712390064839, 1.6277836656514206, -0.152644135490805, 313738000000, 
-10.828991143320708, 2.4023637911248588, -0.1560818387500512, 313743000000, 
-7.288266574803368, 1.5565903692480525, -0.1582365630144588, 313748000000, 
-10.906096185929052, 2.3026631401462265, -0.1620962397495258, 313753000000, 
-7.30222845201096, 1.523935154598323, -0.1640772886365843, 313758000000, 
-10.86255496329919, 2.1927238867889054, -0.16770321134378488, 313763000000, 
-9.147897872351098, 1.807000890842457, -0.171535832265319, 313768000000, 
-9.138985309056977, 1.7681130904981346, -0.17355809395876237, 313773000000, 
-7.299919499478074, 1.3870536849797062, -0.17592864552047355, 313778000000, 
-10.926066470026612, 2.0093419963757366, -0.17954247323220845, 313783000000, 
-9.212577460765859, 1.6236851353679207, -0.18291761352577993, 313788000000, 
-9.167444289617965, 1.5813232796716694, -0.18569989647331633, 313793000000, 
-7.353036814397457, 1.2136820256344265, -0.18793325644404257, 313798000000, 
-11.04886131906502, 1.8128146112128172, -0.19163567330939296, 313803000000, 
-7.419586631885221, 1.1622071312913056, -0.1938395003642661, 313808000000, 
-11.08775760741544, 1.7084293005610585, -0.19778801609257113, 313813000000, 
-9.245682292513605, 1.384346070052133, -0.20125229513772672, 313818000000, 
-9.274310339445782, 1.363294140038899, -0.2038006795064421, 313823000000, 
-9.269874872558693, 1.2938111881115888, -0.20641854681536723, 313828000000, 
-7.46628752968867, 1.0419343974283408, -0.2088807870310271, 313833000000, 
-9.30037394918968, 1.203272609765235, -0.21255532684355208, 313838000000, 
-9.285072573684392, 1.170081672456813, -0.21481349368831518, 313843000000, 
-9.303626522598593, 1.1429581713545693, -0.218454782074607, 313848000000, 
-11.190540149525495, 1.3477351185392035, -0.22255250603529905, 313853000000, 
-7.4954138849746546, 0.8322141063980353, -0.22487723182969108, 313858000000, 
-11.194168320070126, 1.2074869897295315, -0.22869253461757805, 313863000000, 
-7.483188822941231, 0.7912519204034787, -0.23117934439359944, 313868000000, 
-11.23191038617324, 1.164215316000301, -0.2348215882632877, 313873000000, 
-7.530187266442929, 0.7047299033642361, -0.23761556736761924, 313878000000, 
-11.264184783999243, 1.0258020448916054, -0.24121976908862858, 313883000000, 
-9.431123370350827, 0.8209880456830245, -0.24472005501802863, 313889000000, 
-7.545682266015715, 0.6343436928063504, -0.24745606964429118, 313894000000, 
-11.289881036641308, 0.9108178628483885, -0.2514666296036261, 313899000000, 
-9.421721298830464, 0.6853061350898667, -0.2554280134729909, 313904000000, 
-7.600418109538889, 0.519437974381317, -0.25798150181621093, 313909000000, 
-12.582604047084232, 0.8265894076914049, -0.2606952222654903, 313914000000, 
-9.458178276332573, 0.547376766048174, -0.264440606598929, 313919000000, 
-7.602058686615013, 0.4257790464649226, -0.2671368742145673, 313924000000, 
-11.391717204954526, 0.605338904241683, -0.2713620624642117, 313929000000, 
-7.596877967546392, 0.3310082841940987, -0.2741824679107015, 313934000000, 
-11.403227759196767, 0.5175928464037862, -0.27763369231873675, 313939000000, 
-9.543298926072637, 0.3760788340513307, -0.282028011858407, 313944000000, 
-9.512338205523378, 0.3496028206034861, -0.2840956772116863, 313949000000, 
-7.64081678421424, 0.24094948542375738, -0.287422615582786, 313954000000, 
-11.440287287365349, 0.32159066128486624, -0.2910092048056067, 313959000000, 
-7.666998096136523, 0.14775637733148766, -0.29398946652227737, 313964000000, 
-11.450093152592483, 0.20033666766158875, -0.29857164919327095, 313969000000, 
-7.6979407371125435, 0.11430586431356281, -0.30115011490539595, 313974000000, 
-9.583824058444876, 0.12020555675205634, -0.30393276158689586, 313979000000, 
-9.610527451899577, 0.09320762709443446, -0.30834014779534175, 313984000000, 
-11.499879521574524, 0.04957831993765936, -0.3127834436226884, 313989000000, 
-7.709222409505783, 0.028479947002704654, -0.3155709307391924, 313994000000, 
-11.512257578362725, -0.09376152031448737, -0.3197291547840163, 313999000000, 
-7.722963371025058, -0.04113197171651123, -0.3223768069532619, 314004000000, 
-11.58055544073846, -0.1823151405283844, -0.32700597948630095, 314009000000, 
-7.710326132379127, -0.12703603688030257, -0.33019186576946963, 314014000000, 
-11.555448738827561, -0.24930518341120592, -0.3345614740343959, 314019000000, 
-7.7693559224337, -0.1762459242072511, -0.33705791203460306, 314024000000, 
-24.09033406116075, 9.990212532791444, -0.32810785300270384, 314029000000, 
-6.281525787890985, -3.4013003010146616, -0.326080093377426, 314034000000, 
-10.743480164593016, -5.980731480656291, -0.3236498584134717, 314039000000, 
-7.229333978572343, -0.8249906886611034, -0.3208605260464382, 314044000000, 
-9.876682195303246, 0.29875129101399045, -0.3164501566923342, 314049000000, 
-7.596519475859235, 0.08785403479628412, -0.3135854479914869, 314054000000, 
-12.675054005528555, 0.10779692790858543, -0.3079941110378064, 314059000000, 
-7.582425234476469, 0.09649595557501628, -0.3052450574304818, 314064000000, 
-10.13501745750132, 0.13939787328047334, -0.30075449384816566, 314069000000, 
-7.631876421845467, 0.016803184080947366, -0.29779463736867895, 314074000000, 
-10.867264128215204, -0.014027538137701197, -0.29163134102558397, 314080000000, 
-7.608170795883864, -0.03047226340037233, -0.28822250060981597, 314085000000, 
-9.50761452255812, -0.03623129117465276, -0.2850295257302899, 314090000000, 
-12.39941312976499, -0.14075923036679125, -0.27994398331860365, 314095000000, 
-7.624361345052619, -0.0826633794396468, -0.2772254096784015, 314100000000, 
-10.490153838039864, -0.11022405496415376, -0.27282471494098837, 314105000000, 
-7.633852279503759, -0.13084746040383724, -0.269553837247353, 314110000000, 
-12.286190501344429, -0.29587948240839806, -0.26445499597958394, 314115000000, 
-7.659002529473721, -0.1827209252063432, -0.26150720616793593, 314120000000, 
-10.624217232486, -0.2849931079251436, -0.2573991957665208, 314125000000, 
-7.65464216793051, -0.20872480956822573, -0.2538563610764628, 314130000000, 
-12.163424463592385, -0.39645604170001214, -0.2491726577598625, 314135000000, 
-7.63801433843301, -0.22229760440910643, -0.24588568149632387, 314140000000, 
-8.958405221585474, -0.28542920725020865, -0.24148055046235883, 314145000000, 
-9.546964490605102, -0.3517538858993345, -0.23819880876955601, 314150000000, 
-12.085472343262118, -0.46880876228788093, -0.23348827744339412, 314155000000, 
-7.663181470091396, -0.28233415401124184, -0.23034793124171637, 314161000000, 
-9.051087870893008, -0.3616079624090573, -0.22614156412480285, 314166000000, 
-11.980762244008952, -0.5854067363616022, -0.22096730209745868, 314171000000, 
-9.088273714458222, -0.4178623017327192, -0.21651039873398328, 314177000000, 
-7.655889772011321, -0.38429977469243465, -0.21284700895145883, 314182000000, 
-11.95196681140521, -0.6145604208075812, -0.2084360452681627, 314187000000, 
-7.664675383006053, -0.41440915931729966, -0.20500255584233135, 314192000000, 
-11.019939400979334, -0.5497672625200285, -0.200866358853478, 314197000000, 
-7.6677499061062395, -0.43354780826637834, -0.19756731822213722, 314202000000, 
-11.863180705214178, -0.6560855981881837, -0.19290003537403103, 314207000000, 
-7.664051293512013, -0.44870532178999895, -0.18986512232668448, 314212000000, 
-11.086788397942522, -0.6242098741382329, -0.1853576149247932, 314219000000, 
-8.46265337190632, -0.48686541133683536, -0.18025518595753862, 314224000000, 
-11.085913462947977, -0.6580946755003968, -0.17632960510961684, 314230000000, 
-9.823690625177546, -0.6279387885650731, -0.171257905797546, 314235000000, 
-7.668493725644448, -0.5013988675441148, -0.16819050077597736, 314240000000, 
-25.808188640418972, -39.15277692783414, -0.16841093111559438, 314246000000, 
-8.866209448459662, -5.906910165007769, -0.1667779064076401, 314251000000, 
-9.912658670562921, -0.5740754082468631, -0.16269936104030197, 314256000000, 
-7.576592585484999, -0.45828569071570663, -0.1594768360703893, 314261000000, 
-10.521563814188537, -0.7376238578342796, -0.15469352556255614, 314266000000, 
-9.392640212413795, -0.6296068366742741, -0.1514338507411593, 314271000000, 
-10.113323827771051, -0.6604922815541617, -0.14718671457625937, 314276000000, 
-9.472930390474955, -0.6432521369989398, -0.14466074042559102, 314281000000, 
-10.351484659990778, -0.7299469492438594, -0.13959813775979682, 314286000000, 
-7.576874822895581, -0.5145468296790394, -0.1366305793762682, 314291000000, 
-10.266966427609319, -0.6607538291301304, -0.13267585452314726, 314296000000, 
-10.233868177930962, -0.7707133189339732, -0.1273931535351079, 314301000000, 
-9.42351805827828, -0.6457810483109951, -0.12446420384290809, 314306000000, 
-7.565885800152401, -0.5748029060796632, -0.12147124312291145, 314311000000, 
-10.418955569672148, -0.7113252737887727, -0.11717978475328364, 314316000000, 
-10.102749231524273, -0.7646756303407333, -0.1127805004956014, 314322000000, 
-7.528200902653985, -0.5184983691246552, -0.10945901171047963, 314327000000, 
-8.789439595056333, -0.5755484704203818, -0.10543787476032991, 314332000000, 
-9.454754641941541, -0.6461586176262735, -0.10255493676151917, 314338000000, 
-11.971598746302766, -0.8558333387873885, -0.09750288323311339, 314342000000, 
-7.540695195189121, -0.5469388247457241, -0.09437465134260715, 314347000000, 
-10.605606975585903, -0.7252505316148135, -0.0906514104452172, 314352000000, 
-7.543442687902921, -0.5377971195825373, -0.08767193574967111, 314357000000, 
-11.849904263003571, -0.8481516287083064, -0.08307125135452643, 314362000000, 
-7.503717597505464, -0.5022992760480551, -0.08017149372596878, 314367000000, 
-10.737014533676971, -0.6704871529496323, -0.07564656200875462, 314372000000, 
-7.529897229085791, -0.47103714424295184, -0.07277766349970445, 314377000000, 
-11.755254247037092, -0.7709455549869074, -0.06813922399652095, 314382000000, 
-8.972423742059076, -0.5775316622427633, -0.0638909442260954, 314387000000, 
-8.360023075684698, -0.5260991903634716, -0.057432428932427816, 314397000000, 
-11.663000179660758, -0.7428461765549313, -0.05351826316295134, 314402000000, 
-9.012454073381885, -0.5366274409427211, -0.04864325800068766, 314409000000, 
-9.380183888854805, -0.556660093119365, -0.04310849787046624, 314415000000, 
-6.877907636867426, -0.4486622436923442, -0.04140066752132923, 314420000000, 
-9.296969801192294, -0.5289660231006089, -0.03523593415125324, 314426000000, 
-9.045318655216198, -0.5130978598337791, -0.03139085197515998, 314432000000, 
-9.583118563684247, -0.5056699961287265, -0.026655124426882528, 314439000000, 
-9.335958902713049, -0.48760867259192237, -0.023604914854747062, 314444000000, 
-9.051464764691534, -0.46065768480735597, -0.01884528827309423, 314449000000, 
-11.428483970564358, -0.5472984499202697, -0.014162469461234135, 314454000000, 
-7.450713306326117, -0.3764095872389609, -0.011149567732557016, 314459000000, 
-10.913327391214969, -0.4581004684883717, -0.006922749190437332, 314464000000, 
-8.162015703336365, -0.3534312515896208, -0.002234510737673824, 314470000000, 
-9.318401800095769, -0.38665473309849374, 0.0007541088247947026, 314475000000, 
-10.898014192112981, -0.37423519894553364, 0.0052877361485540566, 314480000000, 
-7.456605595057625, -0.23112033646005767, 0.008456522065332981, 314485000000, 
-11.343642941093064, -0.38902805304542926, 0.013012126200890274, 314490000000, 
-7.433631781980977, -0.24715849271229293, 0.0159389125373967, 314495000000, 
-10.927650475044473, -0.3035378818568034, 0.020949896025403546, 314500000000, 
-7.451467003711932, -0.17208417315213384, 0.023866818195692273, 314505000000, 
-11.277928600685614, -0.27330992998507775, 0.028271199007918076, 314510000000, 
-15.41600136591396, -14.218886521394728, 0.026879196697609346, 314515000000, 
-8.06287802656364, -5.7104983765967265, 0.026182012088087504, 314520000000, 
-8.057063205699581, -0.359859954091702, 0.02641437765236037, 314525000000, 
-9.082750861126298, -0.26658247333812496, 0.02663030710919882, 314532000000, 
-6.386159244740185, -0.19284547772190683, 0.027056531336104868, 314537000000, 
-10.619195796552665, -0.37173050520926976, 0.027393964196537196, 314542000000, 
-7.433531958494341, -0.24090297060545307, 0.028069749785557183, 314547000000, 
-11.59150981917414, -0.36059528638787663, 0.027807813423971144, 314552000000, 
-7.351274374359684, -0.2111131945749159, 0.028249187507856367, 314557000000, 
-10.631673262401165, -0.2749612672194676, 0.028512528686602163, 314562000000, 
-9.219501406569425, -0.17794447196630767, 0.028434188301642103, 314567000000, 
-9.417355916902276, -0.19712377579162194, 0.028751603864135875, 314572000000, 
-7.36166140712485, -0.11345547646063352, 0.028973207091159765, 314577000000, 
-10.83560218771492, -0.14469736063828645, 0.029556205346079625, 314582000000, 
-7.406502079000535, -0.07716048240351771, 0.029690725493549026, 314587000000, 
-11.125887925795698, -0.04203653135977812, 0.029969014456729903, 314592000000, 
-7.347159533196722, -0.04700313832312028, 0.030324997460731723, 314597000000, 
-10.923612432001182, -0.02865595155532743, 0.03049573556600536, 314602000000, 
-7.345673627791596, 0.003715347977766563, 0.030708631441680026, 314607000000, 
-11.009525423311812, -0.0033395511772019958, 0.030903829102981513, 314612000000, 
-7.381390661253184, 0.050668423477828455, 0.030941482865796194, 314617000000, 
-10.91186464649698, 0.11101819087180254, 0.031416803311012334, 314622000000, 
-7.3398448882012985, 0.08527200309485011, 0.031094101351008135, 314627000000, 
-10.991549715953871, 0.1995709960876399, 0.03179699526356108, 314633000000, 
-7.83045561942924, 0.16178606671385767, 0.03184387299912986, 314638000000, 
-9.140500754843897, 0.17577368464166704, 0.032313023133803305, 314643000000, 
-10.922724901913101, 0.2709364432832914, 0.03216589300537814, 314648000000, 
-9.121248433239458, 0.24650384992674987, 0.0324810191058879, 314653000000, 
-9.114902230840134, 0.2559802125478884, 0.032222696911891405, 314658000000, 
-9.129142576241973, 0.2944418811914746, 0.03268541475198125, 314663000000, 
-9.099988027909635, 0.3430496751599464, 0.032823402409904, 314668000000, 
-7.310165515475033, 0.29022509806016283, 0.03295494091842058, 314673000000, 
-10.921002230210844, 0.4643550094267471, 0.03289573318807575, 314678000000, 
-6.102342988570179, 0.2588117826887218, 0.03327655934629159, 314683000000, 
-10.424528339865319, 0.4869808734187563, 0.03344576195179106, 314688000000, 
-7.313201717683342, 0.3754948026972825, 0.03372462346220977, 314693000000, 
-9.122868285795386, 0.4843968915283513, 0.03337571448293317, 314698000000, 
-9.083170846285924, 0.5061567392084284, 0.03381343354082012, 314703000000, 
-10.91352992958919, 0.6315506701272771, 0.03369673336744823, 314708000000, 
-7.819647094757049, 0.5020523713294422, 0.034063955738888506, 314715000000, 
-10.919082412983188, 0.6719211944258546, 0.034237665276468696, 314720000000, 
-7.282005687487486, 0.5096494370981859, 0.03431844489057934, 314725000000, 
-10.872784109949283, 0.7589344759921641, 0.03441903230726122, 314730000000, 
-7.317399129505427, 0.526720739089688, 0.03444732802899872, 314735000000, 
-9.09680058792817, 0.7209872959040916, 0.034966154915634665, 314740000000, 
-9.10465008175758, 0.7459554242924835, 0.03517918002235912, 314746000000, 
-9.101685916253082, 0.7528139645249692, 0.03514375507361918, 314751000000, 
-10.870271747054508, 0.9909181511885109, 0.0352268050505751, 314756000000, 
-7.288206068757026, 0.6462004746486988, 0.035427353071838925, 314761000000, 
-10.915445307410828, 1.0265616495985195, 0.035441240488198966, 314766000000, 
-7.287933760457587, 0.6950067492317786, 0.03609885082872669, 314771000000, 
-29.286771784599164, 32.303900897341975, 0.03616992354998501, 314776000000, 
-6.360979517997594, 4.91881051390501, 0.03428886958920356, 314781000000, 
-2.2976239316255618, 1.7928603052029795, 0.03421315589276678, 314786000000, 
-10.356219766496602, 1.1992179965104435, 0.02907681750833745, 314791000000, 
-7.37790311606783, 0.6902931242625469, 0.026965924165875815, 314796000000, 
-12.461208924183376, 1.1833337244001703, 0.02262919280941611, 314801000000, 
-7.369481458947353, 0.6688826589353046, 0.020004633914743813, 314806000000, 
-9.615112739885562, 0.9199934775109617, 0.01686663422620284, 314811000000, 
-10.243680029014728, 1.022914330748083, 0.012723604541375777, 314817000000, 
-7.3261145408744985, 0.7554266240729182, 0.010048631698868766, 314822000000, 
-9.544921217008332, 1.0080210152436442, 0.004379894643987233, 314830000000, 
-7.396093958708767, 0.8298818344556164, 0.0015363652048548543, 314835000000, 
-9.22997977364494, 1.0691407335187635, -0.0007982273112129163, 314840000000, 
-12.046830989135321, 1.457664011999069, -0.004797558453611373, 314846000000, 
-8.384619733957912, 0.9827654130425826, -0.008387488801852291, 314851000000, 
-9.974182277006456, 1.2354323836079983, -0.012249478146246067, 314856000000, 
-9.157301171790557, 1.1518024247928567, -0.014480915775581183, 314861000000, 
-7.343642273336476, 0.9519635312601559, -0.017152735007595055, 314868000000, 
-9.16720828995713, 1.1886282681892464, -0.022072017107833727, 314874000000, 
-10.225806876514165, 1.3480693436964863, -0.0256838469325555, 314879000000, 
-7.3803653575662596, 1.031084991147876, -0.027823140532531782, 314884000000, 
-9.165213315813114, 1.2509236012392204, -0.03015671060260246, 314889000000, 
-9.791069605413936, 1.3891254287324588, -0.034016732871032025, 314894000000, 
-9.177048422381155, 1.3593081807123206, -0.03667219737264229, 314899000000, 
-8.880725060856093, 1.290073612012772, -0.04259061797888141, 314907000000, 
-9.207974007433645, 1.3834834166627155, -0.04496348471189596, 314912000000, 
-9.66902354146248, 1.5014454923688645, -0.04920180715099126, 314918000000, 
-9.150464751137346, 1.4201044069732527, -0.05149678994477538, 314923000000, 
-9.186247513181566, 1.4356764425751483, -0.05683024201052089, 314930000000, 
-9.21147177522622, 1.4773705076101347, -0.06139344682355539, 314938000000, 
-10.52671547938691, 1.694835079348371, -0.0666279876028725, 314944000000, 
-9.199505724497682, 1.5049406148910769, -0.06872555771529708, 314949000000, 
-9.176060697003582, 1.5305078551118925, -0.07139022253506422, 314954000000, 
-8.87828552816912, 1.4819370640194773, -0.07486323115911685, 314959000000, 
-7.399818344507498, 1.2484886932535535, -0.07687960833551492, 314964000000, 
-11.389286387039022, 2.0026803756015643, -0.0808226538388683, 314969000000, 
-7.403218032531165, 1.256361224366994, -0.083398169294174, 314974000000, 
-10.707621048563945, 1.8637126202575387, -0.08701036164962259, 314979000000, 
-7.3854973017548895, 1.3040625463601592, -0.08919922274294241, 314984000000, 
-11.363950440910477, 2.0225250229011347, -0.09323724938468017, 314989000000, 
-7.364055197358553, 1.3373513010962546, -0.09558356969804778, 314994000000, 
-10.762690430820857, 1.9151926020099808, -0.09892429499731366, 315000000000, 
-9.429302463711078, 1.7654108762000238, -0.1032043254336854, 315005000000, 
-7.351799909529885, 1.369515183697508, -0.10543677068828793, 315010000000, 
-10.77872510227681, 2.0212936179508647, -0.1085309605652993, 315015000000, 
-7.403973557504458, 1.341485368956591, -0.1112118541882431, 315020000000, 
-11.274499219564825, 2.111888143451057, -0.11493621830467289, 315025000000, 
-7.401348308189542, 1.3981222692902098, -0.11687596916583416, 315030000000, 
-10.842556302933207, 2.03763130766166, -0.12059334450291188, 315035000000, 
-7.415649238028465, 1.4121204170831723, -0.12319704380570083, 315040000000, 
-11.277228683792952, 2.1823979990357274, -0.1267145900366227, 315046000000, 
-9.061820079658329, 1.7104652416037351, -0.1303658860995452, 315051000000, 
-7.382391905249605, 1.4461686121696062, -0.13288481922973952, 315057000000, 
-9.389847366525101, 1.8349849880414177, -0.1362337336918124, 315062000000, 
-9.216363052516588, 1.8049816238806016, -0.13808983903599203, 315067000000, 
-9.117417798562169, 1.8007075604714269, -0.1422898746383022, 315072000000, 
-11.268950274165253, 2.198500935123279, -0.14566401733097314, 315077000000, 
-9.145779296042917, 1.7774756991481304, -0.14913936494212468, 315083000000, 
-7.427996158319261, 1.4558372876242112, -0.1513545282996922, 315088000000, 
-11.23252695464923, 2.247555587045235, -0.155245568305864, 315093000000, 
-7.448130495997764, 1.4643558219128263, -0.1570224055230239, 315098000000, 
-10.97609449969967, 2.172826856499292, -0.160771751943799, 315103000000, 
-9.394538203809269, 1.9011094587890704, -0.16406324341602482, 315108000000, 
-9.280254553093844, 1.8574728843985142, -0.16676557599354394, 315113000000, 
-7.458252522271788, 1.4888558812544936, -0.16915731306900825, 315118000000, 
-11.03975571321122, 2.2046818947211757, -0.1726917129321844, 315123000000, 
-7.455809287087985, 1.4999354328176786, -0.17449926682546354, 315128000000, 
-10.652273344554583, 2.1267827887195923, -0.1793319826410205, 315134000000, 
-9.322694095471965, 1.8486522463468047, -0.181794245573212, 315139000000, 
-7.461367522665529, 1.5039933347374008, -0.18412989717100658, 315145000000, 
-9.431310098231652, 1.885846863505361, -0.18746465969034876, 315150000000, 
-9.266092848261945, 1.8326445918427399, -0.1910770684675779, 315155000000, 
-9.306645688628038, 1.8543546422344088, -0.19360180378675293, 315160000000, 
-9.312983079853527, 1.8394990848857677, -0.1960662784203368, 315165000000, 
-9.292726345720885, 1.8526537725297407, -0.19815186287373088, 315170000000, 
-9.409140332191301, 1.8610909510765077, -0.20164111780976443, 315175000000, 
-9.260406805775293, 1.815845338752805, -0.20550855993193923, 315180000000, 
-11.250729559179819, 2.225945973037734, -0.2089525738860251, 315185000000, 
-7.484707979599559, 1.4688235850135103, -0.21173542842481205, 315190000000, 
-11.103115661840153, 2.1725570488455928, -0.21487213269939173, 315195000000, 
-7.484284507348133, 1.449415234286854, -0.21712144372607411, 315200000000, 
-9.381594305375035, 1.8377542628348422, -0.22099043825087358, 315205000000, 
-11.153393572324822, 2.0922279825721337, -0.22450160890133886, 315211000000, 
-7.5129684061918, 1.4207303813922527, -0.22691130597831574, 315216000000, 
-11.24536222000522, 2.139708408461258, -0.23064798025950237, 315221000000, 
-7.533251474678819, 1.4074661020036636, -0.23325741200944317, 315226000000, 
-12.429901465430813, 2.341487207559846, -0.23561428996691314, 315231000000, 
-8.002434636789955, 1.4968990004940481, -0.23897994144777943, 315237000000, 
-9.38310479742147, 1.7438288490486615, -0.24295716168807097, 315242000000, 
-9.332224435680248, 1.6987408581467525, -0.24650092702377355, 315247000000, 
-9.354250791277735, 1.7193990571237823, -0.24937123095505434, 315253000000, 
-22.99566653389067, 32.885056691901525, -0.24942693720335107, 315259000000, 
-5.532732764213214, 8.440392013860688, -0.24859857823009585, 315265000000, 
-11.531048720951935, 8.238308870397322, -0.25059653277580196, 315270000000, 
-6.105945677077749, 0.983302427159049, -0.25186499543398994, 315275000000, 
-9.084160078337298, 1.5926653867814997, -0.25595866834416836, 315281000000, 
-10.847357623098006, 1.9122906512745488, -0.260523123031625, 315286000000, 
-4.387393797495637, 0.7016745394503101, -0.2614711027887723, 315291000000, 
-10.834304184747205, 1.8657395727066155, -0.2667776401194863, 315296000000, 
-7.613322351889692, 1.3132151642429135, -0.26925895172652775, 315302000000, 
-12.407433091276674, 2.128114495675316, -0.2728732954206759, 315307000000, 
-9.446918454991557, 1.5927826678612615, -0.27527784867361993, 315312000000, 
-8.659415957390356, 1.423242571903623, -0.27911365883760825, 315317000000, 
-7.629306309717768, 1.241695255935907, -0.2811306540703009, 315322000000, 
-12.293534048919485, 2.0064810950864627, -0.28541337017162927, 315327000000, 
-7.617383382519154, 1.2023529348185162, -0.2875271399441938, 315332000000, 
-10.556145899588437, 1.6372569166692559, -0.29132879142020607, 315337000000, 
-7.620249548053536, 1.1755006377850514, -0.2938318140015916, 315342000000, 
-12.124257353784378, 1.8758584690766409, -0.29797082749113174, 315347000000, 
-7.627018826155695, 1.121270579968265, -0.3003896712293836, 315352000000, 
-8.886779464235632, 1.2909846309798874, -0.30357568272417984, 315358000000, 
-10.080337038212798, 1.4674910035431177, -0.30761464469709565, 315364000000, 
-10.806606982417785, 1.4724773003200509, -0.31255701672463365, 315371000000, 
-7.626722859324284, 1.0764315329292786, -0.31530294216636107, 315376000000, 
-10.21336909545251, 1.3366142584213183, -0.32161125448092565, 315384000000, 
-10.834984440577614, 1.4419081376217466, -0.3226586416227758, 315389000000, 
-8.42156804203331, 1.0417695972139704, -0.3278122975175702, 315396000000, 
-12.609537076970208, 1.5370133181590926, -0.33025849463622525, 315401000000, 
-8.45151869145002, 1.0333656338912511, -0.3361989818357051, 315409000000, 
-9.521341773975815, 1.0884367671571176, -0.33900569200014447, 315414000000, 
-9.488272768126718, 1.0749318153377445, -0.34133069113278336, 315419000000, 
-10.819308744775464, 1.148014768932817, -0.34674044933080045, 315425000000, 
-9.683383199801636, 0.9872768711485608, -0.35330504028441145, 315434000000, 
-9.464453620442251, 0.9211473257291202, -0.35564269213385935, 315439000000, 
-9.222797759763436, 0.8478921384289068, -0.359857381998274, 315445000000, 
-7.627375387291448, 0.7092348322742655, -0.36225252498156374, 315450000000, 
-12.638873074105286, 1.1005455196979295, -0.36493927218324657, 315455000000, 
-8.32405090575793, 0.6977217401352603, -0.36863583219458335, 315460000000, 
-11.10172689575565, 0.8738013609207661, -0.3729946432382867, 315465000000, 
-7.588514008843374, 0.568852550584022, -0.3755751830897573, 315470000000, 
-11.618754389922122, 0.8618571986521418, -0.3796833384938279, 315475000000, 
-7.97650242223162, 0.5347917443203757, -0.3837991922847585, 315482000000, 
-11.588846402147396, 0.7514944762333479, -0.3876902848348124, 315487000000, 
-7.577362615531452, 0.4491045714140884, -0.39044713095721123, 315492000000, 
-9.291948553188456, 0.5114418800624817, -0.39454473373833954, 315497000000, 
-10.00002241152088, 0.5454885889137252, -0.3959797724272101, 315502000000, 
-10.795472928655704, 0.4988934595910631, -0.40112969190842473, 315507000000, 
-7.561969053748702, 0.326798369814517, -0.40421334200560377, 315512000000, 
-10.432084580918303, 0.35569944113728436, -0.4113905655410996, 315522000000, 
-9.437748395933342, 0.25926774818844184, -0.416300787991492, 315529000000, 
-9.605436057767777, 0.2275108584857032, -0.42116434973334727, 315534000000, 
-9.436164610387637, 0.19583544952773863, -0.423798904729494, 315539000000, 
-7.569912831998989, 0.10899459230674369, -0.42628941902339007, 315544000000, 
-11.161105052675119, 0.14650540289040587, -0.43066936750832036, 315549000000, 
-7.54271756103825, 0.045637500408973915, -0.4338082380875193, 315554000000, 
-11.407197462048934, 0.02477181912226578, -0.4376400394140333, 315559000000, 
-7.5659692554455065, -0.015307280046646176, -0.44061325409772434, 315564000000, 
-9.356488135906325, -0.09558078964684774, -0.44484163961439976, 315569000000, 
-9.428050459783618, -0.14706760390799287, -0.4478423995177021, 315575000000, 
-9.502340479979345, -0.14533786931719775, -0.45186537334481075, 315580000000, 
-11.190090553242925, -0.28071968923491225, -0.45605165123962177, 315585000000, 
-7.526828585867579, -0.21361051284399127, -0.4590142166854796, 315590000000, 
-9.428626604291168, -0.323335854986575, -0.4619668828150552, 315595000000, 
-18.672118814262898, 3.75883138456605, -0.4540953699496096, 315601000000, 
-7.471237752704428, -5.224372602777321, -0.4522455556929444, 315606000000, 
-11.742644898018163, -2.5952018369031697, -0.4484438492281264, 315611000000, 
-7.5951011509487225, 0.08247395560189134, -0.4451265504450584, 315616000000, 
-10.101760572036131, 0.10823812960951094, -0.4407548776174448, 315621000000, 
-8.394383078314757, -0.07654551906188593, -0.43843377091442043, 315626000000, 
-10.79434137325144, -0.06432462812954479, -0.4316467755238032, 315631000000, 
-7.594764882594867, -0.07595507499667772, -0.4290364122238077, 315636000000, 
-8.567273584751717, -0.10539488884102505, -0.42484080598664964, 315641000000, 
-9.49593880277318, -0.22208973645940466, -0.42184504352467445, 315646000000, 
-12.368773184995593, -0.32748019542110246, -0.4169087404854419, 315651000000, 
-7.557625309949475, -0.22258107020406653, -0.4130492681953328, 315656000000, 
-8.643625872735692, -0.26921717209690094, -0.40874731883595683, 315661000000, 
-9.442808859232265, -0.3920414022264158, -0.40625293363005827, 315666000000, 
-12.176113867656364, -0.5693206138369421, -0.40078681937747695, 315671000000, 
-7.555425924238885, -0.3815709163933524, -0.39763281193822303, 315676000000, 
-10.487998534260305, -0.5334759077959617, -0.3933478009952014, 315681000000, 
-10.024880691766523, -0.5799485161530054, -0.38826496282983297, 315686000000, 
-9.395198750329406, -0.5859371755685597, -0.3852203509387234, 315691000000, 
-7.557542255932698, -0.513479856874335, -0.3822502972855837, 315696000000, 
-8.854409912507824, -0.6719189495369882, -0.3778631195667665, 315701000000, 
-9.3811268815362, -0.7688824909486776, -0.37477289521718715, 315707000000, 
-9.933818987182914, -0.8518326112394465, -0.3700361494980838, 315712000000, 
-10.67485992728618, -0.9328230693555765, -0.3662583472633413, 315717000000, 
-7.522673663775159, -0.6843061790849547, -0.36321119543206226, 315722000000, 
-11.757819491656603, -1.1742730702195974, -0.3584861857897514, 315727000000, 
-7.524907086648033, -0.7610081759094962, -0.3554380082843849, 315732000000, 
-10.747350416044046, -1.1488816120279453, -0.3511197172457794, 315738000000, 
-7.487093996753182, -0.84040215205873, -0.34820597818827453, 315743000000, 
-9.33215966765508, -1.0962432470865888, -0.345492661699822, 315748000000, 
-10.654025910743947, -1.313900543665224, -0.34010496045555066, 315754000000, 
-9.668535725507903, -1.2432808822064347, -0.3354089049104034, 315759000000, 
-7.440395841704166, -0.977655573540885, -0.3323992335872851, 315764000000, 
-10.778723029444198, -1.4530920021656895, -0.32878165794089953, 315769000000, 
-9.331398778643852, -1.3195433499094564, -0.32582331765732475, 315774000000, 
-8.224170693227872, -1.2149918240056639, -0.321285021402256, 315779000000, 
-12.344467835631887, -1.8825544514311772, -0.31881383253794743, 315784000000, 
-9.016528437399746, -1.4008023534362162, -0.31427841069467505, 315789000000, 
-7.439985605235258, -1.1879376690230208, -0.31179362441552244, 315794000000, 
-11.406400918030284, -1.9077574420956884, -0.3077461370955129, 315799000000, 
-9.001294464214663, -1.5448011472811993, -0.3033911762193492, 315804000000, 
-9.49694282232051, -1.691008568008397, -0.2994455829927611, 315811000000, 
-7.404043743463092, -1.3558587508518094, -0.297008942300604, 315816000000, 
-10.538551514601437, -1.9455319370613977, -0.29149724781171193, 315823000000, 
-9.230969348886243, -1.7823037219674864, -0.2890120991303265, 315828000000, 
-9.19025661907578, -1.8095456964879704, -0.28653912567799655, 315833000000, 
-9.046443627063086, -1.8380526685854295, -0.2823457052779232, 315839000000, 
-8.054238138023326, -1.694622087748548, -0.2783899543125996, 315844000000, 
-9.024664328621716, -1.9078458545554782, -0.27448423185784493, 315849000000, 
-9.20896112349923, -2.0220165127317555, -0.2721360936279585, 315854000000, 
-11.159501297213865, -2.45864374245017, -0.2680959476772123, 315859000000, 
-7.350039308912788, -1.6338911100891758, -0.2655536912814214, 315864000000, 
-9.011497470782166, -2.067379023412809, -0.26150240476733894, 315869000000, 
-9.131196580938372, -2.1259285160516064, -0.2592343398897519, 315874000000, 
-11.112291398052776, -2.6610431573887796, -0.2551364706501428, 315879000000, 
-7.316643760131933, -1.7686071906900196, -0.2525049182608829, 315884000000, 
-10.77899110047023, -2.6777629563977707, -0.2487060529617117, 315889000000, 
-7.30611261568962, -1.8698411759502538, -0.2463485837334491, 315894000000, 
-11.043381069618338, -2.8144622460414728, -0.24243391713338414, 315899000000, 
-7.726212740633201, -2.0020567233098836, -0.23870464752467419, 315906000000, 
-11.036267448832358, -2.924278571256748, -0.2349705292886835, 315911000000, 
-7.284606813111229, -1.9636844849445074, -0.23208369680354438, 315916000000, 
-9.001487108220033, -2.453493219752998, -0.22830397816299364, 315922000000, 
-10.948224842775156, -3.0165058923609185, -0.22491673036807663, 315927000000, 
-8.987622480464442, -2.561429489550215, -0.22085927770959604, 315932000000, 
-9.048145655283532, -2.61988681590993, -0.21835484319001164, 315937000000, 
-7.279185127088327, -2.099062429754704, -0.21605375066803112, 315942000000, 
-10.883598323509291, -3.2534315667825275, -0.2122736192524897, 315947000000, 
-7.2405114709588485, -2.167110337890376, -0.2097444190100549, 315952000000, 
-8.940899481787284, -2.7353156474724543, -0.20628288505443892, 315958000000, 
-10.045826144274635, -3.160258429977607, -0.20006342780011965, 315966000000, 
-9.024754371643594, -2.8149365299791387, -0.19693701980737316, 315971000000, 
-7.206031367300756, -2.3155912603799087, -0.19500035311491568, 315976000000, 
-10.721282262830412, -3.4647644156308175, -0.1911993336951416, 315981000000, 
-7.202243413273499, -2.392527765982608, -0.1890169348052586, 315986000000, 
-9.04382201560801, -2.956066141703437, -0.1853355412081247, 315991000000, 
-11.932063364602561, -3.9759343022590787, -0.1830652411465356, 315996000000, 
-8.917666763236221, -3.007767312177345, -0.17918501964125988, 316001000000, 
-7.168579356814942, -2.4518174965860786, -0.17683841342020162, 316006000000, 
-10.796582237408288, -3.725776465496901, -0.1736929876489792, 316011000000, 
-7.130948939103441, -2.48880076535667, -0.1707845397722366, 316016000000, 
-11.887729579906955, -4.1899527828739735, -0.1686845203296585, 316021000000, 
-7.626463088865695, -2.7001911026012295, -0.16533506319225932, 316026000000, 
-10.7464844776907, -3.8532262134749944, -0.1618325805530142, 316031000000, 
-7.136103648112014, -2.5890707879824215, -0.15938488596710979, 316036000000, 
-10.617618819690446, -3.90818347353315, -0.15601173313807512, 316042000000, 
-7.124012744058604, -2.663159452781769, -0.15388478763257812, 316048000000, 
-8.903411007603609, -3.4140176693489375, -0.14555899706095193, 316060000000, 
-10.126375147571238, -3.892109882621593, -0.14121743664047756, 316067000000, 
-7.615242830259447, -2.957531667091317, -0.13772070786709648, 316073000000, 
-10.657718305411462, -4.168796988807643, -0.13449239582466854, 316079000000, 
-8.869340290365221, -3.4850200009686754, -0.13233003637916424, 316085000000, 
-8.819545948157655, -3.525918896899975, -0.12927745318490513, 316090000000, 
-7.0885668602875525, -2.840039593232046, -0.12712841152332696, 316095000000, 
-8.882665407225705, -3.5750232122907044, -0.12360141207493976, 316100000000, 
-8.854876253036004, -3.602760882706865, -0.12164398550012294, 316105000000, 
-10.077678082009287, -4.1717774484379815, -0.11723271627831837, 316112000000, 
-8.800189498628374, -3.626620807567866, -0.11403867798639408, 316117000000, 
-8.820396216377816, -3.6891137835082186, -0.11225947275881178, 316122000000, 
-8.839372185650673, -3.6964836800893552, -0.10886387682855976, 316127000000, 
-7.072874112582965, -2.980189776255996, -0.10680954472027124, 316132000000, 
-8.804737131975097, -3.74453866962297, -0.10359002490151947, 316138000000, 
-8.666767372346388, -4.689978039546462, -0.10068437809850247, 316145000000, 
-4.327940612003631, -5.389567948420189, -0.10094620197136966, 316150000000, 
-4.490263491069428, -5.616377699136601, -0.10101661011413723, 316155000000, 
-3.2300217056561578, -3.9274604194353047, -0.1008753691002494, 316160000000, 
-9.043543975865097, -5.428833660126271, -0.09873182609822415, 316165000000, 
-8.02896311495495, -0.4722495153607356, -0.0955639469664021, 316170000000, 
-10.602704740978732, -4.925883307726688, -0.09243547580085319, 316175000000, 
-9.040332664222918, -3.1499667762074766, -0.0888278786792563, 316180000000, 
-9.120613928006469, -3.305339212283388, -0.08530166193995255, 316186000000, 
-9.077429681805803, -3.2496527820191483, -0.08270276376010377, 316191000000, 
-7.736223801197219, -1.4926545120897488, -0.08011608382231507, 316196000000, 
-10.429871412372139, -4.987114464341496, -0.0770981286992044, 316201000000, 
-7.591309218133232, -1.4702666337213723, -0.07421387611564928, 316206000000, 
-10.103027503602966, -4.960285930630901, -0.0711624227373216, 316212000000, 
-6.646374003822631, -1.0412116833061564, -0.06779177475119726, 316217000000, 
-7.442015306443621, -2.165966801962264, -0.06550436328101096, 316222000000, 
-9.413234699204176, -3.4656922979003557, -0.062350573121180315, 316228000000, 
-9.041541786384094, -3.3693532658198997, -0.058556991492357116, 316233000000, 
-11.67416588541289, -5.943639888732282, -0.05456137277107252, 316238000000, 
-2.512539542942883, 1.242175177557754, -0.05329813680044843, 316243000000, 
-12.992647288967845, -5.4732889333642225, -0.049083139984199275, 316248000000, 
-13.695751272806586, -11.504093255510774, -0.04650910896565189, 316253000000, 
-3.213820597791388, 6.415239320494964, -0.04392811929765799, 316258000000, 
-12.905873285017401, -10.351355243246784, -0.04064885650716921, 316263000000, 
-3.1236531158530587, 5.574537389474093, -0.037509116625896434, 316268000000, 
-2.8290141397651674, -0.610014195749853, -0.03580997985073832, 316273000000, 
-15.558875883163036, -6.922639089765892, -0.031141244278451757, 316278000000, 
-2.9259660317044585, -0.1598665153284574, -0.029397527358660695, 316283000000, 
-18.795675941866026, -10.200630316841876, -0.024154008204318535, 316288000000, 
-2.6324880512134334, 1.8778357867455628, -0.022249104173087064, 316293000000, 
-3.145092527802102, -1.1548010947276344, -0.02092814931446829, 316298000000, 
-21.376590084796014, -11.368248255104426, -0.01491342504715799, 316303000000, 
-2.6197847675563173, 1.878390471973402, -0.012815263029466766, 316308000000, 
-3.275701678720824, -1.1405273317238611, -0.011288976047859138, 316314000000, 
-20.17689041656445, -10.45586420888221, -0.004161564333838898, 316319000000, 
-2.4969214362857577, 2.2416191240456267, -0.0024080344992978005, 316324000000, 
-3.104865273243365, -0.911720558926978, -0.0007158781067855448, 316329000000, 
-4.072329007463336, -1.2540343117025847, 0.0010419204668477343, 316334000000, 
-32.781808734960435, -20.932252790749992, 0.007167651858529525, 316339000000, 
-2.4418431586533766, 3.6030258687454664, 0.010161389586311277, 316344000000, 
-3.0211816627530146, -0.8630253699264895, 0.011662580740642307, 316349000000, 
-4.009003314217423, -1.2112390703163836, 0.013675754085109633, 316354000000, 
-4.817308437654564, -1.4259480816544454, 0.016111523461198273, 316359000000, 
-28.471610777716485, -13.448416408361602, 0.024061599847053878, 316364000000, 
-2.306973518109455, -0.0071563571306288605, 0.025312585520333906, 316369000000, 
-3.4548572743992625, -0.9418750751653897, 0.02710753962612844, 316374000000, 
-4.375655028062825, -1.2102303340373703, 0.029047958826642732, 316379000000, 
-5.187150398950269, -1.5830327790092413, 0.03202849632871624, 316385000000, 
-24.91977036144037, -11.738847403694686, 0.040683668129508375, 316390000000, 
-2.7779387007615757, -0.17954618621737412, 0.04186894001267339, 316395000000, 
-3.7957289750392094, -0.968658130955258, 0.04435672625179597, 316401000000, 
-4.713940692554403, -1.3253403763144416, 0.04613099297223354, 316406000000, 
-5.335776465616294, -1.6512042460879965, 0.048568253039714036, 316411000000, 
-41.83531424841542, -43.96861643769987, 0.0541105038675413, 316416000000, 
-0.21670108738786878, 0.012051006132598404, 0.054706858860873044, 316421000000, 
-6.50243844705735, 11.618386112956202, 0.06048824484254423, 316426000000, 
-10.721213784046194, 16.141967451763797, 0.07013075105607924, 316431000000, 
-26.55440705781947, -21.276072132981568, 0.07516612413442113, 316436000000, 
0.012427046006968933, -0.017664207086772556, 0.0751952481145846, 316441000000, 
-1.5811557146836033, 1.0253299356975467, 0.0770553007959755, 316446000000, 
-18.51592734668408, -11.376804397026389, 0.0808938047384637, 316451000000, 
-11.702727216059488, -10.062450805208051, 0.083488794523021, 316456000000, 
-5.216098672820794, -10.526520229801314, 0.08270440006177161, 316461000000, 
-4.386186496587024, -9.00505186699194, 0.08194032840213052, 316466000000, 
-6.635761752670477, -13.41219168026586, 0.08167801215114735, 316471000000, 
-4.1634431723949135, -8.316895920890591, 0.08107082435463615, 316476000000, 
-5.848048698934315, -11.53254940405117, 0.08022828615860612, 316481000000, 
-5.714441967757731, -5.424997705436873, 0.08145695734593343, 316486000000, 
-10.854855916134209, -5.27306288871212, 0.08443915975249881, 316491000000, 
-6.87425724836417, -3.351688985207992, 0.08673381491340161, 316496000000, 
-9.671367028366085, -4.657457669364031, 0.08907732206884583, 316501000000, 
-6.867710700607512, -3.3112202839926597, 0.0903473421292332, 316506000000, 
-10.7808102033755, -5.24614736172311, 0.09391437755286075, 316511000000, 
-6.871274213375563, -3.2732925734474914, 0.09618284255838147, 316516000000, 
-9.80209798876217, -4.696051466031908, 0.09880201463604468, 316521000000, 
-6.86680861168387, -3.3167981355153118, 0.10090438453290049, 316526000000, 
-10.752184854599296, -5.144431413574166, 0.10373867780066556, 316531000000, 
-6.8478128213693825, -3.302596436937308, 0.10571829181275497, 316536000000, 
-9.891843874689851, -4.683058940963608, 0.10874678419620398, 316541000000, 
-6.890720439266731, -3.2430817319600185, 0.11078625571523434, 316546000000, 
-10.665531715116213, -5.032984534009806, 0.11380549419007564, 316551000000, 
-7.146317615837181, -3.328460972057416, 0.11715086432114534, 316557000000, 
-8.625607776365529, -4.035804890140273, 0.11902105314096435, 316562000000, 
-10.664865524953901, -4.977748286943085, 0.12171506579816985, 316567000000, 
-6.872710291128216, -3.2076113747228807, 0.12390667572097312, 316572000000, 
-10.010489476545624, -4.640747676784713, 0.1271206471825066, 316577000000, 
-6.899538417465096, -3.1857791062657217, 0.12893364220535694, 316582000000, 
-10.633579794180635, -4.9073194413223655, 0.13235621911584527, 316587000000, 
-6.922670138890848, -3.1547960466758025, 0.13453846973351527, 316592000000, 
-8.643568201028634, -3.957166470526164, 0.13663776011379705, 316597000000, 
-8.435846892779129, -3.8044131213686296, 0.13947794740818623, 316602000000, 
-10.592153435244168, -4.801365515875621, 0.14263884361414747, 316607000000, 
-8.451621571090971, -3.77346179537635, 0.14593799685099676, 316613000000, 
-6.91889992001241, -3.1230993738962947, 0.14756884875243914, 316618000000, 
-10.605529132515219, -4.741803020658709, 0.15076636889858258, 316623000000, 
-6.887541218933372, -3.0387091534076687, 0.1533495127785511, 316628000000, 
-10.220092685133876, -4.554397232162951, 0.15617704848340175, 316633000000, 
-6.937422665527638, -3.0847591135277344, 0.15827873992382074, 316638000000, 
-8.684858776849119, -3.8087661010372047, 0.16065499818568987, 316644000000, 
-9.958001631832078, -4.342376063574885, 0.16432982675351376, 316649000000, 
-7.580135459101598, -3.293967805894073, 0.16757379201296002, 316656000000, 
-8.604309858630515, -3.6778500740023006, 0.1705748497992024, 316661000000, 
-8.71758505053871, -3.7419483364376838, 0.1729858440739505, 316666000000, 
-10.56070307850618, -4.519135988729405, 0.17649215315507855, 316672000000, 
-8.612730473848433, -3.62561620124741, 0.17901905819280844, 316677000000, 
-8.806372618614677, -3.715364060363121, 0.18229830302770536, 316682000000, 
-8.744040082407746, -3.6757743156444125, 0.1843745907877888, 316687000000, 
-7.01497061420018, -2.905578548543015, 0.18672918795382626, 316692000000, 
-10.362305535756919, -4.283680744106741, 0.18972177481767669, 316697000000, 
-7.0185699548903955, -2.8838677901871126, 0.1919496855976932, 316702000000, 
-10.624437967947717, -4.360579532468282, 0.19520566683306614, 316707000000, 
-8.701685905037285, -3.558209234572445, 0.19812406382113798, 316712000000, 
-8.797453423720434, -3.5504212320844086, 0.20034010191707838, 316717000000, 
-7.059097498959625, -2.8222272879641883, 0.20259822185506923, 316722000000, 
-10.64643598844778, -4.203666026521851, 0.2059257691088521, 316727000000, 
-7.051352434355948, -2.7849060683504847, 0.20809407585912124, 316732000000, 
-10.462133549878276, -4.108320990066241, 0.21110448253903297, 316737000000, 
-7.041539067023086, -2.749842746770873, 0.21342376936889912, 316743000000, 
-8.898102582235008, -3.4494162720941564, 0.2167374098343542, 316748000000, 
-10.495827767842478, -4.07555566796224, 0.21975473530233505, 316753000000, 
-7.082705689108142, -2.6960350588774467, 0.22224364366460453, 316758000000, 
-10.670663232891467, -4.078851184271163, 0.2253958312366625, 316764000000, 
-8.82016337415166, -3.3209753660124397, 0.22856280181199626, 316769000000, 
-7.096259877329809, -2.6636739475606395, 0.2310130364477179, 316774000000, 
-10.697526973244882, -3.9969814803949135, 0.23426421230092112, 316779000000, 
-8.8862512897002, -3.28153543627831, 0.23644761854449786, 316784000000, 
-8.84270205174498, -3.2483526271423733, 0.2393308281893934, 316789000000, 
-7.133903773607624, -2.600620265234833, 0.2419762987182291, 316795000000, 
-8.934887408321009, -3.2082594147363634, 0.24535353398997214, 316801000000, 
-8.922912246104325, -3.2059440871429423, 0.24805479694012877, 316806000000, 
-8.891627676024282, -3.1526929930822956, 0.25077454028974316, 316811000000, 
-8.953220676688478, -3.1334167265385693, 0.2544154122295669, 316817000000, 
-8.902973336582354, -3.0722818123255657, 0.2580387484941212, 316822000000, 
-10.776627476043192, -3.7242881138109567, 0.2612658353399272, 316827000000, 
-7.207955418932621, -2.435575178247492, 0.26333575943485354, 316832000000, 
-10.701436532019473, -3.640547370391979, 0.2670029711248024, 316837000000, 
-7.193322853928797, -2.4024533674693935, 0.26956701299726576, 316842000000, 
-10.811349684179923, -3.600736343092876, 0.27323012011851566, 316847000000, 
-8.991297022930732, -2.957762396606171, 0.27670636925582565, 316852000000, 
-8.977514335556041, -2.917380784944419, 0.2790406395583642, 316857000000, 
-8.990152650462566, -2.9282406985784246, 0.28089575203473677, 316862000000, 
-9.028102583922008, -2.9053197032313793, 0.284722799375318, 316867000000, 
-7.253991365848449, -2.2879451313379193, 0.2871893504653047, 316872000000, 
-10.778777856379245, -3.392628241641213, 0.29043427483061185, 316877000000, 
-9.03155927688443, -2.8557275562267335, 0.29442129987891724, 316882000000, 
-9.02831942084582, -2.8100703883591223, 0.2966747860628088, 316887000000, 
-7.241690856760214, -2.21261417777034, 0.2994943095103669, 316892000000, 
-9.030269666914766, -2.742020026909968, 0.3028040339048971, 316897000000, 
-9.077430321754223, -2.7471749086754196, 0.30575940684371267, 316902000000, 
-10.926386100374717, -3.266130871518967, 0.3091410282498047, 316907000000, 
-7.314612164197283, -2.1392599373662833, 0.31156953299244744, 316912000000, 
-10.873632543807526, -3.1842901829821435, 0.3156420637749264, 316917000000, 
-7.274973185664866, -2.1329266698330605, 0.31781821667148263, 316922000000, 
-10.94545980073104, -3.1505310442580994, 0.32111464705881443, 316927000000, 
-7.3232157571310195, -2.073577611790003, 0.32408480253941696, 316932000000, 
-10.946189818492243, -3.1009502589812605, 0.3274994163694928, 316937000000, 
-9.168239853668894, -2.53976656516792, 0.331672792322822, 316942000000, 
-9.145163814225254, -2.547749096740017, 0.33414566454793754, 316947000000, 
-7.310935345964782, -2.005182610496131, 0.3365987591926623, 316952000000, 
-10.961893022634365, -2.9363611776768, 0.34028858162774905, 316957000000, 
-7.3208505679627445, -1.9486530704397507, 0.34299123784007335, 316962000000, 
-10.997706026392752, -2.889897274254933, 0.346598137275157, 316967000000, 
-7.395018552879484, -1.893004378007144, 0.3494794875844614, 316972000000, 
-11.016181610016103, -2.840297142854722, 0.35279181980329266, 316977000000, 
-7.386063773851165, -1.8616464491334694, 0.35581082128779074, 316982000000, 
-9.202136731539744, -2.328637963980377, 0.35943894806969645, 316988000000, 
-11.012357941955225, -2.744484651313587, 0.36326186200157295, 316993000000, 
-7.4052468602075745, -1.8276902525986023, 0.36582075717596363, 316998000000, 
-11.06335518390686, -2.6735316394003585, 0.3696523686302961, 317003000000, 
-7.391256975924697, -1.752016736757066, 0.3722684465112707, 317008000000, 
-11.05000060084734, -2.608945646378908, 0.3762018384022267, 317013000000, 
-7.438508392411183, -1.7517227466349805, 0.3786538586169867, 317018000000, 
-11.1010117303297, -2.5665829875690847, 0.3824825874271882, 317023000000, 
-7.949316435525309, -1.7868072077725292, 0.38631145968762814, 317029000000, 
-9.281020624305242, -2.086574422892334, 0.3889074847483618, 317034000000, 
-9.301151091731816, -2.1018282129740284, 0.39157220643067503, 317039000000, 
-9.295808859064229, -2.049830579385054, 0.3955524029682356, 317044000000, 
-11.161737853822244, -2.4188857871715204, 0.3994547492937213, 317049000000, 
-9.317225757622529, -1.9720026090743534, 0.40320158135390544, 317055000000, 
-9.28398696477486, -1.9703803348213509, 0.40742430373711375, 317060000000, 
-9.305813764034292, -1.9327037855801643, 0.4100582137678444, 317065000000, 
-9.317973157410375, -1.8859947166866473, 0.41392222725716943, 317071000000, 
-7.468619420571126, -1.513178737663393, 0.41683150374841643, 317076000000, 
-11.170340486490195, -2.2391825488220007, 0.4203691986247152, 317081000000, 
-9.381659743785734, -1.840167506810147, 0.4247669355150843, 317086000000, 
-9.366658003049515, -1.8079739001389377, 0.42722034581631024, 317091000000, 
-9.32854317449744, -1.7934412367724202, 0.43014152149399687, 317096000000, 
-9.36780041896671, -1.7423889460002735, 0.4340845385102565, 317101000000, 
-7.496189351922403, -1.427104258948497, 0.4364121890730615, 317106000000, 
-11.20269806586717, -2.031914711021393, 0.4406616382026886, 317111000000, 
-7.509094068999293, -1.3602026599233452, 0.4435472894534298, 317116000000, 
-11.222150702031309, -1.9972303105199982, 0.44770488060285735, 317121000000, 
-7.50543691303579, -1.3136525748443342, 0.4499495971327497, 317126000000, 
-11.237061678695744, -1.9402295480134029, 0.45411453676168745, 317131000000, 
-9.375100784276677, -1.59509852711953, 0.45876888738586147, 317137000000, 
-8.051662255011388, -1.3371731214598233, 0.46283040056977737, 317143000000, 
-12.48101367737065, -2.0691178039187386, 0.4657099266370062, 317148000000, 
-31.715506341194708, 27.58946570204591, 0.48942140441624893, 317153000000, 
-11.056526055372236, 6.781234547890786, 0.4973460265527668, 317158000000, 
-10.10262625409252, 1.1189519084724557, 0.5010194534993374, 317163000000, 
-9.680819299928686, -1.579510215347845, 0.5044105770205042, 317168000000, 
-9.65660425067719, -1.5105020581909414, 0.5077736413451311, 317173000000, 
-9.671586068002071, -1.495798810871233, 0.5115799522892963, 317178000000, 
-9.68607106156371, -1.4629186441770201, 0.515384080564891, 317183000000, 
-9.684782084322507, -1.4430324978256879, 0.5187372530706229, 317188000000, 
-9.699233821542103, -1.4132320238105465, 0.5222980155918331, 317193000000, 
-9.71452473148209, -1.399444306160228, 0.5260369553768877, 317198000000, 
-9.698173100124286, -1.3751483871877526, 0.5294600005492237, 317203000000, 
-9.6737070185969, -1.3708123948351043, 0.533504499858826, 317208000000, 
-9.710342685948376, -1.336311330144728, 0.5372246439417099, 317213000000, 
-9.699693080164783, -1.3101136392312964, 0.5407502683406622, 317218000000, 
-9.696645808501751, -1.260720610474142, 0.5445392567340313, 317223000000, 
-9.690075889769078, -1.2628988104292358, 0.5485042350093925, 317228000000, 
-9.729889167175992, -1.2443475781184021, 0.5524713484919042, 317233000000, 
-9.705822698427312, -1.2336301623467563, 0.5555567985289963, 317238000000, 
-9.699063240297914, -1.2188895997656384, 0.5591677955986414, 317243000000, 
-9.676005380797067, -1.1584594497246081, 0.5629057627489126, 317248000000, 
-9.72591546175169, -1.1788199254154936, 0.5668061415284915, 317253000000, 
-9.707153195168713, -1.1092863357248877, 0.5703713438595193, 317258000000, 
-9.705458928607467, -1.094518718323273, 0.5738587073734267, 317263000000, 
-9.697868214007812, -1.104610503864735, 0.5779169311597385, 317268000000, 
-9.687581434441391, -1.0734623360233695, 0.5813490748572981, 317273000000, 
-9.720007863411283, -1.0811570404054673, 0.5849491428554369, 317278000000, 
-9.673478896777631, -1.0543400476841467, 0.5883360906605231, 317283000000, 
-9.687359366707145, -1.004922200504748, 0.5923203946319575, 317288000000, 
-9.69702810515652, -1.009377887557751, 0.5962789957321146, 317293000000, 
-9.680964458278352, -1.0114456731497123, 0.6000480301188462, 317298000000, 
-9.70874282098276, -0.995493922279576, 0.603902134165302, 317303000000, 
-9.682160439366266, -0.9314239216680285, 0.6073912629683661, 317308000000, 
-9.639060390945145, -0.9343813603422351, 0.6108608602972156, 317313000000, 
-9.681601977583451, -0.9179715610210595, 0.6144471080815186, 317318000000, 
-9.648726636427766, -0.8629091820437578, 0.618682831531414, 317323000000, 
-9.663008878474228, -0.8246993869589182, 0.6221196808852799, 317328000000, 
-9.644346018598052, -0.8691248287936862, 0.6266065813608934, 317333000000, 
-9.644038073366609, -0.8317541345444478, 0.6297324258283444, 317338000000, 
-9.674710951358644, -0.8138492416582281, 0.6331296955204185, 317343000000, 
-9.646735592402356, -0.779466814017177, 0.6376532982807318, 317348000000, 
-9.66390326705478, -0.7816643435309066, 0.6405758577526927, 317353000000, 
-9.636812217235121, -0.7492831723126313, 0.6448818124983715, 317358000000, 
-9.631352316114164, -0.7543265111856137, 0.6482902244398882, 317363000000, 
-9.611497696008986, -0.7468456896919331, 0.6527812486997258, 317368000000, 
-9.61236374428546, -0.7178208055532312, 0.6554578233271671, 317373000000, 
-9.606343718941185, -0.6724633315602312, 0.6591440071929109, 317378000000, 
-9.616365592408012, -0.692478529436979, 0.6647635025800215, 317384000000, 
-9.594137006107138, -0.6389539467041765, 0.6677050171774296, 317389000000, 
-9.61795987181464, -0.6436232024508365, 0.6713058046256655, 317394000000, 
-9.570882174432121, -0.6482468888678153, 0.675110811637146, 317399000000, 
-9.589516783928705, -0.6192759731222284, 0.6789917075054953, 317404000000, 
-9.549585786917554, -0.5625419321559466, 0.6824510418607909, 317409000000, 
-9.542483406965806, -0.5886264162350168, 0.6873622473727218, 317414000000, 
-9.517868574962634, -0.5572983378581613, 0.6901486989450977, 317419000000, 
-9.520712945526725, -0.5469327069892918, 0.6938749031707373, 317424000000, 
-9.538777606831937, -0.510419607487975, 0.6977756915506967, 317429000000, 
-9.525592823030257, -0.5261884315349397, 0.7012124794851141, 317434000000, 
-9.494283709010302, -0.4938858268369199, 0.7053512781536313, 317439000000, 
-9.508911311598332, -0.5180367582788746, 0.709128901656417, 317444000000, 
-9.457099260857593, -0.5036286685334627, 0.7132053941627353, 317449000000, 
-9.479193132402226, -0.4950719493490622, 0.71726623445612, 317454000000, 
-9.491584370301972, -0.4428337005774069, 0.720403536212713, 317459000000, 
-9.477873111768051, -0.4478621439034034, 0.7238243223691964, 317464000000, 
-9.428297092515942, -0.3948042651291316, 0.7283534392872061, 317469000000, 
-9.413221480239997, -0.43193190418891336, 0.7322813091756267, 317474000000, 
-9.435457229347172, -0.40324116089586615, 0.7358017113758383, 317479000000, 
-9.425064153316418, -0.39355546947177805, 0.7400425620759193, 317484000000, 
-9.40040091163678, -0.3707190748301427, 0.7443056124218528, 317490000000, 
-9.387879508043346, -0.34814349521416615, 0.748072765435141, 317495000000, 
-9.34821391897325, -0.3643038385914224, 0.751600804642297, 317500000000, 
-9.34012471346945, -0.32053727691216455, 0.7569600579679017, 317508000000, 
-9.33116971927481, -0.3245355212088232, 0.7612338865147461, 317513000000, 
-9.30589090859876, -0.31418832539890074, 0.765610491017944, 317518000000, 
-9.287534512330152, -0.30722502164302107, 0.7692169901047428, 317523000000, 
-9.292168774667259, -0.2773417281763546, 0.771988607137783, 317528000000, 
-9.292875145194756, -0.27547556570602005, 0.7767385144440103, 317533000000, 
-9.245920118271588, -0.25704925827154623, 0.7802246714072641, 317538000000, 
-9.238751396425844, -0.2487346430617597, 0.7840990029788832, 317543000000, 
-9.222762933904557, -0.253393480068293, 0.7878410292143545, 317548000000, 
-9.226093120350722, -0.23530160896413083, 0.7913236790162581, 317553000000, 
-9.215594724974574, -0.19998253037676988, 0.7954779478020222, 317558000000, 
-9.186927665817201, -0.20481687453826194, 0.7991841934689062, 317563000000, 
-9.177266593064513, -0.18805323954486938, 0.8031643592910075, 317568000000, 
-9.170648312646343, -0.1571249614320277, 0.8069438676997349, 317573000000, 
-9.148067967855129, -0.20021098785928415, 0.8105288906051592, 317578000000, 
-9.148319547375346, -0.1716054563910313, 0.8141568265871761, 317583000000, 
-9.097220046995819, -0.14952800620466514, 0.817927943973532, 317588000000, 
-9.114311977845384, -0.16227440434449547, 0.8215926060616362, 317593000000, 
-9.067690603116423, -0.15182643079101785, 0.825056785625702, 317598000000, 
-9.026953981248656, -0.12542516592370195, 0.8298323619215004, 317603000000, 
-9.017617799867253, -0.1400620852165541, 0.8323201701774373, 317608000000, 
-9.030965549295768, -0.14305294747730013, 0.8380074774714421, 317614000000, 
-9.007353554183952, -0.10521503930923508, 0.8415274244358454, 317619000000, 
-8.97947658696165, -0.09856975078801411, 0.8445721303034404, 317624000000, 
-8.94423206991015, -0.13771396283701587, 0.84815704641568, 317629000000, 
-8.932428300869722, -0.09784854927174148, 0.8524394032446689, 317635000000, 
-8.93127004214795, -0.03940000083595798, 0.8561490217886992, 317640000000, 
-8.907118481926133, -0.09600571878646205, 0.8595906495142054, 317645000000, 
-8.881166174637015, -0.07224026846413158, 0.8635773032418423, 317650000000, 
-8.88927226110645, -0.10019659906273687, 0.8667540376381366, 317655000000, 
-8.85660738514028, -0.09909300470655734, 0.8709195200355172, 317661000000, 
-8.825282803567374, -0.015680602234795525, 0.8725091623540292, 317666000000, 
-8.792322962836183, -0.07978125533925255, 0.8784194453054264, 317671000000, 
-8.79371115385582, -0.05433085677995255, 0.8819518379531623, 317676000000, 
-8.74546422095863, -0.05669200014552307, 0.8848258618866713, 317681000000, 
-8.7501640921555, -0.06511156964361985, 0.88877904205368, 317686000000, 
-8.702919298673818, -0.01512843108099134, 0.8909590359559164, 317691000000, 
-8.70131248104686, -0.010002992661638808, 0.8956138229492391, 317696000000, 
-8.706863955247092, -0.03856413197351736, 0.900347980383805, 317701000000, 
-8.640564999038785, -0.034184713332037694, 0.9035040791346921, 317706000000, 
-8.658017010584535, -0.028294164134731434, 0.9070025062262809, 317711000000, 
-8.63420560685228, -0.07571449004708751, 0.9101426068671064, 317716000000, 
-8.597910916991676, -0.013359233703142112, 0.9142410040705493, 317722000000, 
-8.565815639706134, 0.009977715044616885, 0.9182646655911372, 317727000000, 
-8.544784118618358, -0.021346716139422666, 0.9226816598852636, 317732000000, 
-8.484486053357864, -0.024563189255722175, 0.9270050726181127, 317740000000, 
-8.497383342259715, 0.0016567633712143495, 0.931471061954708, 317745000000, 
-8.47229460442693, -0.06298679594466164, 0.9341877755272076, 317750000000, 
-8.470368920248415, 0.0007286218633630742, 0.9391021289331664, 317755000000, 
-8.404307776220332, -0.02778962387893357, 0.9413629258654506, 317760000000, 
-8.41814491367398, -0.017464215438081642, 0.9452893511307571, 317765000000, 
-8.397146457504537, -0.000490828954446668, 0.9487082765282496, 317770000000, 
-8.361721300202708, -0.028599766078186047, 0.9522576612142521, 317775000000, 
-8.311869969106995, 0.0015167381170567776, 0.9554800982828091, 317780000000, 
-8.301757395739532, -0.019101490649999827, 0.9592739714822179, 317785000000, 
-8.274167449184203, -0.014804752035663695, 0.9633804446639624, 317790000000, 
-8.250689217262535, 0.017652711902803285, 0.9660053200376797, 317795000000, 
-8.206429628760073, -0.00011103236170889597, 0.96973376597203, 317803000000, 
-8.18012473242542, -0.01321076556655796, 0.9747424344819808, 317809000000, 
-8.150445825211802, -0.003902857559979298, 0.9790596204529938, 317813000000, 
-8.127402877736468, -0.027724270526560506, 0.9818406342671568, 317818000000, 
-8.141096914938585, -0.023560907908547122, 0.9851940842789213, 317823000000, 
-8.051402617583298, -0.0533424350162989, 0.9890048002371754, 317828000000, 
-8.061316702350782, -0.002556078060570996, 0.99155351678133, 317833000000, 
-8.041537656215755, -0.06525607239954154, 0.9965284330222883, 317840000000, 
-8.000344339305522, -0.05004556479966873, 1.0000318565935675, 317845000000, 
-7.985789518963053, -0.02067862155328563, 1.0036811915041817, 317850000000, 
-7.9329710469264265, -0.03672513636338079, 1.0059653678514093, 317857000000, 
-7.881974125309186, -0.0371257419286636, 1.0104928217686757, 317862000000, 
-7.854002532776954, -0.04986471465468944, 1.0145218181266384, 317868000000, 
-7.830012176831131, -0.06536250042647311, 1.0171866444382094, 317873000000, 
-7.803721449818514, -0.08823566027775978, 1.0215369084778938, 317878000000, 
-7.787565010680339, -0.06963408312737125, 1.024650307633898, 317883000000, 
-7.785242071461424, -0.07957031414097045, 1.0288275955963253, 317889000000, 
-7.724511115210096, -0.08862082537832931, 1.0348889689933798, 317899000000, 
-7.682996307513257, -0.09541442068967913, 1.0385374285482654, 317904000000, 
-7.599199571748207, -0.10029697663418262, 1.041214850578809, 317909000000, 
-7.592292885235035, -0.09080842975517844, 1.0442297090476291, 317914000000, 
-7.555697407272577, -0.08777109446937659, 1.0475672148435728, 317919000000, 
-7.544075543499859, -0.12509727661942177, 1.0500335210628309, 317924000000, 
-7.521325648157594, -0.13632847543612375, 1.0536567487611754, 317929000000, 
-7.514349299616638, -0.1528898403995439, 1.0561956689115797, 317934000000, 
-7.469534612398511, -0.12070394460340605, 1.0593096867585106, 317940000000, 
-7.445096167143559, -0.16219947891195824, 1.0623371674545203, 317945000000, 
-7.396478050023937, -0.1510728402703076, 1.0658927468116637, 317950000000, 
-7.369636052584222, -0.13250634879916146, 1.0691208171748225, 317955000000, 
-7.377647077138236, -0.16168544848283192, 1.0711921820616523, 317960000000, 
-7.332086940298742, -0.19253941030014823, 1.0753968024630287, 317966000000, 
-7.268590702307269, -0.22088931481846702, 1.0799117005626886, 317972000000, 
-7.25364201157372, -0.24096173640656704, 1.0822455600341976, 317977000000, 
-7.197334605252109, -0.22290253793744397, 1.0854088044436063, 317982000000, 
-7.186121117025407, -0.2108027381639936, 1.0880274349920591, 317987000000, 
-7.172784198464104, -0.2253640242352533, 1.0908648811721828, 317992000000, 
-7.098468464649047, -0.25432231908406144, 1.0933585829493828, 317997000000, 
-7.09207873306785, -0.22337369670655383, 1.096482431356891, 318002000000, 
-7.047896788790311, -0.2080093351536809, 1.0992637208111724, 318007000000, 
-7.016562019452518, -0.26046923349222856, 1.1030754377288858, 318012000000, 
-6.997300133035169, -0.3100969288655573, 1.1051717597871442, 318017000000, 
-7.003999703221974, -0.3200460226523949, 1.10843567746206, 318022000000, 
-6.9162190014957226, -0.2940352674795132, 1.111530666002239, 318027000000, 
-6.9169362360241555, -0.30655517982332037, 1.1134165634696804, 318032000000, 
-6.896304338048951, -0.33346781035889883, 1.1165387528075588, 318037000000, 
-6.863218438319774, -0.322971684784328, 1.1190265733538793, 318042000000, 
-6.790617414069789, -0.3718013733588226, 1.1220306713581791, 318047000000, 
-6.7760708709205595, -0.36384068639450695, 1.1249683567681363, 318052000000, 
-6.734997193973382, -0.37674598179258306, 1.12706638021739, 318057000000, 
-6.709593603877483, -0.40382840728999764, 1.131921429763216, 318064000000, 
-6.639265709956911, -0.4361273726012774, 1.1347958588970442, 318070000000, 
-6.6557257709248, -0.40794753717235843, 1.1378437841260471, 318075000000, 
-6.585584628037014, -0.41968726788328836, 1.1403990098417929, 318080000000, 
-6.538262935753022, -0.46764932007101573, 1.1432156523274415, 318085000000, 
-6.536981809452728, -0.4336657013758113, 1.146225103349725, 318091000000, 
-6.511550182120043, -0.48238320191807704, 1.147880376304131, 318096000000, 
-6.4793341792376795, -0.4870914587683828, 1.1509112205320153, 318101000000, 
-6.458351805863375, -0.498423147406657, 1.1545866216042278, 318106000000, 
-6.374263135281418, -0.5417613492893061, 1.1570132143088139, 318111000000, 
-6.363033918068511, -0.549255515267097, 1.1593133541712974, 318116000000, 
-6.323265305519925, -0.55634185056213, 1.1614195378789147, 318122000000, 
-6.320603893336157, -0.5981307014026012, 1.1648204073265491, 318127000000, 
-6.263611625935125, -0.5957811073859642, 1.1670415185086231, 318132000000, 
-6.242184019228235, -0.6026713464782889, 1.170028862759677, 318137000000, 
-6.170056397871263, -0.6280959556615716, 1.171349896638702, 318144000000, 
-6.1635727019025195, -0.639046392976175, 1.175884603465936, 318150000000, 
-6.083632364727644, -0.6931991585668666, 1.1784163630235032, 318155000000, 
-6.063863170309476, -0.6761042551980572, 1.181166938668161, 318160000000, 
-6.016652395816388, -0.7088452721385026, 1.1832190263497675, 318165000000, 
-6.005922070236422, -0.7480724800354587, 1.1854785312419511, 318170000000, 
-5.9538208838617415, -0.7381034050011277, 1.186698841672263, 318176000000, 
-5.893826629657956, -0.7595240848957168, 1.1916064745394248, 318184000000, 
-5.870493956905849, -0.7931457270155001, 1.1952531343606003, 318190000000, 
-5.845886690153616, -0.79817974467855, 1.1968858836335188, 318195000000, 
-5.812659070364421, -0.8412396792793163, 1.2001248991491096, 318202000000, 
-5.77035741424987, -0.8402503148417301, 1.2020541890067993, 318207000000, 
-5.737258504668867, -0.8804485297117141, 1.204393992313853, 318212000000, 
-5.672039468688235, -0.9024771677660923, 1.2064424140135777, 318217000000, 
-5.663719851883112, -0.8986860925529265, 1.207909233196966, 318222000000, 
-5.6511430693920905, -0.8961154482862089, 1.2106297280216243, 318227000000, 
-5.588608101267037, -0.9436770540051466, 1.2117415449472482, 318232000000, 
-5.543819888506295, -0.9472149346609637, 1.214545159459622, 318237000000, 
-5.525934445478073, -0.9605763698513369, 1.2165833244189541, 318242000000, 
-5.509955410533221, -1.0011719939506873, 1.2184369837688118, 318247000000, 
-5.4456200251566065, -1.0092821244119974, 1.2206947687391885, 318252000000, 
-5.435364773997893, -1.0319230376618451, 1.222297416256924, 318257000000, 
-5.418951591437998, -1.0656202931472338, 1.224575749919031, 318262000000, 
-5.361778705606714, -1.0840800133969715, 1.2273031635478668, 318269000000, 
-5.307303009612824, -1.1028025808684914, 1.2290993083638881, 318274000000, 
-5.296439623898938, -1.1273763986382728, 1.2304462555904176, 318281000000, 
-5.270996370439688, -1.1553416319208778, 1.233298198074772, 318286000000, 
-5.216252002660509, -1.1627663529268268, 1.2352121776427445, 318291000000, 
-5.158733544126437, -1.20049177288627, 1.2370281076486527, 318296000000, 
-5.117426197478923, -1.2616959478664767, 1.2389425654758313, 318301000000, 
-5.094461280426434, -1.2360434494020567, 1.2409404866561866, 318306000000, 
-5.081685127640597, -1.287063258574761, 1.2424579395109452, 318311000000, 
-5.009240945973888, -1.2842716428693273, 1.2451016829710047, 318316000000, 
-5.000845574265495, -1.305583120923728, 1.2464516388600755, 318321000000, 
-4.978372781707006, -1.3254258903626037, 1.2479524817147614, 318326000000, 
-4.921708689316048, -1.3258099323827954, 1.2497561125825716, 318331000000, 
-4.880074925200531, -1.387433325324194, 1.2514487349867254, 318336000000, 
-4.851102010523845, -1.414864942514083, 1.2532347624153042, 318341000000, 
-4.814977579380188, -1.4298183087470822, 1.2549501341996967, 318346000000, 
-4.777606227668891, -1.4392392149290545, 1.256292146648135, 318351000000, 
-4.748949510091457, -1.4804088906542292, 1.2579072590523415, 318356000000, 
-4.729916044080583, -1.4732438375989951, 1.2594456836983914, 318361000000, 
-4.707031696301468, -1.5367094394516894, 1.2612220691568696, 318366000000, 
-4.659968032896718, -1.530727560877296, 1.263143362419796, 318371000000, 
-4.631158954865868, -1.572712445418948, 1.2642835288045333, 318376000000, 
-4.567389482451486, -1.5996109761431478, 1.2665234388445104, 318382000000, 
-4.5265468958906485, -1.6071697547801236, 1.2676708403921568, 318387000000, 
-4.508815330631188, -1.6508408981623777, 1.2696414635658764, 318392000000, 
-4.4848662072752745, -1.6611372851903947, 1.2710120319027376, 318397000000, 
-4.469026126320943, -1.6733177454349093, 1.2723802794912766, 318402000000, 
-4.445536110432926, -1.7308615340624254, 1.2738941888308921, 318407000000, 
-4.384560285792036, -1.7887303206119447, 1.2758338953781536, 318412000000, 
-4.348520905805764, -1.7694251825467928, 1.2767277688435368, 318417000000, 
-4.315480921823926, -1.8129740079664554, 1.2787391005480864, 318422000000, 
-4.296353776380631, -1.8189443838385504, 1.2801960402547645, 318428000000, 
-4.252533144623245, -1.8162043213469563, 1.2814716060776963, 318433000000, 
-4.188517177131174, -1.8657261622280006, 1.2828556217727958, 318438000000, 
-4.192401279000747, -1.8720493429272622, 1.2841920370868698, 318443000000, 
-4.140452166236573, -1.9199791277793452, 1.2857383070361244, 318448000000, 
-4.094511727554614, -1.960558604488747, 1.286764186049621, 318454000000, 
42.48155449118419, 2.9832779076206206, 1.2611080282293057, 318459000000, 
9.714552567756432, 1.4311981404600616, 1.2541772572187067, 318464000000, 
-6.559849272911699, -1.408275060337037, 1.2556999068097996, 318469000000, 
-6.155660105725618, -1.5744099005310017, 1.257905914081799, 318474000000, 
-4.572241450441345, -1.4851387445904676, 1.2593637391921024, 318479000000, 
-4.092982545040081, -1.4571748801615374, 1.2601402618966722, 318484000000, 
-4.013208291646865, -1.442866425063805, 1.261162175277203, 318489000000, 
-3.920870014430511, -1.5193660696000506, 1.2623375861032848, 318494000000, 
-4.2606202647734825, -1.3072572984058268, 1.2636532589359502, 318499000000, 
-1.4325704858365775, -1.5705158644433703, 1.2636743193002697, 318504000000, 
-3.099002097895452, -1.3338268065362746, 1.2643156013971095, 318510000000, 
-3.7236198870143675, -1.7900331799747908, 1.2656352786627802, 318515000000, 
-6.793884153908183, -1.1297046565838411, 1.268282968881497, 318520000000, 
2.5808449986426294, -1.8788286188696885, 1.266867398066807, 318525000000, 
-12.777844519329392, -1.191951685048878, 1.2718245281557161, 318530000000, 
5.207271438540103, -1.8131846906620814, 1.2687042312917676, 318535000000, 
-2.3086099425859867, 0.5649361992757104, 1.270092788640082, 318540000000, 
-8.594228202254836, -4.463256982812792, 1.2705544754769424, 318545000000, 
0.8007184795417277, 0.03604142443457726, 1.270027768853833, 318550000000, 
-2.72358190637076, -0.022228299922839877, 1.271839408097626, 318555000000, 
-12.54340944163584, -6.129978160104004, 1.2733756754384242, 318560000000, 
4.1048024150422195, 0.6186498555567524, 1.2712782752851783, 318565000000, 
-2.451067891501081, -0.2460042410006875, 1.2723841385008368, 318570000000, 
-2.3607369935367406, -0.5295464662253744, 1.2740774283387988, 318575000000, 
-18.69389620875474, -9.946347342267034, 1.2763816005859707, 318580000000, 
9.412342104297595, 2.93388387058932, 1.27216026864176, 318585000000, 
-2.215319606912909, -0.4898116271256574, 1.273333502691274, 318590000000, 
-2.6358645622387376, -0.7515521810430684, 1.2749249026902427, 318595000000, 
-2.0652540968996744, -0.7754655553378959, 1.2756391520581007, 318600000000, 
-2.0453787063970528, -0.9601118785476863, 1.2768566100279515, 318605000000, 
-16.27030899437445, -11.508212874947562, 1.2762401482698484, 318610000000, 
6.425173543919679, 2.8594462533723113, 1.2737722316182756, 318615000000, 
-2.9221068703141393, -1.1802033567407688, 1.2752723058277269, 318620000000, 
-2.443918983284903, -1.0591057541195323, 1.2768197102638994, 318625000000, 
-1.9347914324088193, -0.9429918942076058, 1.2772823313314818, 318630000000, 
-1.991880811817237, -1.1029284301249285, 1.2782900454118777, 318635000000, 
-2.100371826758771, -1.3227939376216429, 1.2795945521735264, 318640000000, 
-2.273869521060081, -1.521183455432609, 1.281087540501899, 318645000000, 
-25.690410729126622, -19.90409461663197, 1.2818583422553893, 318650000000, 
14.54754313957139, 8.140925433626043, 1.275650856660533, 318655000000, 
-2.013983402312368, -1.0125185206663905, 1.2765087525954633, 318660000000, 
-2.6615895667917258, -1.4068312001069005, 1.2793555874758344, 318667000000, 
-1.8134044885371636, -1.1988218187625974, 1.280639909692735, 318674000000, 
-1.908411276025506, -1.4051247062263998, 1.2814023775484424, 318680000000, 
-2.0713569901349107, -1.620166543616914, 1.2827437825543926, 318685000000, 
-2.19559107316246, -1.8631737733218858, 1.2844220082087823, 318691000000, 
-2.2624721116236777, -2.004557296617451, 1.2855264042684704, 318696000000, 
-2.333795295544701, -2.151199844985479, 1.2862728568099477, 318701000000, 
-7.478727634369727, -4.893503995862098, 1.2887854958816647, 318706000000, 
-3.2256222364631264, -4.060898216447834, 1.2890779684393832, 318711000000, 
-2.062326856767398, -3.5671504165802004, 1.289529302017438, 318716000000, 
-2.7961162932818557, -3.5006739615648863, 1.2891015871091738, 318721000000, 
0.22845231461276477, -1.995231766707519, 1.2891185106843077, 318726000000, 
-2.0978910523215606, -1.6981524699884192, 1.2900682022477745, 318731000000, 
-2.544992948510044, -1.972839440418352, 1.291149328984447, 318736000000, 
-2.1612966197681898, -2.107058608848601, 1.2925822573944803, 318741000000, 
-5.5235824009878725, -3.6027235452656696, 1.294873700797464, 318746000000, 
-3.3935574880727026, -4.475855380129812, 1.2952887609313368, 318751000000, 
0.5876142218753526, -2.6901791927786483, 1.2943892005057651, 318757000000, 
-1.8216319481736338, -2.0317870387903647, 1.2953866837518084, 318762000000, 
-2.4830332611961405, -2.2696967193317086, 1.2967889622429583, 318767000000, 
-2.120600281468873, -2.3702748038285786, 1.2981223096455963, 318772000000, 
-5.820744386753411, -4.95190905226957, 1.2991907986805846, 318778000000, 
0.7317170587075775, -3.225177977425999, 1.298360792824972, 318783000000, 
-1.0106866631409275, -2.1389783261758626, 1.2990533588250266, 318788000000, 
-2.378502068704607, -2.415868901450375, 1.3004320267180838, 318794000000, 
-2.0352455425576848, -2.6036991357970947, 1.3012390020333626, 318799000000, 
-6.199756391762621, -4.585199088724847, 1.3030857136554106, 318804000000, 
-2.5652336166363696, -5.130642026429038, 1.302959863349793, 318809000000, 
0.9113382555262287, -2.055194273633562, 1.3025840813197092, 318814000000, 
-2.3343598108845294, -2.6419453689724555, 1.3031845187089468, 318819000000, 
-2.180251069087802, -2.7292490255502213, 1.3044815930269884, 318824000000, 
-1.8920173787733376, -2.822792102097937, 1.3054593364646168, 318829000000, 
-1.8422180807401876, -2.9427908195442445, 1.3057205858435497, 318834000000, 
-6.0907502380091065, -5.887838797670028, 1.3078245795298753, 318840000000, 
1.2705403051757542, -2.806168320175562, 1.306775322552105, 318845000000, 
-1.9516323212556486, -2.86732734070967, 1.3076854356635805, 318850000000, 
-2.06943702016085, -2.99173129792241, 1.3083050698445773, 318855000000, 
-1.8638062345892144, -3.084043716740614, 1.3086282441903028, 318860000000, 
-2.9775853414995073, -3.7623206487462473, 1.3105622185865236, 318867000000, 
-2.0218523999717357, -5.435284458364235, 1.3112421763126259, 318872000000, 
0.37815563470038743, -2.7708390366565925, 1.3107111329263854, 318877000000, 
-2.058185669581207, -3.1956418960524617, 1.3115273866403292, 318882000000, 
-1.9534012586703713, -3.284279468669098, 1.3123713028435158, 318887000000, 
-1.7523991849894043, -3.3372376013672387, 1.313314148556166, 318892000000, 
-1.6807284001094112, -3.4532442410669275, 1.3138671976765548, 318897000000, 
-1.6799384588291133, -3.5102248867003323, 1.3142577548027903, 318902000000, 
-1.6786301653266076, -3.6067347178059594, 1.31525237508186, 318907000000, 
-4.994402620030652, -5.540749421452534, 1.3165979006818265, 318912000000, 
1.1676535493570164, -3.701886412660745, 1.3153682803548967, 318917000000, 
-1.4019958858029282, -3.4563577619701937, 1.3161810253626778, 318922000000, 
-1.9101998767049264, -3.602733747261214, 1.3171664188813863, 318927000000, 
-1.7037692312303725, -3.6884656071770956, 1.317580448335701, 318932000000, 
-1.6516402403750834, -3.720200633050838, 1.3185990795731026, 318937000000, 
-1.5740421119131427, -3.8110770132659644, 1.3191142693425175, 318942000000, 
-1.5525276241801174, -3.8729144996089584, 1.3196609866163072, 318948000000, 
-1.5680051336419807, -3.9346033836883127, 1.3207656802906378, 318953000000, 
-1.605841917890361, -3.979171698571971, 1.3209460659342542, 318958000000, 
-1.577119588804782, -4.0197877987860755, 1.3216682326606908, 318963000000, 
-1.5631433010686875, -4.05548803586163, 1.3227504052869248, 318968000000, 
-1.552789469489894, -4.1117972875321875, 1.3231794261296717, 318973000000, 
-1.5200143353900335, -4.153160608854085, 1.3238396928356269, 318978000000, 
-1.5253299891789407, -4.159066607119999, 1.3242171686891555, 318983000000, 
-1.5254727969827502, -4.24589003628578, 1.3249147538619659, 318988000000, 
-1.5022321281018594, -4.267575656694477, 1.3257898818307967, 318993000000, 
-1.4740808006381338, -4.294777167205086, 1.3263758681697237, 318998000000, 
-1.4756779655360774, -4.329720475269736, 1.3270488109207084, 319003000000, 
-1.4548674862124424, -4.35685322822537, 1.3275033853351395, 319008000000, 
-1.4689180688449426, -4.385620616295947, 1.3279914622317357, 319013000000, 
-1.4751459347470866, -4.370536947523557, 1.328779073617768, 319018000000, 
-1.4223813223055997, -4.4097188287035305, 1.3298037376615741, 319025000000, 
-1.4030827167926152, -4.4656871046634805, 1.3301827187158712, 319032000000, 
-1.4243847947649004, -4.52043628591519, 1.3312798474717171, 319037000000, 
-1.3904097327233946, -4.537876091038325, 1.3315766603809724, 319042000000, 
-1.373073061010233, -4.534767844454786, 1.3321441638439475, 319047000000, 
-1.3313661511335135, -4.597242992482853, 1.3328024500443876, 319052000000, 
-1.3543347098964682, -4.610294230879081, 1.3330335563552391, 319057000000, 
-1.3382128205898214, -4.642994197713835, 1.3338224434775334, 319062000000, 
-1.3309037651713471, -4.661130841011514, 1.3338633374138782, 319067000000, 
-1.3125524269130724, -4.670203444775868, 1.3342702219926041, 319072000000, 
-1.3142240411346482, -4.69454326078685, 1.3349348084014676, 319077000000, 
-1.3067799482133178, -4.6979190700927616, 1.335301726283392, 319082000000, 
-1.2898941988115162, -4.777941728128824, 1.335882095682364, 319087000000, 
-1.2616963930140737, -4.770320626061469, 1.3359608716398959, 319092000000, 
-1.2694179703566273, -4.790660799115802, 1.3365543185911062, 319097000000, 
-1.2709041682185294, -4.791315153220888, 1.3371341840942244, 319102000000, 
-1.2506330964020513, -4.819779458361003, 1.3375709509684626, 319107000000, 
-1.220905579125065, -4.825979784479225, 1.3377310516438816, 319112000000, 
-1.2456659284666953, -4.85497429192294, 1.3380529337064448, 319117000000, 
-1.2144750321432674, -4.892679625342812, 1.3387074399673415, 319122000000, 
-1.2254043643699517, -4.912200622573124, 1.3386334769976735, 319127000000, 
-1.200351828178844, -4.95239559532894, 1.3391173238347036, 319132000000, 
-1.1956363448163345, -4.97109482320361, 1.3392217525529186, 319137000000, 
-1.2103457959635382, -4.968350766852934, 1.3399043621534517, 319142000000, 
-1.176588070067227, -5.002036301634072, 1.3400625719874988, 319147000000, 
-1.175143944884386, -5.0278068258749915, 1.340515179608124, 319152000000, 
-1.155851826151006, -5.058694363892974, 1.340713897428553, 319157000000, 
-1.143119174257947, -5.054788064839997, 1.3408712427652847, 319162000000, 
-1.1489087112152754, -5.105619899493056, 1.3412237285636943, 319167000000, 
-1.1597411053702145, -5.101716659994403, 1.3415772207872108, 319172000000, 
-1.1062251096024323, -5.145088379819665, 1.342002260941529, 319177000000, 
-1.1260633237774877, -5.1526126373908285, 1.3421353464673598, 319182000000, 
-1.1360816554411997, -5.175220014998145, 1.3420291959259978, 319187000000, 
-1.1314930364277553, -5.183652530559699, 1.342450693868191, 319192000000, 
-1.1036181064181354, -5.208331877134727, 1.342963093276498, 319197000000, 
-1.1178644812655232, -5.225693979934476, 1.3432892814207815, 319202000000, 
-1.1205761372188825, -5.268804142593157, 1.3433156881401185, 319208000000, 
-1.0828148114984781, -5.276313149163045, 1.3439707058109818, 319213000000, 
-1.0718015992923438, -5.292511403120145, 1.3438777749736812, 319218000000, 
-1.0765810151287263, -5.316674053200603, 1.3439152376375623, 319223000000, 
-1.1088953058886104, -5.380235172704641, 1.3443653185228217, 319228000000, 
-1.1064653784106417, -5.368884974272971, 1.3447546852753867, 319233000000, 
-1.0973948970372847, -5.375303379926633, 1.344884227376484, 319238000000, 
-1.073027947495533, -5.390607966070892, 1.345322993541548, 319243000000, 
-1.0799544414714384, -5.419809292331375, 1.3455239661897067, 319248000000, 
-1.0879518140338675, -5.447272024139136, 1.3457279785938803, 319253000000, 
-1.0855394534153937, -5.484049671725906, 1.3460895827793036, 319258000000, 
-1.0676449231503442, -5.458846714245999, 1.346463895442849, 319263000000, 
-1.0304277194065536, -5.482459759048632, 1.3469404903697817, 319268000000, 
-1.0573875317714023, -5.484754812177644, 1.347020993438055, 319273000000, 
-1.0638013948473075, -5.547696826463299, 1.3474160005512998, 319278000000, 
-1.0661672143372025, -5.548260074891493, 1.3474802678516624, 319283000000, 
-1.0751378103595495, -5.586903075467307, 1.347668393433911, 319288000000, 
-1.0526831010728668, -5.582265266557736, 1.3481087844277544, 319293000000, 
-1.0597189333214356, -5.6037983979100945, 1.3480307564298826, 319298000000, 
-1.0750568916584369, -5.63015740896183, 1.3485702926746757, 319303000000, 
-1.0613423437275018, -5.683023366424674, 1.3488653779472097, 319308000000, 
-1.0748920035311236, -5.631547524029036, 1.3491104821783226, 319313000000, 
-1.065606578496063, -5.653556453495846, 1.3497296190269898, 319318000000, 
-1.0649410457169401, -5.685354126816242, 1.3499102038537396, 319323000000, 
-1.0609155600647573, -5.684545995850446, 1.3501851991321068, 319328000000, 
-1.0771696099781052, -5.720918589187225, 1.35030887863947, 319333000000, 
-1.0900195307009481, -5.741175952348008, 1.350831405947852, 319338000000, 
-1.0613609767411971, -5.771711853493892, 1.3510991052311845, 319343000000, 
-1.0673277806394543, -5.764423049005609, 1.3508667621106158, 319348000000, 
-1.0716579808331987, -5.788676374755494, 1.351401798112009, 319353000000, 
-1.0803163237090962, -5.8094043086821125, 1.3517053385970519, 319358000000, 
-1.0899987592764775, -5.788799336826233, 1.3515786792886433, 319364000000, 
-1.1003995529005268, -5.823514208223773, 1.3523059461907603, 319369000000, 
-1.0667128687917904, -5.84063043303805, 1.3519990320285258, 319374000000, 
-1.121503983050158, -5.856141032970363, 1.352505106920782, 319379000000, 
-1.0681741666681392, -5.854832940216545, 1.3527468344691698, 319384000000, 
-1.0863682599646882, -5.891143302630392, 1.3530522883775855, 319390000000, 
-1.1037212340866929, -5.902311374208435, 1.3530180974815205, 319395000000, 
-1.0784442624934327, -5.89925148463053, 1.353341775080422, 319400000000, 
-1.076156061685393, -5.925451432126815, 1.3529815905930016, 319405000000, 
-1.1041580845939205, -5.928062751481239, 1.3532228136467759, 319410000000, 
-1.1256322270552355, -5.970997231988025, 1.3538665425313579, 319415000000, 
-1.0908203321931706, -5.965643151603235, 1.353856609815417, 319420000000, 
-1.1053909682682723, -5.992395590086347, 1.3542130708461129, 319425000000, 
-1.135524385638711, -6.015092605188022, 1.3544357877397661, 319430000000, 
-1.1187463236717854, -5.997731051161795, 1.3547030410064567, 319435000000, 
-1.121100126545484, -6.0212957062883445, 1.3545257752713056, 319440000000, 
-1.113204214729514, -6.055059443186436, 1.3548741454742845, 319446000000, 
-1.104826121508319, -6.058349517189747, 1.3550150061416526, 319451000000, 
-1.1292873296393025, -6.073084068780626, 1.3550831851000904, 319456000000, 
-1.14824061465116, -6.094993068889876, 1.3550553022855152, 319461000000, 
-1.1534459745149999, -6.076018619833041, 1.3552386782928425, 319466000000, 
-1.147856080355024, -6.125252842836531, 1.3556077600314784, 319471000000, 
-1.161477204401523, -6.140005617550157, 1.3559969402288918, 319477000000, 
-1.183408393970935, -6.149486411463076, 1.3559699258328515, 319482000000, 
-1.1992364070780164, -6.155915686605224, 1.3557655772785326, 319487000000, 
-1.191331767392458, -6.1712017954676215, 1.356508786730297, 319492000000, 
-1.1923145743041133, -6.205849630129533, 1.3564472517388855, 319497000000, 
-1.2220212764867058, -6.195347467868569, 1.356418764921913, 319502000000, 
-1.2054724814688145, -6.214381953986727, 1.3566368300246052, 319507000000, 
-1.2327867882895795, -6.2220516615438415, 1.3567699843168075, 319513000000, 
-1.2182762303824575, -6.235356357792097, 1.3573321416787334, 319518000000, 
-1.212987256031801, -6.232750650420758, 1.35727889706977, 319523000000, 
-1.2124930785943977, -6.284073926998433, 1.357247148695281, 319528000000, 
-1.2286325841568515, -6.26043510784759, 1.3572392325860294, 319533000000, 
-1.252863912398582, -6.269744467091427, 1.3577990369489432, 319538000000, 
-1.2735781402169897, -6.285928105779792, 1.3578739476029302, 319543000000, 
-1.2428761075941936, -6.297215258445192, 1.3581643873613622, 319548000000, 
-1.2773175454046872, -6.30840209534953, 1.3584486384911214, 319553000000, 
-1.2813644716353805, -6.295470199512633, 1.3585759451859225, 319560000000, 
-1.295647850572646, -6.337361243749019, 1.358969806580105, 319565000000, 
-1.313118481661894, -6.343835919711083, 1.3591388150199313, 319570000000, 
-1.3091237789663057, -6.347468887945474, 1.3597835857892973, 319575000000, 
-1.3321413075181274, -6.336069688578585, 1.3597095290754861, 319581000000, 
-1.3107776557395732, -6.357777234449261, 1.3601902895451419, 319586000000, 
-1.3124066883624539, -6.347551085438933, 1.360213443067134, 319591000000, 
-1.361747362240545, -6.390899685850892, 1.360259953236638, 319596000000, 
-1.3633696978972907, -6.382476122987964, 1.36076420843455, 319601000000, 
-1.3752062371440896, -6.390632803694824, 1.3609091157399043, 319607000000, 
-1.375548556619895, -6.403229425416497, 1.3618592890232002, 319612000000, 
-1.3841226279957821, -6.426911720980125, 1.3619463988650158, 319617000000, 
-1.3694374015437312, -6.386119141459178, 1.3620709040437142, 319622000000, 
-1.4011690451531256, -6.427387670760679, 1.3625551900405495, 319627000000, 
-1.4004485926347834, -6.439184680470072, 1.3621114004531014, 319632000000, 
-1.4191601739730886, -6.436436694886769, 1.363175039330619, 319637000000, 
-1.4253102928761046, -6.391877766920916, 1.362868075812951, 319642000000, 
-1.4430618750173596, -6.438882619591472, 1.3634375391626368, 319647000000, 
-1.4694795252589323, -6.443784600747667, 1.3635250494793065, 319652000000, 
-1.42842640952238, -6.459105574301782, 1.3639322195430252, 319657000000, 
-1.5034940939678552, -6.519637372627318, 1.3643404657383578, 319662000000, 
-1.490909123164769, -6.474614775075395, 1.3645752277386916, 319668000000, 
-1.4934984722384421, -6.44592775919495, 1.3650241220306711, 319673000000, 
-1.5331085076701487, -6.495074805121047, 1.3651020041433366, 319679000000, 
-1.5126865924062922, -6.49249311872839, 1.3650757071737942, 319684000000, 
-1.5328727016689905, -6.491755672668394, 1.3656954256862301, 319689000000, 
-1.5562944578532438, -6.496783982657806, 1.3656963222102325, 319694000000, 
-1.5495096498750303, -6.503905379874809, 1.36620799552818, 319699000000, 
-1.5830167756687787, -6.49909387732606, 1.3663748651203869, 319705000000, 
-1.5803029009406013, -6.5035039553372895, 1.3668163264987505, 319710000000, 
-1.586867978228347, -6.5042768556957755, 1.3668775354218181, 319715000000, 
-1.6183014271977556, -6.4840131375115035, 1.3671237030796834, 319720000000, 
-1.6355414090857074, -6.5386008665881565, 1.3671565730003181, 319725000000, 
-1.6385078462812033, -6.532975103431664, 1.3677828965890901, 319730000000, 
-1.6477777658229447, -6.503957606994682, 1.3676328373830267, 319735000000, 
-1.6508311557229338, -6.550821550162028, 1.3681260962181567, 319740000000, 
-1.6798245683880595, -6.5475069198633085, 1.3683377645901096, 319745000000, 
-1.6550297578761692, -6.520847398316741, 1.3688085965000236, 319750000000, 
-1.65799873012644, -6.551630327899435, 1.3687886667441995, 319755000000, 
-1.7304207592252794, -6.560412126638783, 1.3692008632721226, 319760000000, 
-1.7154797386663716, -6.55320689858935, 1.369209152849614, 319765000000, 
-1.741196035904595, -6.567908192725523, 1.3696018939300314, 319770000000, 
-1.7270406085395713, -6.531200063193318, 1.3700119480650153, 319775000000, 
-1.769872003536555, -6.5597205134015875, 1.3698522819590393, 319780000000, 
-1.7790560593167009, -6.5856002583029065, 1.3703413117161536, 319785000000, 
-1.7875235488309091, -6.5803444875950134, 1.3703481020284836, 319790000000, 
-1.7920451712297025, -6.537657254620645, 1.3708203913977213, 319795000000, 
-1.8158093296770783, -6.534795416713684, 1.3716131202643025, 319800000000, 
-1.8496336714363293, -6.5592046217940965, 1.3715367510802265, 319805000000, 
-1.8324043084206678, -6.559031854966538, 1.3716925532612214, 319810000000, 
-1.8400645489569762, -6.583955946733183, 1.3724183337961102, 319815000000, 
-1.8553122465168188, -6.592078310577818, 1.3723175620807602, 319820000000, 
-1.8869162641022548, -6.546135490783907, 1.3721946446883588, 319825000000, 
-1.889376501312845, -6.557335985065561, 1.3725189712062125, 319830000000, 
-1.887961496817568, -6.586684242311099, 1.3732494394329646, 319835000000, 
-1.8620135619119567, -6.586183941042968, 1.373428550076941, 319840000000, 
-1.9397169429776129, -6.5643980684383525, 1.3736191502113742, 319845000000, 
-1.9278157291532916, -6.570734336113917, 1.37406364162395, 319850000000, 
-1.9560061051680484, -6.577624426514948, 1.374744838293905, 319855000000, 
-1.973236177324073, -6.583382130029866, 1.3750677088570435, 319860000000, 
-1.966910369907378, -6.566111089606105, 1.3756524104417227, 319865000000, 
-1.9515739517592083, -6.588295665892779, 1.3760364891950816, 319870000000, 
-1.9649399679598705, -6.6089067999851485, 1.3758013398570967, 319875000000, 
-2.030628196378832, -6.580176094717949, 1.3770676257019225, 319880000000, 
-2.023393619143241, -6.546645809321858, 1.3772218560802478, 319885000000, 
-2.0207399628086926, -6.522997071233787, 1.3773514251689063, 319890000000, 
-2.048252653386345, -6.581162357903297, 1.3778326084232246, 319895000000, 
-2.0640301299368375, -6.569749963638278, 1.377977699253734, 319900000000, 
-2.076231807217514, -6.579930255396442, 1.3784817823511861, 319905000000, 
-2.086775556832629, -6.565797363419825, 1.3793372174960234, 319910000000, 
-2.0658858213609643, -6.574817935322141, 1.3796389364958868, 319917000000, 
-2.0780137339817046, -6.5586465961006075, 1.3800616822295049, 319922000000, 
-2.118790589690359, -6.566124835160615, 1.3805436179618233, 319927000000, 
-2.1333160427773534, -6.574330873933455, 1.3807123205068346, 319933000000, 
-2.156091391870178, -6.54219655494929, 1.382020257566895, 319938000000, 
-2.158817561094565, -6.529264421348404, 1.3822496923138945, 319943000000, 
-2.151044843294384, -6.508565430634011, 1.3826131617708086, 319948000000, 
-2.2092793684111602, -6.489381306027162, 1.383236344686919, 319953000000, 
-2.205444769397917, -6.540089104104306, 1.3833636407230567, 319958000000, 
-2.1994201769314237, -6.532494794518323, 1.3840211030531846, 319963000000, 
-2.2096261553361702, -6.552146267287328, 1.3847340611305705, 319968000000, 
-2.2296050511681305, -6.568207912745913, 1.3851865873480127, 319973000000, 
-2.256854749788283, -6.477393449172119, 1.385160406355381, 319978000000, 
-2.2737461852552627, -6.509838261329465, 1.3859471643587598, 319983000000, 
-2.2525373543161864, -6.511953419325721, 1.3863449951210847, 319988000000, 
-2.2967139299590573, -6.511025086247342, 1.386803184783944, 319993000000, 
-2.305274927302351, -6.501667865130713, 1.3868690917682722, 319998000000, 
-2.298584137103719, -6.493815307789295, 1.3873480907940299, 320003000000, 
-2.3115675808849243, -6.494153714769677, 1.3881455453443847, 320008000000, 
-2.3397727110825515, -6.471896206447505, 1.3886660105137698, 320013000000, 
-2.347612971929201, -6.462819922463264, 1.3894098700626245, 320018000000, 
-2.386088377609796, -6.49648077617384, 1.3897009168331018, 320024000000, 
-2.3582173893681886, -6.4549012716394465, 1.3905143787428351, 320030000000, 
-2.4206417652263226, -6.452475544429314, 1.3910911644111246, 320035000000, 
-2.375545981878362, -6.471401643442541, 1.3915992847731935, 320040000000, 
-2.3861324098827796, -6.448643473972881, 1.39160624323999, 320045000000, 
-2.4215480504794007, -6.427265397675887, 1.392891865047124, 320050000000, 
-2.4425814543956132, -6.3992416896008, 1.392753467097494, 320055000000, 
-2.438006414444064, -6.44262215780306, 1.3933473811649373, 320060000000, 
-2.4512979235625094, -6.3798475980265295, 1.3941118349356236, 320065000000, 
-2.4621801393943943, -6.409152423457018, 1.39464062116974, 320070000000, 
-2.4738404200597133, -6.394145713903051, 1.3951254032387983, 320075000000, 
-2.5262890106590254, -6.420133170532419, 1.3959979793385162, 320080000000, 
-2.530850892399889, -6.399558699600799, 1.395860450690085, 320085000000, 
-2.5144166067915465, -6.387687288397092, 1.3964606749571473, 320090000000, 
-2.5203509780044824, -6.415477388052499, 1.3967597395480287, 320096000000, 
-2.5231069486293687, -6.39061326229035, 1.3977080167762193, 320101000000, 
-2.5598397665189063, -6.359475751005458, 1.3980923966612078, 320106000000, 
-2.552691821662412, -6.327540556789491, 1.3992740461583832, 320112000000, 
-2.5501277441981944, -6.3636008848942565, 1.3993891227152893, 320117000000, 
-2.556384395454879, -6.335284069431952, 1.4004016404289197, 320122000000, 
-2.6109315745350035, -6.32880861506169, 1.4003970761729276, 320127000000, 
-2.5870571408116083, -6.29926163365631, 1.4015595734102286, 320132000000, 
-2.6156144299878306, -6.290657404474905, 1.4020133897221245, 320137000000, 
-2.608102789617731, -6.281831978574925, 1.4025112848348487, 320142000000, 
-2.641461044443475, -6.257182555047265, 1.4034013842849824, 320148000000, 
-2.6634240279019097, -6.27895941444578, 1.4038485886245902, 320153000000, 
-2.676684530798841, -6.288590491742149, 1.404481367002246, 320158000000, 
-2.6707308139002492, -6.259207275375503, 1.4055629096843016, 320163000000, 
-2.679225782489466, -6.2607001888554565, 1.4060893830140917, 320168000000, 
-2.6607803451788956, -6.274484258352142, 1.4067626322566182, 320173000000, 
-2.6785021155548945, -6.211767186892318, 1.4078883051979463, 320179000000, 
-2.710444303672927, -6.205534166885482, 1.4083852012994318, 320184000000, 
-2.7326059114532244, -6.22575787355034, 1.4092190251112244, 320189000000, 
-2.727071279103015, -6.1831052422004165, 1.4095677653361285, 320194000000, 
-2.7497958638954425, -6.159605409464856, 1.4105127119491647, 320199000000, 
-2.7632280287562083, -6.18562330819811, 1.4111073366987372, 320204000000, 
-2.7448567684721112, -6.151369073374334, 1.4118275641494376, 320209000000, 
-2.7614081026714565, -6.147314021354381, 1.4126980719133653, 320214000000, 
-2.783551164573477, -6.123524059076018, 1.4133539306942353, 320219000000, 
-2.7532420090544165, -6.10906729150609, 1.4139954680358915, 320224000000, 
-2.7951404619388893, -6.0681877933811945, 1.415110785722469, 320229000000, 
-2.781154124049377, -6.100310001597386, 1.4160512383177137, 320234000000, 
-2.7872326548293485, -6.080195375488935, 1.416842852760287, 320239000000, 
-2.7769061799415575, -6.067432230862208, 1.417568930339511, 320244000000, 
-2.826734563620205, -6.060632023004267, 1.4183144094629785, 320249000000, 
-2.8011665901029987, -6.029464564151201, 1.4185617467971359, 320254000000, 
-2.832926689826117, -6.054533181578279, 1.4202512854882554, 320261000000, 
-2.821929134625629, -6.021653136803067, 1.4204392129702519, 320266000000, 
-2.8384571821852527, -5.991560279100235, 1.4213355700423398, 320271000000, 
-2.87129527196528, -6.001493607828791, 1.421978889329453, 320276000000, 
-2.8256948215049795, -5.977757457950626, 1.422613624291614, 320282000000, 
-2.842024744742926, -5.967526443475639, 1.4240651372860298, 320287000000, 
-2.8516972901630817, -5.950612593477434, 1.424404450968727, 320292000000, 
-2.848745047812203, -5.936492854972098, 1.425057206505677, 320297000000, 
-2.8922177490416106, -5.931282116933616, 1.4256634392466012, 320302000000, 
-2.8936698758124444, -5.881797638047876, 1.4266022501566185, 320307000000, 
-2.90087524882393, -5.909149804621389, 1.427375128573388, 320312000000, 
-2.8942114368368155, -5.859645501958053, 1.4283251654188247, 320317000000, 
-2.896880530513071, -5.865516360875067, 1.4290509751430813, 320322000000, 
-2.908752471403026, -5.834789758363232, 1.4293728046093597, 320327000000, 
-2.943812719625463, -5.82853642805161, 1.4301564684153074, 320332000000, 
-2.917048730686686, -5.822189384021165, 1.4311025513252214, 320337000000, 
-2.9248232450849048, -5.777801496146273, 1.4319078330584123, 320342000000, 
-2.9154573307842337, -5.791041005788643, 1.4326735754454472, 320347000000, 
-2.940296449518591, -5.743383662331913, 1.4335188899281381, 320352000000, 
-2.950658136632694, -5.795138345797394, 1.4338761423800916, 320357000000, 
-2.9492065866936032, -5.725649049533484, 1.4349758298085893, 320362000000, 
-2.965224887820074, -5.72601891776963, 1.4360772971571918, 320367000000, 
-2.930299687086056, -5.720818289359562, 1.43639582964581, 320372000000, 
-2.9216675593629735, -5.718289463273098, 1.4373848021590854, 320377000000, 
-2.9559915058719803, -5.665303277275931, 1.4387270123662639, 320385000000, 
-2.9833575061846385, -5.694964781103545, 1.439246572518604, 320390000000, 
-2.9575076272432543, -5.636430356319667, 1.4401669183190184, 320395000000, 
-2.9611322052864595, -5.6414969278157505, 1.4408069507425165, 320400000000, 
-2.9403298098816726, -5.595262630005902, 1.4416505673548474, 320406000000, 
-2.9701062734386685, -5.575257382573401, 1.4428720637418289, 320411000000, 
-2.9869530372694078, -5.562860473161694, 1.4443692135862147, 320416000000, 
-2.983077817567171, -5.586118818382527, 1.4443964847411475, 320421000000, 
-2.979012672097864, -5.546622874694779, 1.445772417003027, 320426000000, 
-2.9907146574572168, -5.498714510172259, 1.4467673067289304, 320433000000, 
-2.956671452109827, -5.485620299268299, 1.4475921769221505, 320438000000, 
-3.0174992309266826, -5.453886423232349, 1.4486396358414082, 320443000000, 
-3.0277371749710054, -5.4517140913208175, 1.44932193728333, 320448000000, 
-2.9581131114685033, -5.430977965795608, 1.4506683318797617, 320453000000, 
-2.956898976170094, -5.415276797219802, 1.4517474001700437, 320459000000, 
-2.9845456680666422, -5.425861640137002, 1.452424097934109, 320464000000, 
-2.9868922841792025, -5.3794829446524925, 1.4532568888875117, 320469000000, 
-2.989757530998863, -5.349501875544759, 1.454777094762464, 320474000000, 
-2.9917062608130727, -5.33507439258966, 1.4551709561566701, 320479000000, 
-2.9592765696093246, -5.348866171630386, 1.4558865953871547, 320485000000, 
-2.9758444068209613, -5.309696094627428, 1.457102884259536, 320490000000, 
-2.9609005091534555, -5.292798282727445, 1.4584335226146155, 320496000000, 
-2.9865089110818346, -5.264518986223555, 1.4593120652608784, 320501000000, 
-2.968727989578953, -5.243273207679753, 1.4602864838099479, 320506000000, 
-2.9997229555983487, -5.255491990135414, 1.4612300937786842, 320511000000, 
-2.9830339629650258, -5.214944035655559, 1.4625936329003668, 320516000000, 
-2.997628156217012, -5.195652386273584, 1.463288204020107, 320521000000, 
-2.9720914200359214, -5.1935138346271765, 1.4642674802650861, 320526000000, 
-2.9547298362359524, -5.163538830914367, 1.465249277397839, 320531000000, 
-2.9415225649123773, -5.160728733651325, 1.4661032509917744, 320536000000, 
-2.939766609750196, -5.1144621888082735, 1.4669499379085502, 320542000000, 
-2.9087745728607954, -5.06377472286749, 1.468007795723631, 320547000000, 
-2.966451642512505, -5.049831880917688, 1.4695017149434706, 320553000000, 
-2.9422399001973254, -5.02508520247058, 1.4703042616737394, 320558000000, 
-2.948438105648968, -5.015950192925574, 1.4713862780655864, 320563000000, 
-2.9222778885055045, -4.994555529903267, 1.4722673250940324, 320569000000, 
-17.12984801560355, -33.60024149272644, 1.461741705619139, 320574000000, 
6.315612810337979, 3.3458749008969453, 1.4589051388246186, 320579000000, 
-5.893091059291219, -2.997923164519668, 1.461692472817104, 320584000000, 
-3.910855387387036, -2.7815307355101107, 1.462608201611138, 320590000000, 
-2.0868902068577766, -2.4857473503138534, 1.4636679125007517, 320595000000, 
-1.7498121500114767, -2.6918966576241563, 1.4641331889972764, 320600000000, 
-1.9643442156843391, -3.0300828301617333, 1.4652018901490416, 320605000000, 
-2.152344853832439, -3.407046607626727, 1.4655862196824634, 320610000000, 
-2.2551998836187503, -3.5852997942336637, 1.4663598657095955, 320615000000, 
-2.341486076034211, -3.74436124678804, 1.4672022567142442, 320620000000, 
-2.4077105503216663, -3.9307865550331593, 1.4676252503168403, 320625000000, 
-2.5114131625478895, -4.025600237144476, 1.468314906486548, 320630000000, 
-2.548276900070076, -4.132247300945465, 1.4696701940902268, 320636000000, 
-2.594394927466835, -4.205294931172848, 1.4702912556588006, 320641000000, 
-2.651086319187446, -4.303002142270022, 1.4709592070902713, 320646000000, 
-2.657699006010255, -4.325275199666097, 1.471781984986812, 320651000000, 
-2.6641503766441916, -4.3854997231232264, 1.4728862645280538, 320657000000, 
-2.7160071693409855, -4.381747150526977, 1.4737786777312678, 320662000000, 
-2.6741038142183515, -4.400079655572804, 1.4750385599855096, 320668000000, 
-2.6782209641224357, -4.400062177338374, 1.4758469291585854, 320673000000, 
-2.7037109220828293, -4.4550987757405105, 1.4766129736741787, 320678000000, 
-2.7155416055611483, -4.428147400314614, 1.4773846486102755, 320683000000, 
-2.680261087849424, -4.405322645366343, 1.478508874989632, 320691000000, 
-2.6956283794383706, -4.369385637690699, 1.4800918874348772, 320696000000, 
-2.7081210249207506, -4.415811034871653, 1.4808482282664415, 320701000000, 
-2.6858098564858475, -4.401436837063928, 1.4815080691377847, 320706000000, 
-2.667411381942127, -4.401859992856199, 1.4826206470522778, 320711000000, 
-2.6837557950443, -4.347622367697071, 1.4833819375929556, 320716000000, 
-2.694505791040166, -4.32264698138946, 1.4843305962103093, 320721000000, 
-2.6525604410235304, -4.344414350416182, 1.485494851842808, 320726000000, 
-73.01157864295789, -50.480847200189004, 1.4958740896397915, 320731000000, 
50.00088476954048, 11.487351697310498, 1.4724379813460784, 320736000000, 
-2.751928471098184, -0.2839235705664072, 1.4734780802281255, 320741000000, 
-5.851239885391078, -2.5586909174725223, 1.4761573118196718, 320747000000, 
-2.5443560877592466, -2.1293396524954313, 1.4776850475153152, 320752000000, 
-1.5543056380302103, -2.191206831222024, 1.4782954734752638, 320757000000, 
-1.6286458586059598, -2.4847062795472894, 1.479561949145118, 320764000000, 
-1.7905050312494457, -2.755439118170635, 1.4795378811936426, 320769000000, 
-1.9274245328159918, -2.966021668581204, 1.4804473184769273, 320774000000, 
-2.004536064845146, -3.140291184045598, 1.4813884064078915, 320779000000, 
-2.114145842067607, -3.302341393652489, 1.4822312846097334, 320784000000, 
-2.1494576577317654, -3.3674735139545082, 1.4827665108036874, 320789000000, 
-2.1681704182346753, -3.474763310005324, 1.4834824724507218, 320794000000, 
-2.2329163562079204, -3.538900484126949, 1.4844566006103068, 320799000000, 
-2.24106398031694, -3.608506720259439, 1.485783265942213, 320804000000, 
-2.260765604133051, -3.626680012813428, 1.4864404389798724, 320809000000, 
-2.2637251275328873, -3.6762970934357675, 1.4868503121515293, 320814000000, 
-2.264173210983862, -3.6844726726929413, 1.4878448542488043, 320819000000, 
-2.2838975461333253, -3.731100556563023, 1.4887544014234553, 320824000000, 
-2.30012480937789, -3.7223634359481874, 1.4896967114957216, 320829000000, 
-5.7979707227055775, -4.8029302396100535, 1.4917219002010818, 320834000000, 
-3.902505111236366, -6.923948956630186, 1.4922581679964528, 320839000000, 
-0.7979018188239906, -5.794976697332074, 1.4913333637743285, 320844000000, 
-0.705943187225216, -2.922431750625143, 1.4917162956287184, 320849000000, 
-2.440447553787304, -2.713442403563033, 1.4922055891046586, 320854000000, 
-2.1800026179132237, -2.9250066730503415, 1.4931213244337216, 320859000000, 
-1.956724864402215, -3.057698681228642, 1.4933801765177144, 320864000000, 
-1.917550361098253, -3.1505850756709037, 1.4941667733479003, 320869000000, 
-5.403032516498391, -4.479332446476651, 1.4966027933111758, 320874000000, 
-2.490436521987431, -6.182052567056636, 1.4962768115021385, 320879000000, 
0.7469856509962276, -4.036083164275738, 1.494962466256156, 320885000000, 
-1.9863492187011793, -2.516658019208878, 1.4957590462679995, 320890000000, 
-2.1985494172093554, -2.64051514586677, 1.496524055604857, 320895000000, 
-1.8432341672870167, -2.850927360318825, 1.4973821687323532, 320900000000, 
-6.863840169286669, -4.6540614401124865, 1.4988641081745975, 320905000000, 
-2.0216438978708067, -5.764542093365876, 1.4988845434408844, 320910000000, 
0.9783566275213686, -3.2063086044850633, 1.4978108826618681, 320915000000, 
-1.9936437136907752, -2.3464878326390575, 1.498411755852179, 320920000000, 
-2.009637730520185, -2.5152575303387996, 1.4989936756427837, 320925000000, 
-4.453082647455169, -3.0187841594814553, 1.500236366698798, 320930000000, 
-3.443029477754919, -5.155353012745011, 1.5000643235431754, 320935000000, 
1.4562888365069937, -3.9077538556830427, 1.4992286701228072, 320940000000, 
-1.477167378263985, -2.276756587888584, 1.4997935480212845, 320945000000, 
-1.8898946896590154, -2.396467459848769, 1.5004728509630227, 320950000000, 
-6.594704866456582, -3.9746878965052357, 1.5020005803066923, 320955000000, 
-1.5659992441768664, -4.9198106365474805, 1.5012871091733913, 320960000000, 
0.818150037987715, -3.192760420684741, 1.500112088338836, 320966000000, 
-1.8674236910439104, -2.0924788910791667, 1.5007543505736967, 320971000000, 
-3.9233909018900657, -2.4186536665528107, 1.5021228397593283, 320976000000, 
-3.406580014586574, -4.4644682799772415, 1.5027233977475798, 320981000000, 
0.4176886350933698, -4.35215359302023, 1.5013579691409888, 320986000000, 
0.32175529713277523, -2.226222340856272, 1.500843341347306, 320991000000, 
-1.812675400751761, -1.9609985097193203, 1.5018991670657944, 320996000000, 
-6.7769874772062675, -3.944051915680507, 1.5026916862406319, 321001000000, 
-0.7239439532347517, -4.301700467293714, 1.5025575486341005, 321006000000, 
1.7363274926594587, -2.7169284822973028, 1.5010050753981439, 321011000000, 
-1.4898766650914879, -1.7958866295368332, 1.501028612015565, 321016000000, 
-5.398902907558821, -2.9153282006422936, 1.5036297552616262, 321021000000, 
-1.062891706034349, -4.120912662729476, 1.5024025124051466, 321026000000, 
-0.9371256312619511, -3.9624748531668597, 1.501779401337589, 321031000000, 
1.8943695155675675, -2.044906483428691, 1.500649908006872, 321036000000, 
-1.5819090984709527, -1.6548982281713083, 1.501305597826427, 321041000000, 
-5.594696587339123, -3.5227737129509324, 1.5030629447777546, 321046000000, 
-0.17121216373386716, -3.7067229736706016, 1.5014770157780857, 321051000000, 
-0.9417377766846404, -3.6822055912457774, 1.501260921202341, 321056000000, 
1.8727106951312815, -1.8798817451364582, 1.5000614745225498, 321061000000, 
-3.6065551260815436, -1.684300528742127, 1.5019400962029195, 321066000000, 
-3.3679129569530093, -3.523867760246905, 1.502100519276204, 321071000000, 
0.004723394084824747, -3.53800999219172, 1.500605014574728, 321076000000, 
-0.8424660694026042, -3.31019392953412, 1.500295799454245, 321081000000, 
1.4887506391487817, -1.950328963506952, 1.499388829583358, 321086000000, 
-4.005333036246097, -1.5402344147434157, 1.5006090562309764, 321091000000, 
-3.1978194471469177, -3.2321030839669764, 1.5011880553542147, 321096000000, 
0.24601010336156376, -3.3038989241043057, 1.499948581916078, 321101000000, 
-0.5122705200356381, -3.144038723593542, 1.4991569330647618, 321106000000, 
-0.8452399260061288, -2.8803529745920278, 1.4983120474416958, 321111000000, 
2.0733945790790904, -1.5444232598859031, 1.4974929939691888, 321116000000, 
-5.11826271576934, -2.2227743768266137, 1.4988442314235702, 321121000000, 
-0.062484213818066486, -2.785106003694757, 1.4983751112361698, 321126000000, 
0.007811992618469824, -3.144551131681228, 1.4976159428737925, 321131000000, 
-0.6134662095047494, -2.846511932305842, 1.4967649728700372, 321136000000, 
0.683059832186285, -2.4736367452837396, 1.4953904120510313, 321141000000, 
-2.2611765995230835, -1.599787478237062, 1.49610386396969, 321146000000, 
-1.621341833786778, -2.5949778701386816, 1.495309214816156, 321151000000, 
0.6514579403070362, -2.5145730605131567, 1.494516815446352, 321156000000, 
-0.39175195997054235, -2.8221407064387156, 1.4933822792551024, 321161000000, 
-0.5122196884788206, -2.529764403726379, 1.4929811537496087, 321166000000, 
-0.47686295749675334, -2.4039962374346766, 1.4917344545686597, 321171000000, 
-0.44855076482491296, -2.362514453574195, 1.4915792892435151, 321176000000, 
-0.3674316011950733, -2.31748530900499, 1.490811585484413, 321182000000, 
-0.435015054023879, -1.8514612147128007, 1.4900186727926483, 321187000000, 
-1.8012550398319207, -2.2234286321480963, 1.4896183371260832, 321192000000, 
0.6973140277824625, -2.1850910967626636, 1.4891138940556168, 321197000000, 
0.9388749663088943, -2.1675024679521018, 1.4869668700760714, 321202000000, 
-0.17593813670245556, -2.2097057951240813, 1.4858498384387113, 321207000000, 
-0.1653015841116061, -2.167966676811569, 1.4850605976692528, 321212000000, 
-0.07541528804418829, -2.1671348612253603, 1.4842290042963686, 321217000000, 
-0.024252332469751427, -2.0776701993952735, 1.4833067276371497, 321222000000, 
0.082867282322127, -2.1146515614657084, 1.4825673679275935, 321227000000, 
0.10318437925150661, -2.0600306412928657, 1.4812601956986298, 321232000000, 
0.15185283997234994, -2.0263722513516833, 1.479786373991891, 321237000000, 
0.08318936998994968, -2.038989284258831, 1.47898263853744, 321242000000, 
-0.5476559117380463, -2.000014746072841, 1.478271739618696, 321248000000, 
-1.0808367478300618, -2.013363669524139, 1.4774911860217943, 321253000000, 
-0.4249051154175072, -1.9696362447054985, 1.4768757353158162, 321258000000, 
0.10840836436257287, -1.9529528383380785, 1.4758016954899909, 321264000000, 
0.23996193322731357, -1.896161047612323, 1.4748114919232458, 321269000000, 
0.34262659508176313, -1.9186132716456747, 1.4730741597594643, 321274000000, 
0.3893681260248469, -1.8913942597989084, 1.4720796863525685, 321279000000, 
0.44818114898748046, -1.8855224474886416, 1.4709139428435303, 321284000000, 
0.4603517414631269, -1.8117036228205388, 1.4690442366195937, 321290000000, 
0.49116254790965375, -1.8338458497273937, 1.4682240330911576, 321295000000, 
0.5558047412339834, -1.839157606909248, 1.4665365378507778, 321301000000, 
0.5908560781247487, -1.7766281477991763, 1.465716182517961, 321306000000, 
0.6617563038563552, -1.7280212664596006, 1.4637307827440622, 321311000000, 
0.6893813133759494, -1.751275288057523, 1.4632172593309491, 321316000000, 
0.7453031602490646, -1.7322844423960295, 1.4611747219602713, 321322000000, 
0.7688816398207947, -1.6904349474338471, 1.460265635219381, 321327000000, 
0.8571703426127882, -1.699347165875879, 1.459010797284448, 321332000000, 
0.8530260867404094, -1.6947229211608181, 1.4575968481513253, 321337000000, 
0.9035396193683644, -1.6390985336610011, 1.4557608289055628, 321342000000, 
-38.36811121363466, 18.64259044806385, 1.4609838178286096, 321347000000, 
0.26258004029478493, -0.1820441017489479, 1.460585330869485, 321352000000, 
17.332869671849892, -35.242222982637486, 1.450087541396499, 321357000000, 
55.306074117211416, -9.768331236316989, 1.4224555069201235, 321362000000, 
-33.592296457674934, 30.57196494118679, 1.4240894550444179, 321367000000, 
-0.007996440889094746, -0.10647855287888537, 1.4242837520489813, 321372000000, 
5.496991012643205, -20.151190124699724, 1.4207620633406464, 321377000000, 
-15.687831456222256, 17.07583534426091, 1.418460885239772, 321382000000, 
-11.397292500661543, -0.5235137216741774, 1.423116064310776, 321387000000, 
-9.966110220571116, -0.11536776591623009, 1.4271571182288605, 321392000000, 
-8.291633646909164, -0.012041278730451457, 1.430250404000759, 321397000000, 
-8.130787446918463, -0.03997083716586375, 1.4329109853455029, 321402000000, 
-5.53754660231392, -0.5138454005815304, 1.4365372561707699, 321407000000, 
1.1696806300414708, -2.020297212358744, 1.437097794124572, 321412000000, 
1.2121929372633362, -2.042421247629974, 1.4378544916875755, 321417000000, 
1.2313618456027946, -1.9832729192268588, 1.4382397307474801, 321422000000, 
1.303573586433905, -2.0039749507801274, 1.4385584121617179, 321427000000, 
1.3227042118235248, -1.974341451043426, 1.4390891463635545, 321432000000, 
1.3579232210590064, -1.955263871681501, 1.4399948357415473, 321437000000, 
1.3892704559214815, -1.9169313377410828, 1.4400703229280418, 321442000000, 
1.4467110344348875, -1.9238527809777974, 1.4406536797408889, 321448000000, 
1.510160215120006, -1.927912041014527, 1.4408837179648917, 321453000000, 
1.5123200780051231, -1.8709673858782905, 1.4414415063794228, 321458000000, 
1.6067835000821737, -1.8593454313198303, 1.4420074422667968, 321463000000, 
1.5940862867856056, -1.8460325032666693, 1.4421060706869608, 321468000000, 
1.651820538766531, -1.8482316068190157, 1.4423130171362468, 321473000000, 
1.7170476837447848, -1.8060263381488733, 1.4430145715583524, 321478000000, 
1.6974019617586986, -1.8195997983924805, 1.4432737569001497, 321483000000, 
1.781738308923288, -1.820688176984177, 1.443054160522066, 321488000000, 
1.8029691508760066, -1.7750335891126137, 1.443246128142727, 321493000000, 
1.8616133708969753, -1.7978514017867109, 1.4434120110362505, 321498000000, 
1.8946576237438773, -1.795108426813313, 1.4437243506042718, 321503000000, 
1.9310880133635873, -1.7586582619582047, 1.4436145180982403, 321509000000, 
1.9581014558055716, -1.7415665744254178, 1.4435568012538627, 321514000000, 
1.9925057020006756, -1.7202934854825072, 1.4432880620950905, 321519000000, 
2.0180197761915166, -1.708288567030151, 1.4437659033697445, 321525000000, 
2.0833835667768446, -1.7593247941271528, 1.4435626153714778, 321530000000, 
2.090264413773004, -1.7024763337656275, 1.443519203269359, 321535000000, 
2.1393228235552453, -1.6566300455647849, 1.4436756107508073, 321540000000, 
2.1892384735847004, -1.6950725666194073, 1.4431941010964517, 321545000000, 
2.248667497262938, -1.6664477999886216, 1.4433787660408828, 321550000000, 
2.2899524537920124, -1.6432728205886697, 1.4430609005457482, 321555000000, 
2.2865742664878552, -1.627119971895211, 1.4427136382495662, 321560000000, 
2.3609491667245726, -1.6303394960190964, 1.4429422894292319, 321565000000, 
2.3788994279059574, -1.6478119725348566, 1.4424734265710208, 321570000000, 
2.4022003064266704, -1.6192500530797296, 1.4421589792163882, 321575000000, 
2.438803385434594, -1.5991909361581829, 1.4422127497932802, 321580000000, 
2.485536500278612, -1.5792717052179863, 1.4419352196561583, 321585000000, 
2.506100042178567, -1.574179983712936, 1.4412000989769744, 321591000000, 
2.5599114118021813, -1.5596885834278844, 1.440862661417756, 321596000000, 
2.5897528395381304, -1.5558702645702651, 1.4408376091739876, 321601000000, 
2.604081498981611, -1.535569408115533, 1.4403573527301845, 321606000000, 
2.667878854772672, -1.5425995904150305, 1.439990852211036, 321611000000, 
2.709160733083842, -1.532320481235781, 1.4395513847016186, 321616000000, 
2.7402472418943113, -1.5069716834751574, 1.4393517563961782, 321621000000, 
2.8067826094976027, -1.4767391757686879, 1.4391608089048415, 321626000000, 
2.8223729035080263, -1.5199615322717683, 1.438476125795986, 321632000000, 
2.8960053949088933, -1.4934415297832784, 1.4377747668986216, 321637000000, 
2.9155205242274667, -1.4557645030484236, 1.4374623010053238, 321642000000, 
2.917873411877592, -1.4485993613520725, 1.4364368356395945, 321647000000, 
2.969590971674305, -1.450242993151389, 1.4361579745680757, 321652000000, 
3.0147882522650455, -1.423812897618437, 1.4358446840742858, 321657000000, 
3.011466114319576, -1.4148327180504592, 1.4354811086418329, 321662000000, 
3.069148282378477, -1.4349454559980754, 1.434724406555646, 321667000000, 
3.0839100612214647, -1.4536842339296976, 1.434401846157894, 321672000000, 
3.08751446929877, -1.4318133980719165, 1.4338517986124988, 321677000000, 
3.1639205023335197, -1.3815653303790776, 1.433212656131189, 321683000000, 
3.188663006111187, -1.4088489303987464, 1.4327020828183759, 321688000000, 
3.2392044298022027, -1.3811826334643984, 1.4317798983363965, 321693000000, 
3.2540735236205016, -1.3480641739034462, 1.431419106143723, 321700000000, 
3.2898030740659645, -1.36292718234822, 1.4306502467213875, 321705000000, 
3.316058302539559, -1.341506784402199, 1.4297343951405834, 321710000000, 
3.3418916231384066, -1.3478108460030018, 1.429247325584025, 321715000000, 
3.375112077282439, -1.308532913520744, 1.4286996443182087, 321720000000, 
3.4460635078718207, -1.3182406581805544, 1.4277096253158816, 321725000000, 
3.4799090438276323, -1.309641319893426, 1.4269423494385685, 321730000000, 
3.4831854073939597, -1.3158207701839184, 1.4262423989548212, 321735000000, 
3.523451563601529, -1.3257080262846532, 1.4252900027758972, 321740000000, 
3.5429268115475123, -1.285497520762057, 1.4248437069990911, 321745000000, 
3.569388092427723, -1.2741073834918055, 1.4237667008691706, 321750000000, 
3.5986092876327382, -1.2932052788119666, 1.4233559470543127, 321755000000, 
3.6568120878662955, -1.2741272912341404, 1.4227729338768578, 321760000000, 
3.683989307900117, -1.259208214507978, 1.421606882810343, 321766000000, 
3.6872384954750133, -1.299864204337959, 1.42052697112967, 321771000000, 
3.7665133480509745, -1.2786904649499797, 1.4195755804132781, 321776000000, 
3.756170928950826, -1.2560689474783917, 1.4189085896649756, 321781000000, 
3.815001559274656, -1.2350391703175012, 1.4179677701840003, 321786000000, 
3.8380934755576055, -1.2353496105425783, 1.4168476650056412, 321791000000, 
3.8409542650687514, -1.250892731661684, 1.4161146672110658, 321796000000, 
3.8746883634923313, -1.233555131544557, 1.414881531953012, 321802000000, 
3.9039944744365096, -1.2258766925257303, 1.414287281677017, 321807000000, 
3.9685810723310713, -1.2033232240361376, 1.412522795659865, 321812000000, 
3.968906987717264, -1.1971516189157396, 1.412187048206138, 321817000000, 
4.0141008091439625, -1.2191078989368465, 1.410822465707778, 321822000000, 
4.016308613218884, -1.1759477220165642, 1.4095787937718747, 321827000000, 
4.056921622709776, -1.1949203652076674, 1.4085505727115069, 321832000000, 
4.095268242746199, -1.202021998863379, 1.407877563155744, 321837000000, 
4.116882350623492, -1.1613101462147055, 1.4063826621276068, 321842000000, 
4.1327475232679065, -1.1507979092139615, 1.4050060941350953, 321847000000, 
4.159676426141121, -1.1714727908168305, 1.403809446308308, 321852000000, 
4.195236266181692, -1.1804768093040847, 1.4026256703371887, 321857000000, 
4.21532674930171, -1.1443182803855856, 1.4017960137549696, 321863000000, 
4.195296030678863, -1.1404819112605034, 1.4000297626278806, 321868000000, 
4.264759734227423, -1.1369933791611457, 1.398890131283327, 321873000000, 
4.28952096214349, -1.1553472703178118, 1.3977135391337345, 321878000000, 
4.31454986241546, -1.1275869036198125, 1.3963596898576889, 321883000000, 
4.354723480370018, -1.1422153337748606, 1.39466956908073, 321888000000, 
4.375236031162781, -1.1205925311538978, 1.3938586345844388, 321893000000, 
4.385183237928233, -1.150320411108007, 1.3921390508856515, 321899000000, 
4.4723532829021115, -1.1141204640123468, 1.390956935275631, 321904000000, 
4.460236703229373, -1.1226330594550578, 1.389183013455843, 321909000000, 
4.474243849435071, -1.0948112446312106, 1.3880839463789616, 321914000000, 
4.519486630236192, -1.1094733482352097, 1.386572446782931, 321919000000, 
4.55263131897265, -1.0944836575798487, 1.3864035305748592, 321924000000, 
4.576035414888914, -1.1154403096518106, 1.3837513908365928, 321930000000, 
4.605919460315889, -1.1013386097128854, 1.382258069883952, 321935000000, 
4.588876482537567, -1.0936068791306373, 1.381137732055247, 321940000000, 
4.612041962817742, -1.0827846188124541, 1.379727879269258, 321945000000, 
4.639043811466013, -1.0611974412426726, 1.378034136517876, 321950000000, 
4.69398199593601, -1.07782717700441, 1.3763735114447082, 321955000000, 
4.706596698351312, -1.0408904216456016, 1.3750862938677166, 321960000000, 
4.750208470399484, -1.0840132534460065, 1.3737064276625957, 321965000000, 
4.735340781807669, -1.0199484305362916, 1.3726295619918272, 321970000000, 
4.774770933809312, -1.0565268923434659, 1.370885787137336, 321975000000, 
4.812907766595277, -1.0382623733727616, 1.3694375874996014, 321980000000, 
4.842087605831053, -1.0396496250008265, 1.3679476268314628, 321985000000, 
4.827401231090485, -1.0402916993504534, 1.3666497960834059, 321990000000, 
4.8627145154122156, -0.9990279637132641, 1.364973035182684, 321995000000, 
4.887767664103388, -1.04320022942515, 1.3640672923904484, 322000000000, 
4.91328571265608, -1.0172680560821437, 1.3619932802685586, 322005000000, 
4.9589073655887805, -1.0300834066605762, 1.3608506156479838, 322010000000, 
4.966462555746675, -1.0186022279985483, 1.3595092680363414, 322015000000, 
4.976149363610399, -1.0426033977802363, 1.3577764964865056, 322020000000, 
5.008594161477347, -1.0228493304307156, 1.3563600722289357, 322025000000, 
5.025717036878292, -0.9982897498167347, 1.3544135743129626, 322030000000, 
5.045446038514446, -1.0147213214569888, 1.3536080788565923, 322035000000, 
5.068755185483566, -1.0016325591888315, 1.3516451681722081, 322040000000, 
5.1020186068918765, -1.0045984952573672, 1.3506288768276757, 322045000000, 
5.096775318646268, -0.9961378494781543, 1.3484949875123728, 322050000000, 
5.129079474848774, -0.9954450309013192, 1.3474086532617382, 322055000000, 
5.1526010275421426, -1.018411105480897, 1.3454552245955462, 322060000000, 
5.177206557065203, -0.9920473162490906, 1.3437764709363855, 322065000000, 
5.194085854829341, -0.9799484621701062, 1.3422848224086925, 322070000000, 
5.213983172568442, -0.9758554183532169, 1.340409150569261, 322075000000, 
5.216035692202641, -0.9450809243991823, 1.3390083020314232, 322080000000, 
5.283752035029422, -0.9715020628900475, 1.3372125403440676, 322085000000, 
5.274147293033351, -0.9835519369318921, 1.335890107661082, 322090000000, 
5.314333240773091, -0.9775084249235688, 1.334115353398386, 322095000000, 
5.329361824540612, -0.9944466491816746, 1.3322403590604943, 322101000000, 
5.330985266250857, -0.9554016096536789, 1.3302438189298575, 322106000000, 
5.309600963433212, -0.9434131435780959, 1.3281357453320841, 322111000000, 
5.387812964303517, -0.9750314772915677, 1.3266681517170995, 322116000000, 
5.379126287784574, -0.9574104845998189, 1.325433498576457, 322121000000, 
5.398784806208027, -0.9363359809516891, 1.323375033527453, 322126000000, 
5.460261102223546, -0.9760067899481554, 1.3211606107388718, 322131000000, 
5.469382087148573, -0.9512680633231563, 1.319277503487095, 322136000000, 
5.455188368440887, -0.95096701808583, 1.317748422251266, 322141000000, 
5.492222809265936, -0.9501537070646854, 1.316108950346913, 322146000000, 
5.469517377880798, -0.924229618956209, 1.3143090471590881, 322151000000, 
5.506292716134778, -0.9379493580116687, 1.3128719338120807, 322156000000, 
5.560974140843421, -0.9239453623728621, 1.3104682043585734, 322161000000, 
5.554225626525281, -0.9569966863389675, 1.3086636157944906, 322166000000, 
5.5705383900526595, -0.9399428658771493, 1.3065204873212175, 322171000000, 
5.583622607270663, -0.9364391527529057, 1.3046710949537355, 322176000000, 
5.5895467143573665, -0.9043937865930973, 1.3028565958263587, 322181000000, 
5.630878008733724, -0.9098190907227421, 1.3005909856510947, 322186000000, 
5.618030705620832, -0.9328999300570188, 1.29861594860048, 322191000000, 
5.642018281068275, -0.9139011816733769, 1.296969260242764, 322196000000, 
5.674328700185285, -0.889965070603785, 1.2950950280310534, 322201000000, 
5.673249936291624, -0.895482268427472, 1.2932752056380772, 322206000000, 
5.704149259860264, -0.9070611156718059, 1.290829132190462, 322211000000, 
5.715174190664881, -0.9169694669487993, 1.2890039054087676, 322216000000, 
5.733703289924056, -0.8994951403454852, 1.286888627288376, 322221000000, 
5.778154979989628, -0.8973527040252037, 1.2852302041628454, 322226000000, 
5.798415579583972, -0.8668504332329166, 1.2830220481454657, 322231000000, 
5.7703410587336545, -0.8825460159338696, 1.280823378399379, 322236000000, 
5.797913827744675, -0.877608117378532, 1.2789920854150305, 322241000000, 
5.812271451478053, -0.8924343372204687, 1.2769827478530573, 322246000000, 
5.801093409869392, -0.8564208769811467, 1.2752688737760776, 322251000000, 
5.820917765824514, -0.8731530131961606, 1.2730164000653943, 322256000000, 
5.877880122561163, -0.8591445121193211, 1.2713158551478914, 322261000000, 
5.8899825718930785, -0.8484387173604327, 1.2694213401365246, 322266000000, 
5.907098764159185, -0.8609456167654412, 1.2673110579249756, 322271000000, 
5.910876955623134, -0.8679855128596035, 1.2654894011176694, 322276000000, 
5.924214867379582, -0.8733547612348421, 1.2629156073257384, 322281000000, 
5.94854699775282, -0.8551243098558615, 1.2610791629506748, 322286000000, 
5.974440038726884, -0.8624674795029117, 1.259299687543636, 322291000000, 
5.970741011437415, -0.8484379211863023, 1.2572257493640733, 322296000000, 
6.005896702708052, -0.8164026652393773, 1.2543299657501614, 322301000000, 
5.966333479602472, -0.834902820043256, 1.2531739871587892, 322306000000, 
6.032500380745886, -0.8190390036205278, 1.2509190146388485, 322311000000, 
6.045421547318113, -0.8275284282319919, 1.2490955073196066, 322316000000, 
6.0627282009920895, -0.8079408084568248, 1.2468510545473515, 322321000000, 
6.068659714442331, -0.8418804865086132, 1.2448350609583825, 322326000000, 
6.023212230876077, -0.8180840929770188, 1.2423903264521956, 322331000000, 
6.077168688818439, -0.763206171875827, 1.2410998695461648, 322336000000, 
6.094313424105073, -0.8017057306659023, 1.2388133974738982, 322341000000, 
6.123046863133463, -0.8077194831349386, 1.2359698950423277, 322346000000, 
6.130222922989975, -0.7994747179119295, 1.2345446789543346, 322351000000, 
6.102849347826124, -0.7733147429921322, 1.2326349951757343, 322356000000, 
6.170749874076151, -0.7660927570257565, 1.2300768437792353, 322361000000, 
6.146827308491323, -0.795552778157264, 1.2282937158549476, 322366000000, 
6.178385773504786, -0.8065709974099872, 1.226187684748356, 322371000000, 
6.17698818450208, -0.791706266774988, 1.2235423775558487, 322376000000, 
6.196568935994165, -0.7757664198252995, 1.2217061565451233, 322381000000, 
6.222991075187574, -0.7769651246282154, 1.2199261063080284, 322386000000, 
6.21186797543557, -0.7559315542838535, 1.2172914251875262, 322391000000, 
6.262995375803503, -0.7712515224865887, 1.2148045636636142, 322396000000, 
6.291051357887514, -0.7879521147450232, 1.212680659088677, 322401000000, 
6.254806338147867, -0.7889581982718862, 1.2108030169458492, 322406000000, 
6.286289053247471, -0.7341252566056404, 1.2083011071251653, 322411000000, 
6.276890099741165, -0.7578638979839438, 1.2065647026805584, 322416000000, 
6.29658874496854, -0.7620025162919183, 1.2044388321397956, 322421000000, 
6.345096908014022, -0.7321532044062924, 1.201876810857837, 322426000000, 
6.335556829043631, -0.7495342376401819, 1.199132185972021, 322431000000, 
6.327702854871705, -0.7419919823509823, 1.197545338126864, 322436000000, 
6.334729331216306, -0.7451596351001707, 1.194863672204413, 322441000000, 
6.38152231525294, -0.7227631250889806, 1.192591763123178, 322446000000, 
6.380495770663888, -0.7390532016466562, 1.1903545720903366, 322451000000, 
6.396647487672127, -0.7426590614141859, 1.1879900867511985, 322456000000, 
6.382630843235782, -0.7068173126326277, 1.185776359822745, 322461000000, 
6.401445048003905, -0.6488356794525989, 1.182647656210325, 322466000000, 
6.416653875767145, -0.6972036661720794, 1.1810984126286674, 322471000000, 
6.447574812825181, -0.6968647565860699, 1.1786680605097706, 322476000000, 
6.433708855393105, -0.7292680412935679, 1.176571202804957, 322481000000, 
6.456576205232555, -0.6920609181782839, 1.1737021359463993, 322486000000, 
6.505631062314184, -0.6929491306163844, 1.1715267560680696, 322491000000, 
6.472364618181601, -0.6734403452634402, 1.1693420809450983, 322496000000, 
6.529251792816383, -0.6740198791357986, 1.1673670856268323, 322501000000, 
6.505158872387047, -0.6622818524984253, 1.1635931859586948, 322506000000, 
6.504259229401647, -0.6730199900704462, 1.162109605289736, 322511000000, 
6.528057195326405, -0.6497308617890278, 1.1598213705845126, 322516000000, 
6.541916360669871, -0.6485822768101519, 1.156684124008001, 322521000000, 
6.542995523896904, -0.6418881875563892, 1.1546538927390477, 322526000000, 
6.558993951393862, -0.672423434970087, 1.1520049173328668, 322531000000, 
6.5392914015226316, -0.6364910311795331, 1.1496883893755194, 322536000000, 
6.609411959122033, -0.6235150874931797, 1.1470085928092089, 322541000000, 
6.58400252846722, -0.6300724600315533, 1.144830665379573, 322546000000, 
6.606675974847457, -0.6061297890954137, 1.1422711736987616, 322551000000, 
6.632505789662514, -0.6476155085005604, 1.1392003484478805, 322556000000, 
6.602780873828429, -0.6099210257659545, 1.1370203395496221, 322561000000, 
6.642813065373264, -0.5898878951221961, 1.1339303582168383, 322567000000, 
6.621020421032546, -0.5946440510776217, 1.1313562256017202, 322572000000, 
6.6823223272550525, -0.5835297062167263, 1.1295816159514216, 322577000000, 
6.6622070612961375, -0.5769097101158689, 1.1268669962402007, 322582000000, 
6.707921078044381, -0.593378967843102, 1.1246876185221022, 322587000000, 
6.66184045877593, -0.5897441776944938, 1.1218838900258232, 322592000000, 
6.687011007109927, -0.5913287836854044, 1.1192743783926173, 322597000000, 
6.704708309813974, -0.5377410479809346, 1.1167610623151842, 322602000000, 
6.72872179182469, -0.5488171528143408, 1.114326418519355, 322607000000, 
6.736202638581692, -0.5561495469498022, 1.112178921443048, 322613000000, 
6.729766760614864, -0.5442368315219321, 1.1092087125448091, 322618000000, 
6.755814321422393, -0.5094784488786903, 1.1067423948080708, 322624000000, 
6.739429578515569, -0.5163569591013707, 1.1035170306193833, 322629000000, 
6.749591604891528, -0.49818860203378734, 1.1015369205025016, 322634000000, 
6.754991534390688, -0.5338782206490739, 1.0989607192169777, 322639000000, 
6.80037544010019, -0.5057359943813446, 1.0961416494074598, 322644000000, 
6.797315864257457, -0.47092636805263527, 1.0938887010932472, 322649000000, 
6.804319607553056, -0.49177895344186107, 1.0913821235594123, 322654000000, 
6.810855236272471, -0.46496217464759587, 1.0884122045475384, 322659000000, 
6.807816780455741, -0.4756361163941901, 1.086153626789349, 322664000000, 
6.820827317669286, -0.45501129976697263, 1.0836872448108084, 322669000000, 
6.838087279953405, -0.44739786569449713, 1.080793499252009, 322675000000, 
6.847082811716319, -0.4515219107971955, 1.0778729691860187, 322680000000, 
6.863218891751903, -0.42574065327380584, 1.0755016457960163, 322685000000, 
6.831094322851562, -0.44344197684008424, 1.0730334860096082, 322690000000, 
6.865896243982946, -0.4255889995381411, 1.0687542194693525, 322699000000, 
6.910813332751957, -0.41798851933510556, 1.0646477524109037, 322704000000, 
6.892049558690808, -0.3795919133419695, 1.0626407094005732, 322709000000, 
6.9011007100353545, -0.3713546451614832, 1.0598786786697503, 322714000000, 
6.905239585143328, -0.38132739236534435, 1.056542506262714, 322720000000, 
6.953652778598705, -0.3527913625866497, 1.0540263891689539, 322725000000, 
6.971277383430609, -0.39079931394062156, 1.051086023603932, 322730000000, 
6.931124321398419, -0.3151879825856382, 1.0481720004269772, 322735000000, 
6.962277392061627, -0.31556352873017396, 1.0458258090123453, 322740000000, 
6.958687473760636, -0.3382804805860493, 1.0427837855131343, 322745000000, 
6.980147672645843, -0.3384974882289069, 1.040259948353784, 322751000000, 
6.9780953692963426, -0.332931023632967, 1.0371152923601412, 322756000000, 
6.991726133396292, -0.2935971800796904, 1.0341761430503094, 322761000000, 
7.000355832580637, -0.302602737974124, 1.030940911812013, 322767000000, 
6.994736342833768, -0.26991941824408433, 1.0276759810545366, 322772000000, 
7.011627205701032, -0.2776068864109956, 1.0250667568002403, 322777000000, 
6.990575342050439, -0.2838293984926965, 1.0225448339306462, 322782000000, 
6.991659095682173, -0.282812964528574, 1.0198723339325269, 322787000000, 
7.018123768759088, -0.2140148985477214, 1.016873030600321, 322792000000, 
7.046789889094038, -0.2190629068329834, 1.0134430012437103, 322797000000, 
7.051880305724681, -0.24555631054517563, 1.0111073800529955, 322802000000, 
7.055045674312543, -0.19540807318065534, 1.0076455506204307, 322807000000, 
7.048759856662883, -0.22815759783119988, 1.0046993331563754, 322812000000, 
7.077658139324357, -0.19396125750358698, 1.0021274283423875, 322817000000, 
7.073762937793666, -0.1744697908643613, 0.9991652496528536, 322822000000, 
7.095513088663872, -0.16987746373549917, 0.9962754678136193, 322827000000, 
7.1039110785684265, -0.17645780017312362, 0.9926309875598658, 322832000000, 
7.1176116054268475, -0.1354822939016209, 0.9905653643604696, 322838000000, 
7.063485637377179, -0.12674175348279898, 0.9864249733493503, 322843000000, 
7.1097896429429595, -0.13767723539366528, 0.9837551427099157, 322848000000, 
7.091620404295875, -0.11779514175007266, 0.9796002713202683, 322854000000, 
7.168074287166954, -0.12134141566665967, 0.9789976472330144, 322859000000, 
7.124123427453217, -0.1024724366614821, 0.9743878483028203, 322864000000, 
7.1617262465672225, -0.07669089397284676, 0.9722578356266149, 322869000000, 
7.163649457294821, -0.07696636887415277, 0.9687121177638642, 322874000000, 
7.178838115308633, -0.08555302013893022, 0.9655905940737638, 322879000000, 
7.182734854609736, -0.0377890762855119, 0.9623945587256568, 322884000000, 
7.179749712458776, -0.046331340438656804, 0.9597801379522515, 322889000000, 
7.205151335560215, -0.015573027580077975, 0.9561041141067084, 322894000000, 
7.195289805338519, -0.020109295236254637, 0.9531445828835888, 322900000000, 
7.176906669179584, -0.06376557001857389, 0.9520007535132897, 322905000000, 
7.219917174063861, 0.021340998742868204, 0.948556169014199, 322910000000, 
7.195359939169794, 0.03602548015055491, 0.9432599322758596, 322917000000, 
7.2230517182869445, 0.0529118147820613, 0.9403630681680717, 322922000000, 
7.226535717521082, 0.07502169134423307, 0.936220297732997, 322929000000, 
7.245408729773339, 0.06981360494318414, 0.9328351599414364, 322934000000, 
7.252501777824814, 0.07021429183580286, 0.9301323444806487, 322939000000, 
7.264372819007123, 0.08364553471211343, 0.9269270790663114, 322944000000, 
7.281146707342583, 0.13218169984677514, 0.9234691533051914, 322950000000, 
1.1126057420834423, 6.783300118545527, 0.9164331332762372, 322957000000, 
1.0166740406648866, -2.7076610852440486, 0.9182298381657329, 322962000000, 
1.6278812939911926, -4.25518535422389, 0.9213181347899912, 322967000000, 
3.2688015186847825, -1.8968265695636275, 0.9236662298117061, 322973000000, 
5.833845627368601, -0.09053644071377667, 0.9258421298239323, 322978000000, 
9.297525145918996, -0.09809973749201117, 0.9297945160911026, 322983000000, 
6.814542091574886, -0.09664442791108677, 0.9330249325110767, 322988000000, 
7.316152554058153, -0.08839186757916032, 0.9350559894362478, 322993000000, 
7.706697180744453, -0.06235267236279892, 0.9386759997341306, 322999000000, 
7.316660449741355, -0.02169452105055786, 0.9410784992992829, 323004000000, 
5.835808357651591, 0.0010985752199402718, 0.9432145758322158, 323009000000, 
6.959213677354883, -0.03799198906461726, 0.946657532661578, 323014000000, 
9.19501321093056, -0.02881042943818654, 0.9499368415706335, 323019000000, 
5.828429934883937, -0.025171120409717175, 0.9520250388691244, 323024000000, 
6.988079587172322, -0.024955835196940827, 0.9551918441503779, 323030000000, 
7.649701883066817, 0.0179632968506601, 0.9586918607268343, 323036000000, 
8.483310133965011, 0.03977214379349933, 0.9618345033228339, 323043000000, 
7.36532267789873, 0.014685613143430313, 0.9640183496298514, 323048000000, 
7.330874424451024, 0.05429658303932029, 0.9687025532018201, 323053000000, 
5.869321986589233, 0.06153066271782892, 0.9704810006054919, 323058000000, 
7.336693664036696, 0.05675345092111951, 0.9724636232577224, 323063000000, 
7.593346371724533, 0.08383247705703871, 0.9758839245345646, 323068000000, 
7.359872545359054, 0.06927256626043035, 0.9801526844942297, 323075000000, 
7.374524557269122, 0.0714840295226495, 0.9824355679449973, 323080000000, 
8.604476723933859, 0.08159158134596645, 0.9859031437338306, 323085000000, 
5.9065985825998295, 0.07715705984595858, 0.9878245372005495, 323090000000, 
9.105196536495452, 0.14313000360212452, 0.9907913102009771, 323095000000, 
5.941264483184477, 0.08877120831322169, 0.9930395302879852, 323100000000, 
8.686077443890488, 0.13261982348778725, 0.9964235407585132, 323105000000, 
7.416552001562969, 0.12824988327620065, 0.9982300011060558, 323110000000, 
7.579147471885573, 0.1328319095554173, 1.0019901305190124, 323115000000, 
5.943143688104127, 0.0791707653272601, 1.003938128335636, 323120000000, 
8.736825340970446, 0.1625171653340049, 1.0074736645115192, 323125000000, 
7.5755742744160335, 0.12351827358407164, 1.0102828996956217, 323130000000, 
7.413023115567849, 0.14499284617567532, 1.0126338905453918, 323135000000, 
5.95363232912641, 0.10802119162518976, 1.0145322861090238, 323140000000, 
8.796150046613688, 0.1718751249858214, 1.0180611281715628, 323145000000, 
5.97156236211021, 0.1226742870653458, 1.020057576461967, 323150000000, 
7.612845060366536, 0.17115142924879834, 1.0236162512596976, 323156000000, 
7.33075581878396, 0.15021543718860736, 1.0267901434130802, 323161000000, 
7.464438384063164, 0.126706556140833, 1.028782385282291, 323166000000, 
9.078746428738155, 0.161842294781904, 1.0322997001950973, 323171000000, 
5.95497992709921, 0.11056457108931422, 1.0344017950202598, 323176000000, 
8.872160953039694, 0.1650517307563654, 1.0374158510082017, 323181000000, 
7.579834051205562, 0.1669576007189779, 1.0414419164449054, 323186000000, 
7.455822064953634, 0.1463203653423046, 1.0434393505636466, 323191000000, 
7.4757339700841, 0.17521096178527285, 1.0457588545451744, 323196000000, 
6.387481461011898, 0.14195046127552138, 1.0488447731069463, 323201000000, 
7.509945061864925, 0.1814281816084977, 1.0510163042231842, 323206000000, 
7.579732093142177, 0.19268418399496115, 1.0546852848299988, 323211000000, 
7.470506483638378, 0.17115680255203017, 1.0567595535094036, 323216000000, 
8.936950882078015, 0.2103706115521657, 1.0602740578514505, 323221000000, 
6.0166552435259515, 0.15726614034971703, 1.0628508558639056, 323226000000, 
9.068397710401182, 0.18262924684834678, 1.0658643714072842, 323231000000, 
6.006280188489789, 0.1474227810714121, 1.0681687917459763, 323236000000, 
8.950341118922433, 0.18974712048031905, 1.0713576129351097, 323241000000, 
7.596387211001975, 0.16338243621070747, 1.0748206434742833, 323247000000, 
6.047246510317997, 0.12366986498917425, 1.0767780365182895, 323252000000, 
7.486863062998185, 0.14301009987172464, 1.0804712721697725, 323257000000, 
7.527429839972452, 0.16432693186076325, 1.0827577259234944, 323262000000, 
9.086434910449682, 0.1966341554912529, 1.0861233063184543, 323267000000, 
6.0450406645718395, 0.1102086865275819, 1.088470467165466, 323272000000, 
9.003707365944909, 0.20301110520148488, 1.091567106597177, 323277000000, 
6.0621702001331, 0.0938036306016897, 1.0937075741632072, 323282000000, 
7.58485277027996, 0.1640443610119781, 1.098579570657409, 323289000000, 
7.563364820594639, 0.11392401206913957, 1.1008630782397615, 323294000000, 
9.120479285695115, 0.14877503036751855, 1.104171615841923, 323299000000, 
6.078546741511971, 0.1212192220866905, 1.1064074902274414, 323304000000, 
9.037961606977674, 0.14468236492341666, 1.1096847521206858, 323309000000, 
6.10076705885417, 0.09190294871657664, 1.1123890087954043, 323314000000, 
7.653499359430288, 0.12114211522609308, 1.1151635657850643, 323319000000, 
7.584191296527615, 0.13326163642420016, 1.1173686163820338, 323324000000, 
9.047892825513333, 0.13518312178475642, 1.1211369101883895, 323329000000, 
6.06381080472546, 0.04531357145580617, 1.122903330215722, 323334000000, 
9.12204812338316, 0.09277833664117413, 1.1266847227972374, 323339000000, 
7.55564382310163, 0.10543786027965459, 1.1297750490541805, 323344000000, 
6.0620998119598015, 0.0746257716620399, 1.1318815667897113, 323349000000, 
7.624623798694299, 0.1240208296865618, 1.1339947424404522, 323354000000, 
9.145172168328022, 0.10895265194994927, 1.1379746498128092, 323359000000, 
6.08825489913708, 0.05358128927608799, 1.1398648923922636, 323364000000, 
9.104704236188976, 0.0586009309887048, 1.1436588134014638, 323369000000, 
6.1059136040510005, 0.0489173783507688, 1.1453441164379858, 323374000000, 
9.11132177293857, 0.05855249613483622, 1.1492692045299895, 323379000000, 
6.070684869075876, 0.04168228928116548, 1.151100962039167, 323384000000, 
9.091090049160721, 0.06679780034134912, 1.155059951910517, 323389000000, 
6.0660622176359125, 0.021106243005871047, 1.1567712525030822, 323394000000, 
9.109180182619758, -0.011765653380447258, 1.160395609351524, 323399000000, 
6.073748831465383, 0.0179616534429091, 1.162784570402896, 323404000000, 
8.696539486098116, -0.016102414292232806, 1.1669244657370308, 323410000000, 
6.064402575486947, 0.032765244185846, 1.1697420907838931, 323416000000, 
9.103952931222635, 0.0022794772605082662, 1.173038735306622, 323421000000, 
6.094577104289819, -0.02764517050615575, 1.1753996395672484, 323426000000, 
9.150784731724663, -0.03445785910092678, 1.1790953901270713, 323431000000, 
7.5959391455320135, -0.052336126888490604, 1.1820483733339169, 323437000000, 
6.094937368218434, -0.061224370669928974, 1.1845414772218128, 323442000000, 
9.112515539205473, -0.06468233223502601, 1.1882997633391736, 323447000000, 
6.087504921843651, -0.05453547859607507, 1.190612023424401, 323452000000, 
9.108915281888388, -0.10194864392449741, 1.1936753712219228, 323457000000, 
6.051372439466897, -0.07351580955309973, 1.1962869450839637, 323462000000, 
9.181372371785896, -0.1425947917160494, 1.1995108628978206, 323467000000, 
6.868542216636974, -0.14639052539674874, 1.202631186763688, 323472000000, 
7.623012527170542, -0.13938910506525048, 1.2048803863347797, 323477000000, 
7.641715225880926, -0.12205726638026004, 1.2082464018032009, 323482000000, 
26.36318144866083, 5.396195194657575, 1.1954440187086437, 323487000000, 
15.128097853825137, 1.3235770613835434, 1.1882903287812299, 323492000000, 
12.734848790032784, -5.273139881703776, 1.1859433574256322, 323497000000, 
9.351073038359822, -1.7497068788845493, 1.1824850916347722, 323502000000, 
7.6093017601451445, 0.0860880541412869, 1.1798132144500009, 323507000000, 
9.134156883518383, 0.05078446813506526, 1.1759277005617657, 323512000000, 
6.41118432315462, 0.08729354956616141, 1.1727761247216018, 323517000000, 
7.639533736041942, 0.07174133708322382, 1.1703441098030025, 323522000000, 
6.120204687791535, 0.026692766032208156, 1.1673836949236578, 323527000000, 
10.440982665848718, 0.003101675785978024, 1.1632499725514813, 323532000000, 
6.103800222207132, 0.04105024809471381, 1.1613374907216665, 323537000000, 
6.618704110321651, 0.027394270410964254, 1.1577965226004279, 323542000000, 
7.658819946799921, -0.01361209137822958, 1.15496384051, 323547000000, 
7.642862863005573, -0.002739381845164173, 1.1525726597837054, 323553000000, 
8.710685990606814, -0.01996976353446466, 1.1476034333003489, 323558000000, 
6.071438217995196, -0.02051662314137149, 1.1452051114643211, 323563000000, 
10.088720264371982, -0.03309865725588495, 1.14094457588015, 323568000000, 
6.097038725615283, -0.05411841211156029, 1.1392401355492652, 323573000000, 
8.27228976272463, -0.03852063573353954, 1.135513984734197, 323578000000, 
6.0509710036734345, -0.02715089092797373, 1.1324635659686362, 323583000000, 
9.946894131210671, -0.09271407194651902, 1.128510997616199, 323588000000, 
7.5781593752786325, -0.07174177701244434, 1.1263227868348797, 323593000000, 
6.983225737801206, -0.05363011420487464, 1.1228452548397814, 323598000000, 
6.067701817742784, -0.0670577152061353, 1.1203020765728373, 323603000000, 
9.802103351254724, -0.11429396235419487, 1.116088857139388, 323608000000, 
6.08460082030707, -0.07503916131321704, 1.113949807149312, 323613000000, 
8.45807692406134, -0.0948779933231261, 1.110290757330289, 323618000000, 
6.090016865183871, -0.056701148985547914, 1.1076123914783658, 323623000000, 
8.081223899993198, -0.11643229020294185, 1.103965887552272, 323628000000, 
7.572209166599166, -0.09075739136774938, 1.1013735029697642, 323633000000, 
8.537843078624428, -0.10373813923774755, 1.0978829140736839, 323638000000, 
6.062055552032646, -0.09658464218841596, 1.095394963154063, 323643000000, 
10.108625259187876, -0.17000800663963359, 1.092652882195251, 323648000000, 
6.841800913883041, -0.14965907069598056, 1.088777979166261, 323653000000, 
8.634534260358794, -0.13886151989238646, 1.0856098277923265, 323658000000, 
7.587489825575435, -0.14263042243339175, 1.0828648363912943, 323663000000, 
6.780500743134667, -0.14427970681622257, 1.0789296649035387, 323668000000, 
7.588387156020667, -0.14298572013779942, 1.076374115208481, 323673000000, 
7.543247018454435, -0.12608849995200325, 1.0741337046564636, 323678000000, 
10.095732175331948, -0.18715407183080812, 1.071132910449889, 323683000000, 
6.72341163838143, -0.13210276659634362, 1.0663747907388577, 323690000000, 
7.265536786456757, -0.1601560181372054, 1.0626128331610691, 323695000000, 
9.390281812910663, -0.19492140804639843, 1.059061267348263, 323700000000, 
6.06470031389769, -0.12633370893217266, 1.0563584172763296, 323705000000, 
8.751393797089001, -0.15652947188728933, 1.0529648526049622, 323710000000, 
6.051142074217986, -0.1299624856791591, 1.0505064480243986, 323715000000, 
9.330476405801253, -0.1926121345946078, 1.0465737751882274, 323720000000, 
6.025490416417639, -0.11636786682536719, 1.0440698407542797, 323725000000, 
8.789548473945128, -0.14043807081113335, 1.040500362658244, 323730000000, 
6.053159753556334, -0.10621774445576844, 1.0376865726640336, 323735000000, 
9.238294320994294, -0.19861843360088188, 1.034083742089945, 323740000000, 
6.024834166874278, -0.11469894052791461, 1.0317305343330676, 323745000000, 
7.54235268323945, -0.15452928589753262, 1.0292629089723124, 323750000000, 
7.337836670420433, -0.14315218950337302, 1.0257363501302343, 323755000000, 
9.208830094131592, -0.1938716308776033, 1.0221335768420658, 323760000000, 
7.3458617136344655, -0.13520089199197857, 1.0183815538011252, 323765000000, 
7.547715132132702, -0.12402372813942791, 1.0156264940119948, 323770000000, 
6.013373152486905, -0.09175747255710713, 1.0136163812770176, 323775000000, 
9.164646900812953, -0.1500698998042642, 1.0100889552719023, 323780000000, 
5.985753503782947, -0.0894500273395325, 1.0072352540260159, 323785000000, 
7.348221866357985, -0.15792587479426723, 1.003913751402532, 323790000000, 
9.982025940060202, -0.1606052658563839, 1.0015859054973506, 323795000000, 
7.596109193686892, -0.16370644326315337, 0.9977667891658689, 323801000000, 
7.357753597069011, -0.11960853312028029, 0.9946106277339916, 323806000000, 
7.499896053333395, -0.10140265648366739, 0.9920349007047047, 323811000000, 
7.565034330347725, -0.09858199689559391, 0.9880343355495667, 323816000000, 
5.983827861343538, -0.09359643889932984, 0.9860931061071533, 323821000000, 
8.851796473201846, -0.12212427968972267, 0.9824060002220545, 323826000000, 
5.950815654756028, -0.07790045602986348, 0.9799260300692308, 323831000000, 
9.02824997694558, -0.11965012746793229, 0.9763032720206357, 323836000000, 
7.445649909160887, -0.06455010336643661, 0.9737281431552488, 323841000000, 
5.974059874344396, -0.054979864880751475, 0.9715497137768689, 323846000000, 
7.349933853126941, -0.0689597864535717, 0.9680353059059625, 323851000000, 
9.02218206844813, -0.08795366062222519, 0.9646664073210931, 323856000000, 
7.44010855849591, -0.08122047128690718, 0.9616318007505794, 323861000000, 
5.9439760614109876, -0.05681895997066769, 0.9597413940305952, 323866000000, 
7.427183930252888, -0.04871748242585193, 0.9570574129973173, 323871000000, 
8.820461030126824, -0.018679179340333446, 0.9529625527037403, 323876000000, 
7.4039227931027805, -0.019861711525381104, 0.9488289098898978, 323882000000, 
7.442652320478185, -0.006663622988984572, 0.9448428414269315, 323887000000, 
4.86246767877845, -0.028548850548639936, 0.9435142532140363, 323892000000, 
7.446845500306917, 0.00852252154757209, 0.9393365415210776, 323897000000, 
8.795318023123226, 0.028310839785577014, 0.9359274839973876, 323902000000, 
5.878009601529742, 0.035191406100249234, 0.9337670684747066, 323907000000, 
8.91174773217922, 0.026121662070984486, 0.9300805020984486, 323912000000, 
6.288839762871868, 0.0198495227269838, 0.9261004326653736, 323919000000, 
7.373999254780012, 0.04249447160350235, 0.9236091097642923, 323924000000, 
8.919030181216165, 0.06437989712490172, 0.9200727033568701, 323929000000, 
7.305484680742751, 0.043739924006311326, 0.9164229516851552, 323934000000, 
5.893678251821197, 0.0815063800494101, 0.913722408162, 323940000000, 
7.398550026728944, 0.08187710466403458, 0.9104484411881968, 323947000000, 
8.380224221656437, 0.08309157736394378, 0.9049935897051381, 323952000000, 
5.856256406064588, 0.0898821998860317, 0.9023878134526832, 323957000000, 
7.31987163393501, 0.12025171743001067, 0.8984215991808246, 323963000000, 
8.85599189976526, 0.17407648250613353, 0.8948316172927884, 323968000000, 
5.84946956307356, 0.12737948784228886, 0.8921284510875355, 323973000000, 
8.753185432306863, 0.17573652383978, 0.888456247554905, 323978000000, 
0.7170598556852623, 6.003503386747795, 0.885234707583735, 323983000000, 
1.1099548134898032, -1.9259622649841586, 0.886388396546556, 323988000000, 
1.1137888967750111, -1.8273994374618667, 0.8872665698145565, 323993000000, 
1.0670084654720007, -1.7244341918922363, 0.8888294316165323, 323998000000, 
6.899400146711333, -0.15226750243052817, 0.890687790389978, 324003000000, 
7.286913177351578, -0.02888370512174515, 0.8948168962431167, 324008000000, 
7.355240600347658, -0.03171298936923346, 0.8973105223768902, 324013000000, 
7.329471352461855, 0.035903612491839106, 0.9001863100481795, 324018000000, 
7.313791789584148, 0.007508553255065192, 0.9029789454917172, 324024000000, 
7.2869476909941095, 0.029757807445839494, 0.905856991790952, 324029000000, 
7.278548932694357, 0.015821841049079095, 0.9086644740345133, 324034000000, 
7.280433322696457, 0.07246189103070796, 0.9104267955128539, 324039000000, 
7.272994076946637, 0.07069529889996228, 0.9141760009494718, 324046000000, 
7.26332828867078, 0.09883541622658334, 0.9177321514107105, 324051000000, 
7.258488898807974, 0.0711472593896874, 0.9196993177873247, 324056000000, 
7.241171749626368, 0.06089345620997326, 0.9232925885277586, 324061000000, 
7.234091406862353, 0.08708508512745171, 0.9259375081188498, 324066000000, 
7.2075963087259804, 0.10642108720321053, 0.9286747447167137, 324073000000, 
7.225354305687643, 0.11400552377629536, 0.9325590748806328, 324078000000, 
7.213328864313315, 0.12903134687460976, 0.9359613455900592, 324084000000, 
7.211770186481416, 0.15937976806484522, 0.9382330042134508, 324089000000, 
7.21423499407462, 0.15086685787064277, 0.9409366446591818, 324094000000, 
7.210030158743161, 0.20712481004120875, 0.9436284375706127, 324099000000, 
7.18530930846626, 0.17492023347507996, 0.9461607424205578, 324104000000, 
7.205890588425693, 0.19224763064635694, 0.9490928543463947, 324109000000, 
7.186174948349505, 0.1857625571487837, 0.9518339843244281, 324114000000, 
7.175902536589289, 0.19784608150589147, 0.9546536432207685, 324119000000, 
7.171863560849352, 0.17947034024216857, 0.9575536734016584, 324124000000, 
7.134473381948978, 0.22804795787239496, 0.9596784402065419, 324129000000, 
7.130815198722657, 0.21497320315312315, 0.9626928251937285, 324134000000, 
7.130199451201744, 0.25730285671195335, 0.9658865677609959, 324141000000, 
7.125798779763985, 0.2682573012043917, 0.9685049923273741, 324146000000, 
7.140256556308754, 0.2814942708992073, 0.9715636859614176, 324151000000, 
7.113846634551838, 0.28124803314109653, 0.9738953142042849, 324156000000, 
7.147667617448458, 0.28918324579296223, 0.9765791400951588, 324161000000, 
7.087762958725472, 0.28931167850624234, 0.9801292249720776, 324167000000, 
7.034261936226446, 0.3017600899762186, 0.9813878185166264, 324172000000, 
7.103647890668282, 0.3038712627636991, 0.9839161958305163, 324177000000, 
7.095987406455674, 0.28785652335337586, 0.98732319483981, 324182000000, 
7.064705719203065, 0.3280045507155853, 0.9892096208689994, 324187000000, 
7.084269531955866, 0.3340758554180684, 0.9920315434160658, 324192000000, 
7.07233152625534, 0.3233878795511492, 0.9946873683473095, 324197000000, 
7.02551561767355, 0.3396320510635442, 0.9967350585427259, 324202000000, 
7.046244990058413, 0.37887484938605004, 0.9993746008836198, 324207000000, 
7.017762717189041, 0.36474273750254405, 1.0025298994778915, 324213000000, 
7.0004717341642895, 0.3807178916132585, 1.005031032301143, 324218000000, 
7.009908960520135, 0.41292434408999146, 1.0073778518134335, 324223000000, 
7.042283495021975, 0.38992110683805337, 1.0097200498729784, 324228000000, 
7.0092616744049385, 0.4029588119761916, 1.0126231412676583, 324233000000, 
6.9930479708709745, 0.4035284600326764, 1.014946656598659, 324238000000, 
6.993254379648513, 0.4326563420906127, 1.0169870221308404, 324243000000, 
6.9926952069803745, 0.4215595206367152, 1.019522599447631, 324248000000, 
6.998363610773775, 0.4468798295901142, 1.0217478656061012, 324253000000, 
6.957987440039263, 0.4296137908641302, 1.0241073669119531, 324258000000, 
6.941199369025916, 0.47553501113135077, 1.026898402055376, 324264000000, 
6.932259812066514, 0.45966134169144385, 1.0293282639562549, 324269000000, 
6.9288162619493425, 0.4560570983955037, 1.0310664906155522, 324274000000, 
6.901971141452299, 0.4554209995529006, 1.0341099444576454, 324279000000, 
6.917201287407136, 0.4748970041739883, 1.0360668328797873, 324284000000, 
6.897763262447403, 0.5001860703607153, 1.038830172320166, 324289000000, 
6.855880248076901, 0.44459121868716794, 1.0411459265450689, 324294000000, 
6.904214078948619, 0.492791640130601, 1.0431911896525436, 324299000000, 
6.878072962617532, 0.5091558082265661, 1.0453152810193251, 324304000000, 
6.880927512698038, 0.5464114849731271, 1.0470187528762551, 324309000000, 
6.850811440705385, 0.49650686698078766, 1.0498278049798708, 324314000000, 
6.878993315192969, 0.5175324307158015, 1.0511415269076165, 324319000000, 
6.861682623850557, 0.5388202105725418, 1.054968647457142, 324324000000, 
6.830559753769687, 0.5413358491785172, 1.0570937045640196, 324329000000, 
6.870495302776248, 0.5421466948498416, 1.0591545946752148, 324334000000, 
6.834301538160068, 0.5422999477904482, 1.0615603946776282, 324339000000, 
6.8043488891553086, 0.5768994636683161, 1.063339719044267, 324344000000, 
6.803271355935887, 0.5914881332507552, 1.0660851881899716, 324349000000, 
6.772232608104971, 0.5745409976095182, 1.0684644824031033, 324354000000, 
6.7806024168360235, 0.5610334894304706, 1.0703752857359106, 324359000000, 
6.789628763582952, 0.568640120688448, 1.072864509207093, 324364000000, 
6.776272444334025, 0.5853379873687391, 1.0751581318332808, 324369000000, 
6.7745608852993175, 0.5772236412294149, 1.077206531170976, 324374000000, 
6.765702234015595, 0.5853460963307758, 1.0800920997698993, 324379000000, 
6.7625316077920266, 0.5742745027003398, 1.0821578769616804, 324384000000, 
6.717905373143332, 0.6388871038077825, 1.0843544180631093, 324389000000, 
6.718601227995199, 0.6520585246718242, 1.0862330694708355, 324394000000, 
6.721437337675587, 0.6058721451239285, 1.089168408319515, 324399000000, 
6.7220724731299315, 0.6221198783185146, 1.091208166749356, 324405000000, 
6.670206323237586, 0.6242207800965465, 1.0935338890307151, 324410000000, 
6.652777321151586, 0.6239631803598116, 1.0959513521762967, 324415000000, 
6.705024728870012, 0.6406918847486233, 1.098560735220756, 324420000000, 
6.657675176578097, 0.6141491950887858, 1.0994998529815425, 324425000000, 
6.664013989822886, 0.6550527945021233, 1.1030825195628877, 324430000000, 
6.656727712315972, 0.6621242908538019, 1.105447745157404, 324435000000, 
6.626319245173456, 0.7034185058340661, 1.1071688753675581, 324440000000, 
6.603772608171866, 0.684815122037366, 1.1094777869697459, 324445000000, 
6.638162605860647, 0.676529133169149, 1.1121894001443655, 324451000000, 
6.562317525502867, 0.6634121495044708, 1.1149076689418331, 324456000000, 
6.592184648439127, 0.6981761743852318, 1.116306648604088, 324461000000, 
6.586981046816617, 0.6765004479246257, 1.1190308091445142, 324467000000, 
6.583728081910925, 0.7216435082784081, 1.1213808555050524, 324472000000, 
6.539179863191806, 0.7217624570566266, 1.1232678552117452, 324477000000, 
6.5612554365607805, 0.7362693259298875, 1.125762783061749, 324482000000, 
6.508341612545296, 0.7033366129194667, 1.127884617973452, 324487000000, 
6.521340225643679, 0.7000486798125138, 1.1298880243677838, 324492000000, 
6.5268806100916406, 0.7077668605967463, 1.1313715611338444, 324497000000, 
6.484510092879537, 0.7381046032605669, 1.13448491710888, 324503000000, 
6.4775058577731635, 0.6978918051183257, 1.1363206695625447, 324508000000, 
6.488200859652846, 0.7334885340709438, 1.138437168599147, 324513000000, 
6.428062505668841, 0.7399742325160644, 1.1411074213507824, 324518000000, 
6.452919114576557, 0.7172519204504099, 1.1425620119808757, 324523000000, 
6.460319679242256, 0.733959963817302, 1.1447076852710818, 324528000000, 
6.443291374616871, 0.7660841657878552, 1.1467052665129494, 324533000000, 
6.3866622739891445, 0.7661337832286338, 1.1485476066611189, 324538000000, 
6.4217341764243905, 0.7241245750958225, 1.1502402673383811, 324543000000, 
6.381565789470576, 0.7701734384216061, 1.1532230630433316, 324550000000, 
6.386620248114161, 0.7484986486840198, 1.1552001340770603, 324555000000, 
6.319148152168484, 0.787459064594291, 1.1568294920968047, 324562000000, 
6.336986408952632, 0.7922304631740944, 1.1599143838232202, 324567000000, 
6.317379564764651, 0.7550259659331733, 1.1617214751430658, 324572000000, 
6.3120063332172345, 0.7765942020008921, 1.1635035634425166, 324577000000, 
6.295149210682466, 0.7629740694237744, 1.165401718710998, 324584000000, 
6.291679156960725, 0.8043539627718415, 1.1684328388942102, 324589000000, 
6.289776161326993, 0.7887350931703644, 1.1700851457353159, 324595000000, 
6.264828764569522, 0.830286537101119, 1.172716103129282, 324601000000, 
6.248796130625291, 0.7886524403490047, 1.175498194771768, 324606000000, 
6.239517572198575, 0.7991977250470509, 1.1769332789503715, 324611000000, 
6.182972393642476, 0.7748252810503384, 1.1787308695890604, 324616000000, 
6.212043970390561, 0.8042755539352515, 1.1806629471888497, 324621000000, 
6.212725440573565, 0.8330435370225069, 1.1825843500437268, 324626000000, 
6.159949414299997, 0.8278166704194252, 1.1843031031328841, 324631000000, 
6.1710122392886255, 0.8193051589745963, 1.1865502980053748, 324636000000, 
6.167841277855055, 0.8270457973160832, 1.1876594964522633, 324641000000, 
6.119007192852648, 0.8108274581153885, 1.1907992433302041, 324648000000, 
6.113117016584812, 0.8359561904087321, 1.1928504404590283, 324653000000, 
6.105893532815568, 0.8398386835512547, 1.1958156497638313, 324660000000, 
6.097153920387607, 0.8480579274165724, 1.1973773895700361, 324665000000, 
6.032375197133593, 0.8137667051841342, 1.1995916923295857, 324670000000, 
6.06445052495635, 0.8749055139512285, 1.2010140337563082, 324675000000, 
6.032216519377461, 0.8344387266470571, 1.2031386312881307, 324680000000, 
6.008402946117338, 0.8643601117399453, 1.204874674939133, 324685000000, 
6.026773036461398, 0.8511632230946964, 1.2066731472741525, 324690000000, 
5.986868318934784, 0.8708749308588631, 1.2087028034685954, 324695000000, 
5.97241938927078, 0.9076972954371483, 1.210895146688168, 324700000000, 
5.966661934324745, 0.8710315818049882, 1.2131552016398572, 324705000000, 
5.95443302057852, 0.9143172423143138, 1.2147508501412625, 324710000000, 
5.933431553202618, 0.876439563826632, 1.2170432199048669, 324717000000, 
5.900787159735267, 0.8875233511097401, 1.2185827713381823, 324722000000, 
5.898878211859921, 0.8721995498133063, 1.2206459499106144, 324727000000, 
5.87467466139587, 0.8603453578594741, 1.2228402416328183, 324733000000, 
5.885888351418304, 0.8959872744913254, 1.2248914992938313, 324738000000, 
5.852795635817981, 0.889097790903264, 1.226548865066366, 324743000000, 
5.833411103124357, 0.9166970458448922, 1.2280777913179275, 324748000000, 
5.817383013415773, 0.9036361066160048, 1.2299919775051238, 324753000000, 
5.790923534720106, 0.8870519485775, 1.231933578578464, 324759000000, 
5.771240426212387, 0.8975057527356607, 1.233894302785589, 324764000000, 
5.779786707425994, 0.9402885543140049, 1.2357735704163464, 324769000000, 
5.734038612850279, 0.9412196926485061, 1.2382247141413636, 324776000000, 
5.709377827325272, 0.9392298177392429, 1.2394709487796702, 324781000000, 
5.677345138028365, 0.9056857609676358, 1.240871405588812, 324786000000, 
5.713382982583905, 0.9251470327270404, 1.2431092305808444, 324791000000, 
5.655729886583695, 0.9383721699581967, 1.2445140726872617, 324796000000, 
5.651871753617739, 0.9208499292257928, 1.2457679100850216, 324803000000, 
5.645222129714905, 0.9375152828781986, 1.2482801921311355, 324808000000, 
5.652366685737894, 0.9228822539246893, 1.2503749839977294, 324813000000, 
5.632376625734758, 0.9130442357292781, 1.2516441527662172, 324818000000, 
5.641122571796866, 0.9714052537073412, 1.252963524960681, 324823000000, 
5.565097491793072, 0.9858503787468273, 1.2551281074715053, 324828000000, 
5.534658755365897, 0.9712855100388629, 1.2561097268378105, 324833000000, 
5.536399756630961, 0.9550586793435928, 1.2583462407631405, 324838000000, 
5.515656927160794, 0.9311054462654905, 1.2596650921883228, 324843000000, 
5.460983604708318, 0.9712226212958075, 1.260980806757629, 324848000000, 
5.486854925224805, 0.9865137103185381, 1.26221364337262, 324853000000, 
5.458750125284363, 0.9635338592393738, 1.2640234388530291, 324858000000, 
5.428811916650317, 0.9464695688504341, 1.2650709152410347, 324863000000, 
5.428781157172202, 1.0105358959395376, 1.266346254018195, 324868000000, 
5.421771663765213, 1.003531231137152, 1.26859741124, 324873000000, 
5.369826827043528, 0.996102581952184, 1.2701089251673197, 324878000000, 
5.365948607090139, 1.020365668857124, 1.2715248748084333, 324883000000, 
5.352861809729518, 0.9931484791481775, 1.2729897137138355, 324888000000, 
5.303085557927787, 1.0228799929561485, 1.274288207651456, 324893000000, 
5.315364274562984, 1.027425391242695, 1.2760533635378217, 324898000000, 
5.286877605011114, 1.0060638916256703, 1.2770580899171593, 324903000000, 
5.246300155253249, 1.015032903801664, 1.2786295483665087, 324908000000, 
5.234171897633225, 1.0107157563296967, 1.2801336794962832, 324913000000, 
5.221533342991391, 1.0313266384086275, 1.2816994521467164, 324918000000, 
5.203022729079087, 0.9987061014124076, 1.2833578937714036, 324923000000, 
5.151426448197522, 1.0575394425024607, 1.28430838182762, 324928000000, 
5.148962101775744, 1.0729446951094908, 1.2859818642743097, 324933000000, 
5.140215548198649, 1.0615504861529033, 1.287078393794867, 324938000000, 
5.111114968353363, 1.0605410176424719, 1.2885714108856732, 324943000000, 
5.081226746817071, 1.0687056709421858, 1.2897746705650006, 324948000000, 
5.068986197218329, 1.0570820196174466, 1.2922428937143777, 324954000000, 
5.065159446560885, 1.055754768723616, 1.2938771841185863, 324959000000, 
5.027803980413116, 1.0726327032450413, 1.2941247884240796, 324964000000, 
5.013808078702717, 1.0740301815092423, 1.2957754304158902, 324969000000, 
4.979456085379449, 1.0888923535229384, 1.2972086451846243, 324974000000, 
4.943351315315465, 1.0654835450727345, 1.298426565502095, 324979000000, 
4.922999316060146, 1.0766480859298186, 1.3002079571565683, 324984000000, 
4.9322799276740685, 1.0778998405943216, 1.3017510515121966, 324989000000, 
4.8721251581019915, 1.0738274195103947, 1.3034021093363157, 324994000000, 
4.851697366448052, 1.12938341884254, 1.304152047058886, 324999000000, 
4.848878434782955, 1.0879849063114302, 1.306052888032939, 325004000000, 
4.8190665299317255, 1.0963271021496759, 1.3072895138989493, 325009000000, 
4.79381769264344, 1.1416667512196745, 1.3086401069133164, 325014000000, 
4.775510955446823, 1.106897945450907, 1.3096609708331703, 325019000000, 
4.7472720992381126, 1.1033958690301935, 1.3111196858773642, 325024000000, 
4.745024614947322, 1.1331130776882405, 1.3122419632480944, 325029000000, 
4.679462753934757, 1.1159644981239951, 1.312949843943693, 325034000000, 
4.690020435354852, 1.1362801899120971, 1.314354681280974, 325039000000, 
4.650932909284387, 1.1314744569776662, 1.315547189631523, 325044000000, 
4.626517383728106, 1.1395325841193467, 1.3167347640097582, 325049000000, 
4.612284452836284, 1.1522798792770699, 1.3177707166684154, 325054000000, 
4.5880961756238845, 1.187226889143485, 1.3194419408378817, 325059000000, 
4.581621351450074, 1.154031213238904, 1.3202238153628771, 325064000000, 
4.520310863058456, 1.1661572011607613, 1.3212141734361216, 325069000000, 
4.487133044619156, 1.1631300609473874, 1.3227005023503784, 325074000000, 
4.545248937624103, 1.1994105002093038, 1.3231925868959615, 325079000000, 
4.440525361433926, 1.1883379737907176, 1.3246144487659075, 325084000000, 
4.419085486940235, 1.1937451010657882, 1.3257869880798068, 325089000000, 
4.419920241326378, 1.2135856723395013, 1.3268968923055964, 325094000000, 
4.353053423538841, 1.2024029153640474, 1.3280004939802539, 325099000000, 
4.3682973475264, 1.2092737483904434, 1.3288145390204171, 325104000000, 
4.307851445246232, 1.2287380181722, 1.3295434144202443, 325110000000, 
4.292066925660819, 1.2056161495886892, 1.3305001204755527, 325115000000, 
4.274081967256921, 1.2462518085044778, 1.331943054793132, 325120000000, 
4.248637548060792, 1.231720816055303, 1.3323299375705122, 325125000000, 
4.236212008545992, 1.2574479311167628, 1.333457471126571, 325131000000, 
4.211778405240084, 1.2393393012806728, 1.335011120043804, 325137000000, 
4.177171536219943, 1.2491056261331308, 1.3353900147827436, 325142000000, 
4.138393644846138, 1.2469496165429266, 1.336486414540931, 325147000000, 
4.104211410195037, 1.2426547361264078, 1.336966798161802, 325152000000, 
4.060605755327158, 1.2997651150445497, 1.3381970746167537, 325157000000, 
3.982536413080184, 1.2731080652537174, 1.3391629998673182, 325162000000, 
4.00711543971995, 1.2596026019830286, 1.3398077699855695, 325168000000, 
3.973494046699428, 1.308770173673541, 1.3405136115373275, 325173000000, 
3.9680036415107414, 1.3245945886866686, 1.3414284342047686, 325178000000, 
3.9241863009949727, 1.316681315337623, 1.3420480107149992, 325183000000, 
3.8929221861246415, 1.32579041579956, 1.343050085263896, 325188000000, 
3.8629775776525985, 1.333952366658472, 1.3434322853205496, 325193000000, 
3.8490091432748637, 1.3380849709077502, 1.344339302853072, 325198000000, 
3.8360164173119724, 1.3585565044861132, 1.345262796537957, 325203000000, 
3.795348566512007, 1.3633656591775436, 1.3459885938883291, 325208000000, 
3.7698412938041312, 1.3476845510635036, 1.3465927000662299, 325214000000, 
3.7259680633933505, 1.3537211170349663, 1.3476690597850973, 325219000000, 
3.6845399833404073, 1.368098788333785, 1.348032166515433, 325224000000, 
3.6730674199897932, 1.3798938472201048, 1.3489261347338442, 325229000000, 
3.61778351532569, 1.3704619669138884, 1.3494997676116067, 325234000000, 
3.599008725700277, 1.4123452247870556, 1.3503964370446437, 325239000000, 
3.5489326279044096, 1.4099679807242287, 1.3510535728605522, 325244000000, 
3.5592299687723927, 1.3989886050369158, 1.3515768997219733, 325249000000, 
3.5175965945537153, 1.4149263457497134, 1.3519233743977666, 325254000000, 
3.4516538712590914, 1.4354623241719289, 1.3530061717401844, 325260000000, 
3.459108369799897, 1.464554576348652, 1.3535193873512374, 325265000000, 
3.40587344082132, 1.4330712473091904, 1.354398839381767, 325271000000, 
3.357183524896208, 1.4492970339116964, 1.3546156665454985, 325276000000, 
3.3130438230574937, 1.458671981205063, 1.3556543300477002, 325281000000, 
3.2643766657499005, 1.4712449457426222, 1.3556728606794943, 325288000000, 
3.271571946548364, 1.4602420018739555, 1.3566145760304358, 325293000000, 
3.2269725107127543, 1.490729464497941, 1.3572701006978771, 325298000000, 
3.1712036889422226, 1.5304017691903204, 1.3577431956534138, 325305000000, 
3.1290645358445306, 1.511715016049762, 1.3581909313527698, 325310000000, 
3.1009328190672414, 1.5340224643755165, 1.3589669412472543, 325315000000, 
3.079329475929088, 1.5134062187296318, 1.3595375078371448, 325320000000, 
3.0572283932344186, 1.5374606378170996, 1.3597454945411724, 325325000000, 
3.036679111559122, 1.5815887457308568, 1.3596763264005258, 325330000000, 
3.000489579294413, 1.5564133530989663, 1.3601485989107365, 325335000000, 
2.94279674590557, 1.5841566418950008, 1.360256527264159, 325340000000, 
2.9172909327757433, 1.6084574688109397, 1.3607032222580784, 325345000000, 
2.894686964870558, 1.6188638149953474, 1.3606583253905193, 325350000000, 
2.837595072297721, 1.6269423742184022, 1.3611267086976313, 325357000000, 
2.8005796132834364, 1.6483497887633132, 1.3611139734030513, 325362000000, 
2.8208749983572416, 1.633222422024104, 1.3617271183658068, 325367000000, 
2.716966203603122, 1.6721568590831257, 1.3618276798880589, 325372000000, 
2.7145453029139586, 1.6825014842309427, 1.362181624782703, 325377000000, 
2.651380273946061, 1.6855987012525255, 1.3618860000434971, 325382000000, 
2.646954120470406, 1.7049251948043511, 1.3622219250782526, 325387000000, 
2.5814630027468466, 1.730022257091067, 1.3621830073703067, 325393000000, 
2.5630109872898656, 1.723452575929847, 1.3622440356302916, 325398000000, 
2.509242739510489, 1.705791682461018, 1.3619902799019885, 325403000000, 
2.461558161917619, 1.7447727251570593, 1.3621248331086633, 325410000000, 
2.4116340178930793, 1.762353331909376, 1.3622619600223977, 325417000000, 
2.367410149746308, 1.751589702438784, 1.3619374183615458, 325422000000, 
2.334796457993858, 1.78438697363759, 1.3616594325459408, 325427000000, 
2.309912971633131, 1.7849423235146165, 1.361532763770463, 325432000000, 
2.2852382263354554, 1.8558019560883496, 1.3615546383114292, 325437000000, 
2.261035027800836, 1.823301510524524, 1.3611015623759393, 325442000000, 
2.1933739833076755, 1.7986136432048698, 1.3612398402152817, 325447000000, 
2.177850643428815, 1.8608067955148206, 1.3607756890733003, 325452000000, 
2.0965809860578752, 1.8521725300369258, 1.3607454562894798, 325458000000, 
2.0950929310445603, 1.885526375106535, 1.3608836072716826, 325463000000, 
2.0179002874239753, 1.8813546568917316, 1.3604384191221788, 325469000000, 
2.0144343430003135, 1.9122699355260533, 1.359816318585648, 325474000000, 
1.9534609378414696, 1.9316888828350736, 1.3598080682406877, 325479000000, 
1.917880147250739, 1.9692014717850166, 1.3590471248923506, 325484000000, 
1.88580028485574, 1.9835594718763607, 1.3590128651806204, 325489000000, 
1.8429684669877955, 2.005295421242169, 1.3584980635297992, 325494000000, 
1.8202984443853776, 1.982932184137797, 1.3582364662472546, 325499000000, 
1.7529781336478216, 2.018337219380586, 1.3581053899692468, 325504000000, 
1.717693103238028, 2.0207393255371366, 1.3575565761456752, 325510000000, 
1.7064431529394137, 2.050488346364235, 1.3570414339259387, 325515000000, 
1.700574555394065, 2.063440046732631, 1.3564803483471812, 325520000000, 
1.594969674144829, 2.06740072363459, 1.3561748177145054, 325525000000, 
1.5995584809608954, 2.121304716145719, 1.3557031967021818, 325530000000, 
1.5501965970249891, 2.150293046298507, 1.3552952742801925, 325535000000, 
1.5101893504027069, 2.1150931977091765, 1.3549349943525992, 325540000000, 
1.4616474684576681, 2.1246025151306327, 1.3539570650272443, 325545000000, 
1.3971125260322015, 2.151117285705252, 1.3533775054551294, 325550000000, 
1.377005624694075, 2.159857795472645, 1.352981077817449, 325555000000, 
1.339974802732369, 2.1502281235360194, 1.352640315883983, 325561000000, 
1.2970499462320502, 2.2121781935899656, 1.3520741993130707, 325566000000, 
1.2623542160309038, 2.214887717733772, 1.3512025305856359, 325571000000, 
1.2007626350687033, 2.228228571954891, 1.350176910039108, 325578000000, 
1.1698473967007479, 2.2415424786950906, 1.3491241739798547, 325583000000, 
32.3553064770568, -13.82612387960805, 1.3613842848795543, 325589000000, 
33.45035803508552, -13.554681354445583, 1.3844656475907393, 325594000000, 
-2.5561210330059847, 5.085064223125089, 1.3828854441849707, 325599000000, 
-0.040983414467173594, 3.398573036479027, 1.3831322251959115, 325604000000, 
-7.667816850433369, 4.630739778291191, 1.3803029408518055, 325609000000, 
4.822822761979925, 1.249247868624934, 1.3835686554880169, 325614000000, 
0.001894085356508637, 1.5380027221047243, 1.3839477556354816, 325619000000, 
0.24001103564235898, 1.7458604380806393, 1.3840839563505065, 325624000000, 
-2.009534500562173, 6.830028829745847, 1.3817913471317262, 325629000000, 
7.562124254439054, 0.8057780447029298, 1.3859367273876662, 325634000000, 
-0.852885460685753, 1.6938111698123324, 1.385470886317772, 325639000000, 
-0.3442013974334664, 1.902444066397788, 1.3854529302668526, 325645000000, 
0.47439035178871947, 2.002332013061433, 1.3858836994392476, 325650000000, 
0.6549178830872602, 2.167409787279052, 1.3863845498869285, 325655000000, 
3.8813203723556398, 4.055663674858624, 1.3874395158105948, 325660000000, 
0.9956978135135814, 3.562015382032964, 1.3868209007745296, 325665000000, 
0.8907402615835655, 3.4321181153578637, 1.3864996219574253, 325670000000, 
0.8447175450852251, 3.3742169047645616, 1.3858672159057461, 325677000000, 
-0.11593969637358316, 3.2107073732752713, 1.3851231564929083, 325682000000, 
0.3687494377599136, 3.2058571961013214, 1.3856039667192985, 325687000000, 
0.5785398101646421, 3.1704116525628137, 1.3845231618069178, 325692000000, 
0.6279389587815566, 3.1405813877338717, 1.3841784325464734, 325699000000, 
0.5445398519830763, 3.1233474353760307, 1.3835735105365747, 325704000000, 
0.5126524382010859, 3.118741994957456, 1.383025662020342, 325709000000, 
0.49225507070767194, 3.1460195540389853, 1.382555573728974, 325714000000, 
0.4475208612689993, 3.154577916772254, 1.3820023055428101, 325719000000, 
0.43079235986405534, 3.149625120472991, 1.3819538838094285, 325725000000, 
0.3610529226331349, 3.18340025883082, 1.3814982769436466, 325730000000, 
0.34119416519160395, 3.1826034974882003, 1.3807344430436568, 325735000000, 
0.30424406148613464, 3.2351334233519227, 1.3801426694190089, 325740000000, 
0.2606735451407159, 3.248336402684062, 1.3797332524706833, 325745000000, 
-1.194186833815589, 2.252442210141807, 1.3789835420554408, 325750000000, 
2.5536189458940326, 2.8628956996075283, 1.3800516061269488, 325755000000, 
1.1703262573261533, 3.722639722194992, 1.379708774429977, 325760000000, 
-0.682916188550485, 3.5210178224745348, 1.3786777201454132, 325765000000, 
-0.1852327674877782, 3.4978998949385804, 1.3777699251066513, 325770000000, 
-1.466666282427632, 2.471586418091385, 1.3772718369777852, 325775000000, 
1.407786549464551, 2.7444364730172457, 1.3776777909153946, 325780000000, 
1.2765929575419972, 4.075980320955234, 1.3779001995411322, 325785000000, 
-0.7732288142389221, 3.7329811412599887, 1.376805214405944, 325790000000, 
-0.41256928211589183, 3.69416878777941, 1.3763411121486484, 325795000000, 
-1.711413588760513, 2.3352084515413787, 1.3756380693651, 325801000000, 
1.7668883524156227, 3.2116703067093453, 1.376626251884935, 325806000000, 
0.15438695439196518, 4.095861536357597, 1.3758714972542627, 325811000000, 
-0.9510138024441498, 3.9516471946453757, 1.375025410443114, 325817000000, 
-1.5965613069507782, 2.6575351978421486, 1.3739462729754646, 325822000000, 
0.17301695574030454, 2.4944037717167618, 1.3745751649666191, 325827000000, 
2.0662639553920963, 4.074485515228182, 1.3754958373545392, 325832000000, 
-0.6284484866284744, 4.325818734414095, 1.374319584407037, 325837000000, 
-1.0906055346777679, 4.165662528308686, 1.373930712324821, 325842000000, 
-1.9700422869763583, 2.5054086747755755, 1.3727801193747708, 325847000000, 
0.07509339029730674, 2.6248570262241455, 1.3736292208013863, 325852000000, 
1.802655111568444, 4.256878743730348, 1.3740546239629423, 325857000000, 
-1.0524396929520095, 4.512714217182419, 1.3728747186846724, 325862000000, 
-1.1728531547357839, 4.388423012957617, 1.3724692042546272, 325867000000, 
-3.593647418564468, 2.1229554478119916, 1.372167140030708, 325873000000, 
-0.28174308603102743, 2.7263308578313628, 1.3724267967700885, 325878000000, 
1.9180107654113603, 5.400593441662873, 1.3724342765893944, 325883000000, 
-1.4688321938774211, 4.67824983668104, 1.3710979032797774, 325889000000, 
-3.118754421641624, 2.266939603252987, 1.3704510158658276, 325894000000, 
-0.37920384213434183, 2.808980486063114, 1.3707363711577814, 325899000000, 
-0.17535916911442198, 3.0152557092561367, 1.370993437329032, 325904000000, 
0.5998741467537194, 5.492766135983343, 1.370582991869442, 325909000000, 
-2.4744744711721998, 4.302820509163495, 1.3692591475786642, 325914000000, 
-1.2643245645086596, 2.783246105138846, 1.3689389289500076, 325919000000, 
-0.1715137721712822, 3.084928621305575, 1.3691389322512755, 325924000000, 
0.4209484260279506, 3.779152123543911, 1.3698177759409806, 325929000000, 
-0.9020605482764721, 5.5028291957704605, 1.3688626210458716, 325934000000, 
-2.868772708839278, 4.150225813601441, 1.368115678097443, 325939000000, 
-1.363048675058604, 2.9297760093118557, 1.367262442452698, 325944000000, 
-0.3566163319388353, 3.25149316460536, 1.3673511106780252, 325949000000, 
-0.6300775670327262, 3.3804777373191683, 1.367177934960433, 325954000000, 
-0.585935758768924, 5.932090725887907, 1.3664730968026397, 325963000000, 
-2.2899135152324357, 2.926206079600276, 1.3657626491201051, 325968000000, 
-0.4456835062303562, 3.369976050619179, 1.3655176111906322, 325973000000, 
-0.6076772370344111, 3.4839754623068995, 1.3655754251298826, 325978000000, 
0.0059412541094763, 4.432967086417798, 1.3660622964118987, 325983000000, 
-1.8400879532775778, 5.9922727743401785, 1.3645854646504798, 325988000000, 
-2.8862973956659186, 2.99612094552168, 1.3631781804511012, 325993000000, 
-0.6578292357855544, 3.514651941699026, 1.3636318986884683, 325998000000, 
-0.7300059114574821, 3.6374929458489187, 1.3636393037031276, 326003000000, 
-0.987404200415492, 3.723593115765342, 1.3633680545265756, 326008000000, 
-0.2581601447530871, 6.843602271065354, 1.3631071303423894, 326013000000, 
-2.7558231497480876, 6.084899446478169, 1.3629184327534267, 326018000000, 
-2.0081013075149907, 3.4038851839821778, 1.3611002606660536, 326023000000, 
-0.764127302175336, 3.7613813367519957, 1.361195708922033, 326028000000, 
-1.0185915740310338, 3.8679411919230553, 1.361519529659199, 326033000000, 
-0.1593807810121301, 5.237626256148285, 1.3612828973809767, 326040000000, 
-2.30456438833613, 6.72164770297755, 1.3606016218171353, 326045000000, 
-2.5174709428024786, 3.4336177036942153, 1.359327527991672, 326050000000, 
-0.872118569110783, 3.9008324087635984, 1.3591758161253493, 326055000000, 
-1.0784372836561167, 4.009276926004089, 1.3594788992895124, 326060000000, 
-1.22310653066045, 4.096467170278614, 1.3587462859342987, 326065000000, 
-1.3209676749773949, 4.18689850094321, 1.358724082323817, 326070000000, 
-0.33078778104554424, 5.373961454064771, 1.3591222501104545, 326075000000, 
-2.540847866944031, 6.571769271076771, 1.3577005837437288, 326080000000, 
-2.4938927220083853, 3.75204043356592, 1.3568699901959052, 326085000000, 
-1.0635446862064257, 4.107351016708738, 1.3568298784597508, 326090000000, 
-1.2177459790824448, 4.195378402114936, 1.3570869437540702, 326095000000, 
-1.3978361865815032, 4.332941631358351, 1.3566600786968475, 326101000000, 
-1.479724110812411, 4.427691163117264, 1.3562782602393626, 326106000000, 
-1.5046437573273304, 4.47788337600414, 1.356351589868938, 326111000000, 
-1.5089555263383456, 4.559994918747523, 1.3558625172633825, 326116000000, 
-0.4917883831028718, 6.355242495900733, 1.3562740040388426, 326121000000, 
-3.671535237636047, 5.418631818285558, 1.3545962189846106, 326126000000, 
-1.6863242743361753, 4.288477490318533, 1.3543530053413433, 326132000000, 
-1.3549667064650195, 4.478899745984236, 1.3543584514988678, 326137000000, 
-1.5571791158585162, 4.571320949002057, 1.3540302389857373, 326143000000, 
-1.6218097011978627, 4.665614629233676, 1.3539112193576366, 326148000000, 
-1.6631158462454758, 4.708635690957685, 1.353699718375324, 326153000000, 
-1.6823084630159573, 4.754134807820888, 1.3533236347811795, 326158000000, 
-1.7117882888573313, 4.827388759698835, 1.3530585335737255, 326163000000, 
-1.72698645104049, 4.855797011716918, 1.3532854926527564, 326168000000, 
-1.76466892388009, 4.911111115590738, 1.3526374637954277, 326173000000, 
-1.784013608915311, 4.945237972039697, 1.3524186488911325, 326179000000, 
-1.7943534049513439, 5.011691143443517, 1.3518904598900743, 326184000000, 
-1.8124507115578654, 5.057243709907946, 1.3516168167504863, 326189000000, 
-1.8463676052457139, 5.082176024935092, 1.3515255205212682, 326194000000, 
-1.8515040468059862, 5.108059136216387, 1.3507980787202294, 326200000000, 
-1.8756456876790084, 5.171070239829087, 1.350705882439648, 326205000000, 
-1.891509091066713, 5.213040427326049, 1.3504113096513366, 326210000000, 
-1.8792042531096713, 5.2071320500550655, 1.3502571124701874, 326215000000, 
-1.9037345784169926, 5.278465088685021, 1.3494685676089522, 326220000000, 
-1.9136585607023011, 5.286316248978881, 1.3491366329366115, 326226000000, 
-1.9141709868167196, 5.293959983507918, 1.3486668740333612, 326231000000, 
-1.9828019245803639, 5.296875088032954, 1.3484257585859853, 326236000000, 
-1.9743589783997484, 5.34749714495554, 1.348485991384506, 326241000000, 
-1.9773843042364596, 5.356939962846641, 1.3477754421408668, 326246000000, 
-1.9881420189859704, 5.399784941010723, 1.3473708654154768, 326251000000, 
-1.983148197784498, 5.417839433854142, 1.346813183790647, 326256000000, 
-1.9804538958003706, 5.412315576455365, 1.3467444308162366, 326261000000, 
-2.0072535632681294, 5.439501320341152, 1.3460687889119758, 326266000000, 
-2.007717741793211, 5.472293498149446, 1.3456604267275047, 326271000000, 
-2.043097025930289, 5.494207870979635, 1.3451114130276152, 326276000000, 
-2.0688417999832605, 5.510296763687999, 1.3453599816211659, 326281000000, 
-2.0743544998964714, 5.549016673576633, 1.344878998952777, 326287000000, 
-2.081348783007877, 5.552495177438981, 1.3440873473132606, 326292000000, 
-2.07997762301335, 5.556360200213561, 1.343966260955529, 326297000000, 
-2.0605261814839984, 5.581752425669934, 1.34329620451483, 326302000000, 
-2.0831413182608873, 5.626143852469673, 1.343080408201532, 326307000000, 
-2.07768662237563, 5.640725345635337, 1.3423117156435305, 326312000000, 
-2.1070599680713937, 5.662257421294825, 1.3420691696601024, 326317000000, 
-2.1203932120169475, 5.677300201721398, 1.3417834884825783, 326322000000, 
-2.099881843167603, 5.7112942723443245, 1.3413060847771086, 326327000000, 
-2.1209869093486837, 5.71387399894807, 1.3409322999497535, 326332000000, 
-2.1472710027933073, 5.738359013453499, 1.340505527589736, 326337000000, 
-2.1321814417132994, 5.769473534732992, 1.3400682980108045, 326342000000, 
-2.111855962837288, 5.7883110830914735, 1.3396139785764625, 326349000000, 
-2.1148314831954655, 5.827760773137943, 1.3393601429062876, 326354000000, 
-2.1468604926299166, 5.803461834155048, 1.3390619843229075, 326359000000, 
-2.1274857911341285, 5.836138234826126, 1.3383230392498013, 326364000000, 
-2.17775220672691, 5.872911108279256, 1.3381487099577054, 326369000000, 
-2.1525457846651768, 5.91393631538007, 1.3376262946658402, 326374000000, 
-2.1395234132473706, 5.900882493414021, 1.3379796206432653, 326379000000, 
-2.209283240473522, 5.903768807108329, 1.337039709281553, 326384000000, 
-2.162908774720412, 5.927406543437513, 1.3370507905028373, 326389000000, 
-2.190240619975564, 5.9352987096244165, 1.336576959751569, 326394000000, 
-2.1590662899248905, 6.008936114806912, 1.33623471631765, 326399000000, 
-2.1674034450236865, 6.025386489837055, 1.3358656288987325, 326404000000, 
-2.189746157332217, 6.040009689050234, 1.3353309752304807, 326409000000, 
-2.1990964661996557, 6.064044326339613, 1.3355166680744808, 326414000000, 
-2.172840912884097, 6.107308344993045, 1.3350755682888127, 326419000000, 
-2.20609722291808, 6.101547407212889, 1.3344066088591908, 326424000000, 
-2.171880162482543, 6.145453695964956, 1.3346985753619085, 326430000000, 
-2.198989678323746, 6.123910202368486, 1.334250115317918, 326435000000, 
-2.1891357497010935, 6.1745984280420565, 1.3339168961053016, 326440000000, 
-2.2103785483454135, 6.197181175141297, 1.3335065461147109, 326445000000, 
-2.1879653201108, 6.208678502627357, 1.3330783277505172, 326450000000, 
-2.1772684821776207, 6.227700592963967, 1.3332276046981102, 326455000000, 
-2.1820233749557603, 6.243992130155901, 1.3329119207911375, 326460000000, 
-2.1993876704445285, 6.221822484250413, 1.3322778021811932, 326465000000, 
-2.205543740887784, 6.298678940709839, 1.3319354586655794, 326470000000, 
-2.1970952719486934, 6.279481768210664, 1.3318195200631304, 326475000000, 
-2.221575646188828, 6.287979082321079, 1.3317134734485312, 326480000000, 
-2.1865880304933314, 6.306904615912723, 1.3311778900582458, 326485000000, 
-2.19486377513942, 6.325117938285753, 1.3309258830494717, 326490000000, 
-2.2444649745231167, 6.350950676711939, 1.3306981920229537, 326495000000, 
-2.176654425005633, 6.379022172132641, 1.3302977871106105, 326501000000, 
-2.2221421847455436, 6.386420555231641, 1.3303430274363492, 326506000000, 
-2.1943462016916873, 6.405428160697626, 1.3301783488513637, 326511000000, 
-2.1955725763327285, 6.45321579970119, 1.3292225914031117, 326518000000, 
-2.1763787481407375, 6.457059398399254, 1.3290779642576023, 326523000000, 
-2.227774483049344, 6.4661913014167105, 1.3289058269653176, 326528000000, 
-2.201226106523086, 6.47445733174314, 1.3281945196174263, 326533000000, 
-2.173042868412454, 6.507920285536473, 1.3285035551656914, 326539000000, 
-2.180707419574436, 6.547410544404958, 1.327854604556367, 326544000000, 
-2.1666682196986553, 6.539699351199696, 1.3271634560363277, 326549000000, 
-2.1764076407015724, 6.59940094834146, 1.326898897709821, 326555000000, 
-2.183891031946854, 6.616895195000512, 1.3268770753790171, 326560000000, 
-2.187183162718221, 6.622431947213606, 1.3265735818635485, 326565000000, 
-2.163929796746655, 6.624772591970375, 1.3261140297279994, 326570000000, 
-2.1484509264832345, 6.629766203418464, 1.325691431865642, 326575000000, 
-2.118764662705532, 6.665043380413647, 1.3256096461174849, 326580000000, 
-2.1525698905902364, 6.6767456443498405, 1.3244792563855106, 326586000000, 
-2.1359682358519585, 6.681355362556483, 1.3248377703089633, 326591000000, 
-2.1157308056556787, 6.697829639573248, 1.3244988636491808, 326596000000, 
-2.137584452849212, 6.721520049328652, 1.3242821693091085, 326601000000, 
-2.1553990406091215, 6.759138978483143, 1.3238974586185075, 326606000000, 
-2.120522554135342, 6.74013863893404, 1.3237790149667807, 326611000000, 
-2.0946636074451868, 6.778883138818148, 1.3231108827861509, 326617000000, 
-2.121681696755947, 6.829935679599067, 1.3230444710431326, 326622000000, 
-2.121526264054167, 6.8326333607376855, 1.3226406447404588, 326628000000, 
-2.096660396841651, 6.804127109380924, 1.3227991562313257, 326633000000, 
-2.10004477823386, 6.8250138389415955, 1.3224631280256314, 326638000000, 
-2.07882031431756, 6.858956920919045, 1.322436241395296, 326643000000, 
-2.0804193351363347, 6.839170904427755, 1.3223215425932031, 326648000000, 
-2.064685208570869, 6.930760974950944, 1.3221457721341368, 326653000000, 
-2.077048619977735, 6.9064553554093875, 1.3217327789753828, 326658000000, 
-2.026041251642132, 6.918899342255499, 1.3215364560558769, 326663000000, 
-2.048190662337985, 6.944788193913182, 1.3216494250839068, 326668000000, 
-2.07460690350023, 6.962598041085898, 1.3213984099899547, 326673000000, 
-2.024439122333486, 6.999048119818083, 1.3214839554670679, 326678000000, 
-2.0118755701619464, 6.99158013558355, 1.3212722826979608, 326683000000, 
-2.0229046560598074, 7.012583820420196, 1.3209960523823912, 326688000000, 
-2.0418344331684235, 7.00212822223458, 1.3208239552581431, 326693000000, 
-2.00516313324416, 7.040562567630017, 1.3205415772824087, 326698000000, 
-1.9821778726030193, 7.052967837363253, 1.3207074200691613, 326703000000, 
-2.022745035996039, 7.077752189815582, 1.3205345749254627, 326708000000, 
-1.9762239162669288, 7.088419646237577, 1.3205716240789493, 326713000000, 
-1.9558094122877203, 7.101788869186449, 1.3206681669122005, 326718000000, 
-1.9664813979506817, 7.100579740956814, 1.3201504389378858, 326723000000, 
-1.970326942990354, 7.094367677564909, 1.3201246861050264, 326728000000, 
-1.9491649459969258, 7.1430605268250895, 1.3201736952803174, 326733000000, 
-1.9471652460090456, 7.144113959323087, 1.3201233548296103, 326738000000, 
-1.9200727348161517, 7.160034783991557, 1.3198811164277358, 326743000000, 
-1.9126897914374226, 7.1793457632844815, 1.3202465117205828, 326748000000, 
-1.9100881533366214, 7.202625757140653, 1.319998836650398, 326753000000, 
-1.9225229913035027, 7.223078801893973, 1.3199664115647445, 326759000000, 
-1.9209278989545473, 7.225393271100111, 1.3198298573716456, 326764000000, 
-1.8668185616015427, 7.2323638051794195, 1.3197875102920815, 326769000000, 
-1.8754443874014899, 7.251686756241572, 1.3199146356170526, 326774000000, 
-1.855627594144917, 7.309108058582002, 1.3195466341084208, 326779000000, 
-1.8456871626558808, 7.255257969261985, 1.319745945087075, 326784000000, 
-1.852303816788197, 7.312184002006526, 1.31996097704039, 326789000000, 
-1.8328963361447241, 7.298296945846193, 1.3198009694332176, 326794000000, 
-1.7944881162603845, 7.338528779162758, 1.3195083378636088, 326799000000, 
-1.750747123352832, 7.333911989033523, 1.3195718876542357, 326804000000, 
-1.811814317346544, 7.3383098584835285, 1.3195855028569445, 326811000000, 
-1.7701260625611406, 7.346141984681682, 1.3196876177902928, 326816000000, 
-1.7728577359795932, 7.3694368518719795, 1.319518232480922, 326821000000, 
-1.7728934268772987, 7.400122063177294, 1.3193242558438572, 326826000000, 
-1.6908683793116142, 7.419335898574623, 1.319303408328244, 326834000000, 
-1.7197428635742746, 7.360561143182554, 1.3196502164287383, 326840000000, 
-1.7143266655470784, 7.3818880636446496, 1.319466134214005, 326845000000, 
-1.694478857402082, 7.457980525611068, 1.3195535282235074, 326850000000, 
-1.695932213723034, 7.419112772184422, 1.3197449486793986, 326855000000, 
-1.6644843124943816, 7.445877419637283, 1.3189643141681764, 326860000000, 
-1.6553767187433466, 7.447856845074465, 1.3192012377668505, 326865000000, 
-1.6295733260780978, 7.474515331806815, 1.3194909683545417, 326870000000, 
-1.6268489627190745, 7.484151127737801, 1.3198190468226922, 326875000000, 
-1.6213355733906816, 7.488000376190741, 1.3193655963014426, 326880000000, 
-1.619944733368973, 7.505307879716875, 1.3194303538658094, 326885000000, 
-1.5900824279531003, 7.526635502975609, 1.3191524054026984, 326890000000, 
-1.6063259273074761, 7.568777683999814, 1.3191004784389389, 326895000000, 
-1.5552994121319104, 7.536764824563564, 1.3192993613189463, 326901000000, 
-1.5641809845496653, 7.5515896975835135, 1.3192790346770675, 326906000000, 
-1.5736858855186964, 7.530332485639225, 1.3188891355573593, 326911000000, 
-1.5449954829771337, 7.561122930461034, 1.319379028951315, 326916000000, 
-1.5061976108556991, 7.605835545172525, 1.319189636936934, 326921000000, 
-1.5083165235707243, 7.592944668116206, 1.3194636698549722, 326927000000, 
-1.4926794092790006, 7.584811455463594, 1.3189648863238101, 326932000000, 
-1.4614258190388274, 7.622478724170878, 1.319436992173589, 326937000000, 
-1.4390764234728706, 7.6236573813006805, 1.3197671033596525, 326942000000, 
-1.4204430033080824, 7.665542642511365, 1.3194865465038004, 326947000000, 
-1.4168312724980183, 7.630225532320075, 1.3201897960942317, 326952000000, 
-1.4080032563646558, 7.648611831071076, 1.3196156460432804, 326957000000, 
-1.379640025242756, 7.6484807348438695, 1.320050704369843, 326963000000, 
-1.3802873564952236, 7.653783481979431, 1.3202654187888758, 326968000000, 
-1.3759333343965956, 7.673212688814859, 1.3206240696872489, 326973000000, 
-1.385556364617832, 7.668205161622336, 1.3206641284466842, 326978000000, 
-1.3238362272595685, 7.695986999596289, 1.3209203211649632, 326983000000, 
-1.296788186107432, 7.683924080180623, 1.3210276655028996, 326988000000, 
-1.2904761541401826, 7.684108894123154, 1.321001216605033, 326993000000, 
-1.3274122052262654, 7.749037215436298, 1.3215036931394593, 326998000000, 
-1.303403868328893, 7.680588650747134, 1.3216199414252796, 327003000000, 
-1.2509438814882181, 7.7234254029014515, 1.3216112515685001, 327008000000, 
-1.2469365406997017, 7.732880652716795, 1.3218262167310848, 327013000000, 
-1.2532291407019303, 7.754320788932544, 1.3221490447516033, 327018000000, 
-1.2346175089965061, 7.73940323758462, 1.3225693864472654, 327023000000, 
-1.202362910095474, 7.761705846537054, 1.322683743569507, 327028000000, 
-1.1962980016773108, 7.773336359561029, 1.3231168860363005, 327033000000, 
-1.1341344593230296, 7.780730812120132, 1.323082421219264, 327038000000, 
-1.1575085274988637, 7.760560640970948, 1.32357427977112, 327043000000, 
-1.1596752615807022, 7.795883113366405, 1.3236880482304743, 327048000000, 
-1.1195747362712558, 7.76866863697916, 1.3245689056819174, 327054000000, 
-1.1172999517692515, 7.790293890055671, 1.324561868825959, 327060000000, 
-1.1206907915396984, 7.818749072557063, 1.3245900207955141, 327067000000, 
-1.0575335429871286, 7.810755976825199, 1.3252247598572298, 327073000000, 
-1.0985860433628865, 7.820866692772584, 1.3251329006514676, 327078000000, 
-1.0521864512818475, 7.844563656118621, 1.325894625124119, 327083000000, 
-1.03960534834971, 7.805524156692275, 1.3258106789807356, 327088000000, 
-1.0139884342263628, 7.853282379800852, 1.3261093715559682, 327094000000, 
-0.9993369884807087, 7.793029150382566, 1.3267531524845455, 327099000000, 
-0.9886381653832776, 7.825704565728624, 1.3264260953468971, 327106000000, 
-0.9660712883310278, 7.861894594967795, 1.3271518452086246, 327113000000, 
-0.9273252932247966, 7.831358270813488, 1.3274685768459127, 327119000000, 
-0.8460764931698339, 7.870332416477458, 1.3278665083708712, 327125000000, 
-0.8671479609904004, 7.884411983842452, 1.3280354906191885, 327131000000, 
-0.878564996656045, 7.8547837725065, 1.3282603930632118, 327136000000, 
-0.8574995403518022, 7.919774983105947, 1.3289693398298006, 327142000000, 
-0.8532071107386566, 7.889042363899254, 1.3285256717265577, 327148000000, 
-0.7906827108029657, 7.859848940199972, 1.3292200343333265, 327153000000, 
-0.7972262280069042, 7.864711167973547, 1.3296980979457844, 327159000000, 
-0.7688593842424382, 7.889285794076593, 1.329683449443218, 327164000000, 
-0.7780158618038506, 7.883101338593746, 1.3298958140885924, 327169000000, 
-0.73224131358695, 7.903052460069896, 1.3300644002509765, 327175000000, 
-0.7081504944666193, 7.907262774362309, 1.3305306729960003, 327180000000, 
-0.7308156681730893, 7.931736209756819, 1.3309712926415904, 327185000000, 
-0.6796087961422794, 7.894436912983967, 1.3313910848508936, 327190000000, 
-0.6795456776076172, 7.952318679789067, 1.3313878127099243, 327195000000, 
-0.6596833059176038, 7.906890324514573, 1.331926910298612, 327200000000, 
-0.6458901398012206, 7.883166619104693, 1.332074938378374, 327205000000, 
-0.644984889730538, 7.898950207132671, 1.3328220907183128, 327210000000, 
-0.629554139294612, 7.898089560278807, 1.3329142385384862, 327216000000, 
-0.5923864379748469, 7.921159608363514, 1.3333234025680325, 327221000000, 
-0.5888795390544033, 7.909797838038722, 1.3335486440165976, 327226000000, 
-0.5315300500479736, 7.930475554083603, 1.3337882886117705, 327231000000, 
-0.5590448830887652, 7.9067564641307495, 1.3343753210298148, 327236000000, 
-0.543051759269783, 7.897368232300635, 1.3347617171153259, 327241000000, 
-0.5211168582604075, 7.941338272927383, 1.3352726331614289, 327246000000, 
-0.48224979434011056, 7.906541586679378, 1.335340656510211, 327252000000, 
-0.4622549229967609, 7.932427391684308, 1.3358667648706475, 327257000000, 
-0.4374034078381488, 7.918336647877087, 1.3361454433207167, 327262000000, 
-0.4283091581895006, 7.898533129269872, 1.3370206750073628, 327267000000, 
-0.39305894995483276, 7.90625293023299, 1.3373545426629907, 327272000000, 
-0.39154470566792515, 7.938764449858921, 1.3380154688375847, 327277000000, 
-0.39905502929943515, 7.877695962682817, 1.3377246226460537, 327283000000, 
-0.40044710110471143, 7.908708422850855, 1.3386403960142765, 327288000000, 
-0.36972100722865403, 7.922864803856479, 1.3393679703045867, 327293000000, 
-0.32690886777243044, 7.931927448582784, 1.339716320322459, 327298000000, 
-0.3505003221792477, 7.893807670602157, 1.3399694334349055, 327303000000, 
-0.30437681916793596, 7.901981725784933, 1.340364597931182, 327308000000, 
-0.3095019484472347, 7.928149981630492, 1.3410729985153063, 327313000000, 
-0.2701785301817206, 7.890892884564932, 1.3415335870844385, 327318000000, 
-0.26613871683528684, 7.9099449489361096, 1.3414844356950186, 327323000000, 
-0.23732452435218965, 7.90834184934254, 1.3427168168830734, 327328000000, 
-0.22917476794565605, 7.894461981369112, 1.3433289329396494, 327333000000, 
-0.1606039853043376, 7.884510008027737, 1.3432745328804867, 327340000000, 
-0.1880983153359064, 7.910838038890583, 1.34407528675714, 327345000000, 
-0.15572060945978747, 7.888708120706042, 1.344564243304266, 327350000000, 
-0.14868560517111595, 7.865836350507, 1.3447633541952801, 327357000000, 
-0.11258392717095966, 7.899494389658657, 1.3457472835833106, 327362000000, 
-0.11417981174721273, 7.889129842071609, 1.3462889199627308, 327367000000, 
-0.09353031130204703, 7.845647937185082, 1.3470188776614296, 327372000000, 
-0.10206032940215459, 7.879371332156633, 1.3471846635897722, 327377000000, 
-0.07087545834759112, 7.865436410137193, 1.348158592304004, 327382000000, 
-0.08337373142685693, 7.861593534885239, 1.3481837681593127, 327387000000, 
0.0037463960514172653, 7.846885981017464, 1.3488117170489018, 327393000000, 
-0.04271859949481559, 7.829271072042623, 1.3492713477530263, 327398000000, 
-0.0029800260353739904, 7.852625126933421, 1.3500298934523258, 327404000000, 
0.03013259672795645, 7.84093665401189, 1.3503723845798032, 327409000000, 
0.058377853608756664, 7.823585310462542, 1.3511059641858443, 327417000000, 
0.09628519733238998, 7.782336852262217, 1.3524394890747875, 327428000000, 
0.09968008948765932, 7.823262022601886, 1.352813212853243, 327433000000, 
0.1193150516145118, 7.791521151262462, 1.3536353983095883, 327438000000, 
0.1474001722235173, 7.760252612058659, 1.353777185762599, 327443000000, 
0.14834184462803499, 7.774528813103854, 1.3542182603867583, 327448000000, 
0.13765055172743187, 7.766285224177362, 1.3547960142616564, 327453000000, 
0.17519841420594554, 7.767675200380956, 1.3551017853809435, 327459000000, 
0.22716265699355484, 7.775422472457204, 1.355748379685684, 327464000000, 
0.2264814926201848, 7.756186245142322, 1.3562612881451672, 327469000000, 
0.2668622287502541, 7.7481975032842385, 1.3573494431102104, 327474000000, 
0.2744550993326359, 7.735197814709442, 1.3580532471175977, 327481000000, 
0.3008974995683239, 7.718366796245369, 1.357720995177145, 327486000000, 
0.3040511495999138, 7.718131865729653, 1.3587926122535467, 327492000000, 
0.3089076572877742, 7.7278733820283865, 1.3596588880409797, 327497000000, 
0.30796667090934404, 7.72944193813114, 1.3597138087621339, 327502000000, 
0.3336012049475536, 7.67123276453074, 1.360650984570231, 327507000000, 
0.3512370951108276, 7.689929588380391, 1.3612645795205924, 327512000000, 
0.3380444720669562, 7.689012757544856, 1.361477102133113, 327517000000, 
0.3588718886885104, 7.655834501245081, 1.3619271717423724, 327522000000, 
0.36707484149053504, 7.672104620762271, 1.363058193206684, 327527000000, 
0.412488996906238, 7.663517520410767, 1.3633519918899688, 327532000000, 
0.430351319599975, 7.653152971609248, 1.3641419742358591, 327539000000, 
0.4719270764120695, 7.656110294676129, 1.3649403554224049, 327548000000, 
0.4920109237951379, 7.633031730530368, 1.3657233409050928, 327553000000, 
0.48537317192244817, 7.61401881954755, 1.3666067663427395, 327558000000, 
0.5155385089070126, 7.571475327113892, 1.36711320077819, 327564000000, 
0.5123507328889138, 7.589659355587348, 1.368138126966191, 327570000000, 
0.5703398298238301, 7.598540858954466, 1.369180220035199, 327576000000, 
0.5932045392321897, 7.587663403591577, 1.369969941240865, 327583000000, 
0.6094098069467884, 7.544263109036222, 1.3704568565692425, 327589000000, 
0.6391456828839674, 7.516243816777151, 1.37101297523646, 327594000000, 
0.6105436944381912, 7.477287062347214, 1.37235444563849, 327599000000, 
0.6296423213854542, 7.513425441786626, 1.3723576462175513, 327604000000, 
0.6020624756932963, 7.516660178518087, 1.3733140952089957, 327609000000, 
0.6610937472373729, 7.458814681557996, 1.3743558183197246, 327614000000, 
0.6669381886574701, 7.498356557254272, 1.374634013170855, 327619000000, 
0.7063687419872444, 7.440599842363513, 1.3753235418649783, 327624000000, 
0.7364302698476485, 7.462889690934269, 1.3763173899888768, 327629000000, 
0.7220742960545706, 7.4074794195025895, 1.3772444798765604, 327634000000, 
0.7193816898395271, 7.443752031088352, 1.3777385727800835, 327639000000, 
0.7357575108604266, 7.376763480925143, 1.3785543508211702, 327645000000, 
0.7452460282820147, 7.417570397840086, 1.3794698230923432, 327650000000, 
0.794118063683756, 7.392488675306204, 1.3802029949449979, 327655000000, 
0.8048350321467629, 7.3770310574945865, 1.3807712305619497, 327663000000, 
0.7809614935730694, 7.339823947254631, 1.3818547822460263, 327668000000, 
0.7753229369801938, 7.329630827161889, 1.3829469537667223, 327673000000, 
0.8562811052681893, 7.321448744525698, 1.3837167794530192, 327678000000, 
0.8575997562360245, 7.317767330620874, 1.3837091244555426, 327683000000, 
0.8725621895884744, 7.299339952502289, 1.3856497177635394, 327692000000, 
0.8987133362587421, 7.266330161704043, 1.386071204071701, 327697000000, 
0.9083888283677948, 7.272495167608796, 1.3873814031298126, 327703000000, 
0.9429741597533163, 7.217583946273872, 1.3877688975463371, 327709000000, 
0.9117355292186408, 7.220186126119642, 1.3887982409943078, 327714000000, 
0.9893158537686042, 7.170446457444315, 1.388893848600266, 327719000000, 
0.9665710996052983, 7.200405638542543, 1.3898081560463342, 327725000000, 
-47.72346969113881, 58.97229132476048, 1.334219932465561, 327731000000, 
69.96252187744666, -19.87800035422636, 1.3687633476227177, 327736000000, 
10.389459844091636, -6.287712872954681, 1.3739003793985507, 327741000000, 
-10.354249024424956, 7.089471192918671, 1.3690298550602502, 327746000000, 
-3.652369449990413, 5.294786886588437, 1.36713668366172, 327751000000, 
0.17036888214738827, 4.160415132956545, 1.367484205640767, 327757000000, 
0.7708804396109585, 4.396036802184652, 1.3674253895150879, 327762000000, 
0.768035445750264, 4.9535706519505975, 1.3686935469421317, 327771000000, 
0.8052699656483145, 5.4071804082916675, 1.3690708759800991, 327776000000, 
0.8239960462257832, 5.639557717093698, 1.3699395311576834, 327781000000, 
0.8897677197663677, 5.807624222465085, 1.3705493699354099, 327786000000, 
0.9379931303581948, 5.9895162098944965, 1.3713253086205428, 327791000000, 
0.973701965412385, 6.152216661533877, 1.371851446942277, 327796000000, 
1.0199367832469397, 6.250395945339405, 1.3724311383145218, 327801000000, 
-87.88833073499768, 104.54926823780706, 1.3204088436478583, 327806000000, 
57.27634566215281, -20.736755874255607, 1.3543573387683279, 327811000000, 
4.351983450713604, -0.5999742750700244, 1.3566605174261321, 327816000000, 
-8.664116636330915, 6.578746806566954, 1.3525941411144986, 327821000000, 
-2.294795583791397, 4.595297023828096, 1.3514573559684349, 327826000000, 
0.4666056523271314, 3.949927502537236, 1.3517534631352006, 327832000000, 
0.7894810630518225, 4.30019539987227, 1.3522719967873855, 327837000000, 
0.7925197523984955, 4.639476262811511, 1.3529892155240186, 327842000000, 
0.8281455173849237, 4.958351591904766, 1.3534632038364796, 327847000000, 
0.8945607055964117, 5.301840932654674, 1.3541707582968705, 327852000000, 
0.954812535310054, 5.482152454518699, 1.355016190601476, 327857000000, 
-41.560540519475246, 57.703488545406394, 1.309796001300859, 327862000000, 
58.58334510364319, -25.084259186827897, 1.3388342075478017, 327867000000, 
-0.0032627764101380574, 2.2000333695804644, 1.3392638442797893, 327872000000, 
-6.414758453830463, 6.007038757720785, 1.3361792773849783, 327877000000, 
-1.6320161029240967, 4.248724352924733, 1.3353456968347033, 327882000000, 
0.4273339220576186, 3.7895727785943514, 1.3361245641658965, 327887000000, 
0.8100502468025562, 4.10297086738492, 1.3363422904872397, 327892000000, 
0.8479343460875238, 4.511475634563424, 1.3371305368987774, 327897000000, 
0.8655300214374245, 4.785915289221881, 1.3374254129228829, 327902000000, 
-23.708166177266467, 38.277854171820884, 1.2989172498184676, 327908000000, 
49.47925716175902, -22.81672904372754, 1.32360467874641, 327914000000, 
-2.9758580335687386, 4.071135090672358, 1.3214210738425898, 327920000000, 
-3.0196671727088074, 4.625630121989932, 1.3206159657473948, 327926000000, 
-0.0849360266548735, 3.666464233201467, 1.3205970967407152, 327932000000, 
0.7447562169703247, 3.8293931197149393, 1.3213347782687448, 327938000000, 
0.8122073284839029, 4.249425417745564, 1.3220154675639508, 327943000000, 
0.8833886440439485, 4.661330433214432, 1.3227383542345803, 327948000000, 
-0.9442881420646134, 30.94474799014701, 1.3009806253093579, 327953000000, 
15.424728742199388, -5.035439381154569, 1.3085929981503468, 327958000000, 
-4.280614542900725, 4.773003682022927, 1.3067202170279941, 327963000000, 
-2.0915000017221876, 4.107060138167248, 1.305659105643013, 327968000000, 
0.31714006634312586, 3.583244841607307, 1.3064490476180923, 327975000000, 
0.7902883758248441, 3.8804751355973504, 1.3068674220955843, 327980000000, 
0.864287724795916, 4.281540787625113, 1.3072288922570108, 327985000000, 
-12.97627657607115, 32.807515275311516, 1.279218202380265, 327991000000, 
27.535606592955112, -12.48204206509051, 1.292656432996275, 327996000000, 
-1.049703476791538, 3.035617956233035, 1.292443703568759, 328001000000, 
-2.320369977142531, 4.07119144695428, 1.290835120983854, 328006000000, 
-0.1508463956869391, 3.4588212069051907, 1.2909790043672265, 328011000000, 
0.5933043622695893, 3.5494739651249128, 1.2916481664296822, 328016000000, 
0.7436718999705999, 3.841525062388436, 1.2926860165577578, 328021000000, 
0.8650860047104749, 4.251620943785564, 1.2929727429344327, 328026000000, 
0.8993492908244101, 4.483462100941027, 1.2932378970249019, 328031000000, 
8.094873833372908, 16.30984969691308, 1.278709181198607, 328036000000, 
-1.3682232858602987, 3.0996417147418485, 1.2784189012225158, 328041000000, 
-2.4017197412677596, 4.002214952261555, 1.2770331614778485, 328046000000, 
-0.3197481380855317, 3.3921371695749247, 1.2769212891199198, 328051000000, 
0.5590780762820132, 3.404448774315736, 1.2771949713235877, 328056000000, 
0.7564613203749204, 3.717671502561027, 1.2776831457224396, 328061000000, 
0.838831987958542, 4.072364057863825, 1.2782992110570544, 328066000000, 
0.8697183287467078, 4.3278084654382365, 1.2787236192844251, 328071000000, 
-22.7888687513223, 40.91449716830893, 1.2490608308535447, 328077000000, 
28.41876095044853, -11.699555776383038, 1.2659086112954505, 328082000000, 
-1.5516973453895488, 2.988300056877758, 1.265039372604343, 328087000000, 
-1.6871399885836675, 3.5710407555248453, 1.264556779115744, 328092000000, 
-0.011053876553878732, 3.2285477721150477, 1.2648063541637704, 328097000000, 
0.6148753005380068, 3.429821152830008, 1.2650097049500577, 328103000000, 
0.7408759836131231, 3.7351119149686993, 1.2656482344055675, 328108000000, 
0.7869482856853085, 4.021416263290396, 1.2659374427287564, 328113000000, 
0.8258276281624475, 4.3314462931793765, 1.2672006681412171, 328118000000, 
0.8584598615598987, 4.528561918935463, 1.267512423221721, 328124000000, 
-0.9475913992306304, 22.47046018702297, 1.2501293543225378, 328131000000, 
8.387531858783099, -1.5574184736797254, 1.2562512565424102, 328138000000, 
-2.3310947844727425, 3.211788564456887, 1.2559925511299448, 328143000000, 
-0.8431630989552009, 3.133984100405968, 1.2556780489075687, 328148000000, 
0.30268815554083817, 3.1518265290872884, 1.2558635459891094, 328153000000, 
0.6406809506216851, 3.418894130549594, 1.2563790428732138, 328158000000, 
0.6921663472307971, 3.7056671151210776, 1.256656110656563, 328163000000, 
0.7299573162603926, 3.942037558298029, 1.2574239248424421, 328168000000, 
0.7535029714114032, 4.220866360991255, 1.2582277274812892, 328174000000, 
0.7847271164715138, 4.385037179333864, 1.2592198025259256, 328179000000, 
0.806228167733012, 4.5110802881908185, 1.259501819675795, 328184000000, 
0.8266716758523585, 4.576735797871251, 1.2603807894068046, 328190000000, 
0.8365945709497213, 4.726896408208584, 1.261189735570401, 328195000000, 
0.827058030581374, 4.759341456703508, 1.2619337169883191, 328200000000, 
0.8183178152987405, 4.794279272773918, 1.262729795349333, 328205000000, 
0.8210167543357682, 4.838465900632217, 1.2633204667810953, 328210000000, 
0.8355221983025559, 4.87770986131079, 1.2641296510451785, 328215000000, 
0.8087762273751601, 4.910176116781589, 1.2649299410236357, 328220000000, 
0.8155228973536092, 4.896452060451249, 1.2659322702447655, 328225000000, 
0.8344270998968192, 4.914010240716945, 1.266503251217301, 328230000000, 
0.7818909953434227, 4.930816174832219, 1.2672883796070495, 328235000000, 
0.7899459833139294, 4.886533046820399, 1.2682628758714904, 328240000000, 
0.7920229793913796, 4.898074900892247, 1.269027432775974, 328245000000, 
2.6010446796919955, 6.639862853672565, 1.2703313854364264, 328250000000, 
0.8965894184964696, 8.171021282262233, 1.2707652275489554, 328255000000, 
-1.1278457636706791, 5.053260731361819, 1.270368028168493, 328260000000, 
0.7726685644986641, 4.0775905087878765, 1.2712234949977288, 328265000000, 
0.8234124074143185, 4.198528287941103, 1.2715005484847408, 328270000000, 
0.6634945081859389, 4.2294527735788865, 1.272166256130754, 328275000000, 
0.645067321816948, 4.3607877655411516, 1.2729363332386217, 328280000000, 
0.6068889772401078, 4.415735563625979, 1.2733497390009165, 328285000000, 
3.4799664029227286, 7.488359570088592, 1.2745483182118476, 328290000000, 
-0.9432787608675076, 5.856980882985535, 1.2737838698339865, 328295000000, 
0.3660034070870823, 3.877179428802306, 1.2742076007426342, 328300000000, 
0.7617533349070175, 3.9220946533875427, 1.2747269983801135, 328305000000, 
0.5948545868119282, 4.016988306244558, 1.275593504679772, 328310000000, 
1.6445590657755407, 4.671964080020688, 1.2766082114198083, 328315000000, 
1.4913494771823208, 7.066568155183266, 1.276753012611494, 328320000000, 
-1.215141700892203, 4.832644053222724, 1.276356122738182, 328325000000, 
0.5239215922401002, 3.5915770149687067, 1.2765387242007429, 328330000000, 
0.6902896317119949, 3.703138775277625, 1.2772777002012328, 328335000000, 
0.49485016117690883, 3.7874259154332623, 1.2778652470407106, 328340000000, 
2.4507859166598625, 5.523282690056839, 1.2794276372776228, 328345000000, 
0.14869134495316663, 6.598104823586968, 1.278579415457237, 328350000000, 
-1.4257827893572788, 4.143403843631655, 1.2782566668314814, 328355000000, 
0.5331888123595033, 3.3638999896678965, 1.2782650453836097, 328360000000, 
0.5284868905029934, 3.487494863189264, 1.2790734220513729, 328365000000, 
2.075683212409137, 4.616456842556497, 1.2801572091093794, 328370000000, 
0.46051338204074205, 6.114768707276942, 1.2795503603231422, 328375000000, 
-1.564512992586655, 4.545803967214353, 1.2790169107233096, 328380000000, 
0.1945075903595211, 3.290527780598437, 1.2792785274358498, 328385000000, 
0.5128282247408956, 3.3013397856220554, 1.279966478901999, 328390000000, 
0.37053052773119766, 3.417160151042701, 1.2799606457372181, 328395000000, 
1.116541643017009, 5.8111361795882726, 1.2803554349435136, 328400000000, 
-1.6394898541574363, 3.7147914403208615, 1.2799670977097974, 328405000000, 
0.3784084498923209, 3.048203810877119, 1.2805989200215204, 328411000000, 
2.0011323980828934, 4.087219104291805, 1.2812154851334647, 328417000000, 
0.09102241151359378, 5.60806135840214, 1.2810818895183294, 328422000000, 
-1.458427294670914, 4.471869053578799, 1.2801191136735706, 328427000000, 
-0.21965275795697836, 2.9001577613758873, 1.2802187299185424, 328432000000, 
1.4896473975529605, 3.3427055146216094, 1.2808293606245444, 328437000000, 
0.27886081532674634, 5.196585061289555, 1.2805227573309172, 328444000000, 
-1.3578922500546127, 4.563557473350896, 1.2802618511311492, 328449000000, 
-0.8141474362460885, 2.82395587036314, 1.2802900345208101, 328454000000, 
1.6937840637962804, 3.437116966535141, 1.2811716051217912, 328460000000, 
0.15655068205255263, 4.927709752121074, 1.2807641547132964, 328465000000, 
-0.8451369166962568, 4.816392736259811, 1.2803589139760854, 328470000000, 
-1.7414372175850632, 3.1166307556785453, 1.2800179398370484, 328476000000, 
1.1099764444675673, 2.8823641942702904, 1.280666581440592, 328481000000, 
0.8953542525287481, 4.6501252364364625, 1.2805294777818035, 328486000000, 
-0.9899262524862209, 4.530189462828094, 1.2802179903595141, 328491000000, 
-0.5275285728333117, 4.421626065954927, 1.2797146210554162, 328496000000, 
-1.711696389462422, 2.8935601553604817, 1.2789373256737464, 328501000000, 
1.2593415306308742, 2.7497411055541825, 1.2792701965735869, 328506000000, 
1.0453973533391065, 4.302570189455215, 1.2798412920111064, 328511000000, 
-0.8945631960431919, 4.269625717505392, 1.2793848832830346, 328516000000, 
-0.8083416700540758, 4.2016798907763055, 1.2786787221235045, 328521000000, 
-1.403646661866222, 3.4757265700261937, 1.277690107276533, 328526000000, 
0.6685493927839319, 2.522528029845438, 1.2785758195877432, 328531000000, 
0.7263170156428504, 3.9774610813185456, 1.2781615829444217, 328536000000, 
-1.157874072715808, 3.836356043121171, 1.2769983548255648, 328541000000, 
-0.8733403702994419, 4.028875176863679, 1.276611737363088, 328546000000, 
-0.6187573294463758, 3.7221746179177155, 1.2759482114047305, 328551000000, 
-1.2701481930474525, 3.3432657193022797, 1.2753893805959424, 328556000000, 
0.6128835534619762, 2.930742913223467, 1.2752418323329417, 328562000000, 
-0.331903371160929, 3.633803228442909, 1.2754112225548537, 328567000000, 
-1.378944420603558, 3.3186832985235606, 1.2741818408900965, 328572000000, 
-0.9464288014192981, 3.829959583861103, 1.2730853615801168, 328577000000, 
-0.6885427209442374, 3.4559325173363145, 1.2725115773706905, 328582000000, 
-0.6944094870105145, 3.33241594794367, 1.27092860930999, 328587000000, 
-0.6981189283833225, 3.2708453019123565, 1.2711717987350104, 328592000000, 
-0.7699244015593678, 3.240778036841309, 1.2706076954999015, 328597000000, 
-0.8773023374674775, 3.1985705353800657, 1.269462845991845, 328602000000, 
-0.716262215034643, 2.672996483688007, 1.268946617550245, 328607000000, 
-0.9149946278190284, 2.94491622483413, 1.267712332209322, 328612000000, 
-0.9071296993661856, 3.0527118024275213, 1.2668611350878858, 328617000000, 
-0.1734396058346862, 3.4236465073028173, 1.2665873497472824, 328622000000, 
-0.6452947949857175, 3.1971770198637857, 1.2652521090063877, 328629000000, 
-0.9291152986115141, 3.0380981849261635, 1.264459425183351, 328634000000, 
-0.9745886123920816, 3.0032579781571966, 1.2636572852026937, 328639000000, 
-1.0157602058849176, 2.9718419064821564, 1.2626418081042379, 328644000000, 
-1.0711995145792044, 2.9473535262756263, 1.2618110859941878, 328650000000, 
-1.097886392516647, 2.927986768728272, 1.2611167908282734, 328656000000, 
-1.1686527355136214, 2.8845570467979633, 1.259433207660808, 328661000000, 
-1.1515795907440711, 2.8837453714151104, 1.2586409207174707, 328666000000, 
-1.2064621535908973, 2.8476172378717304, 1.257514985068429, 328673000000, 
-1.2475525849913762, 2.8122914534185894, 1.256170168539748, 328678000000, 
-1.2482669204051549, 2.788025679066493, 1.25545684978743, 328683000000, 
-1.3072281369849885, 2.7953584018947635, 1.254450223191122, 328688000000, 
-1.3357088010316298, 2.719273933320376, 1.2533051453954727, 328693000000, 
-1.3670196267393844, 2.710900123484665, 1.2524069545096475, 328698000000, 
-1.4065380954664857, 2.702216851786759, 1.2514549147535452, 328703000000, 
-1.4517463300633235, 2.6908882532876417, 1.250079841011741, 328708000000, 
-1.4852552677104198, 2.6225522876434466, 1.248645751027113, 328713000000, 
-1.4862536835252917, 2.631538454419021, 1.2480242966422126, 328718000000, 
-1.521385180462038, 2.5910712183268103, 1.2469792525467538, 328723000000, 
-1.571167868776057, 2.5600592643453215, 1.2461082072210183, 328728000000, 
-1.6397921172170886, 2.563180134060343, 1.2447541482074265, 328733000000, 
-1.6737951969106126, 2.552435002036299, 1.2436092455535663, 328738000000, 
-1.7401021337547862, 2.589139502922211, 1.2427388465868154, 328743000000, 
-1.7520680482412538, 2.53412123316997, 1.2416636609609024, 328749000000, 
-1.7769887967629854, 2.4591406578211226, 1.239872534076319, 328754000000, 
-1.81931440601666, 2.443209246934366, 1.2386590385018579, 328759000000, 
-1.8246237946018034, 2.3826287307453056, 1.2374042029692076, 328764000000, 
-1.828769436344927, 2.3794581605753446, 1.236320735376586, 328769000000, 
-1.9101644624671121, 2.3477575303898135, 1.2355079669098832, 328774000000, 
-1.965230346190183, 2.338048384227476, 1.2339949777391759, 328779000000, 
-1.9518184518108135, 2.3206897465039833, 1.233121789191963, 328784000000, 
-1.9835462417155003, 2.269709590415751, 1.231807753486888, 328789000000, 
-2.019519148965808, 2.251515319894446, 1.2304697295887796, 328794000000, 
-2.0638926506846293, 2.2364837751574607, 1.229644710984101, 328799000000, 
-2.105074545564877, 2.2368686220172544, 1.2279024589445677, 328804000000, 
-2.1103944570022963, 2.2200922353531585, 1.227022141159197, 328809000000, 
-2.177214310771486, 2.195257995662836, 1.2254881856143343, 328814000000, 
-2.219357820723595, 2.1268990755597152, 1.2245366941844968, 328819000000, 
-2.2536087119396617, 2.1296448522390463, 1.2224679769243154, 328824000000, 
-2.2567797874912814, 2.094268724985723, 1.2214723580264955, 328829000000, 
-2.333048412623638, 2.0941562657388775, 1.2199729720706027, 328834000000, 
-2.3700341848379356, 2.0380572613493437, 1.217946749666557, 328839000000, 
-2.3797758088910657, 2.0285046316225537, 1.2169217814836695, 328844000000, 
-39.791006863707345, 2.5993202964730644, 1.2017157128658578, 328849000000, 
39.84863442075655, 6.242238305493621, 1.2195566597340006, 328854000000, 
-7.857387984887057, 0.03310817905859453, 1.2157499363087785, 328859000000, 
-4.733589917979097, 0.8008725813597349, 1.2127321217766582, 328864000000, 
-1.6488559802781835, 1.2729107784538056, 1.2116970729199743, 328869000000, 
-1.8623009762673097, 1.5212139755647864, 1.2104966653168365, 328874000000, 
-38.71337879683159, -0.5279690873398444, 1.194980552434781, 328879000000, 
32.97649148131995, 7.327874981957807, 1.2135478781897824, 328884000000, 
-9.749571289811431, -0.6831922666392733, 1.2092101766554095, 328889000000, 
-4.4533713168738505, 0.5309471443898741, 1.2063678669449671, 328894000000, 
-34.8471262335075, -2.321360544950404, 1.1919282705706917, 328899000000, 
25.754994184038, 9.368679849478886, 1.205726827773643, 328904000000, 
4.830822814798606, 0.23428062821189802, 1.2084151432994894, 328909000000, 
-31.67711556937667, -5.341424131073178, 1.194359454478142, 328914000000, 
22.542111421220216, 10.871588107538216, 1.2068981295788204, 328919000000, 
-27.44380041449839, -7.6603080773918295, 1.1940875091343888, 328924000000, 
15.482822252166308, 10.725363360467577, 1.2027312343474919, 328929000000, 
-16.450658204854953, -8.378720267348088, 1.1948060031615302, 328934000000, 
15.18029214612987, 12.926245429567802, 1.204117703667945, 328939000000, 
-16.365443539582042, -4.503986326212451, 1.1958448744571981, 328944000000, 
-4.7091575182338055, 1.164157299066315, 1.1932945073315568, 328949000000, 
-15.895591148277017, -6.067825067655227, 1.1870486856176994, 328954000000, 
-17.30792256091778, 2.0747698878364718, 1.1809849163803992, 328959000000, 
-12.688484190222308, 1.4738216969487958, 1.1765328608322494, 328964000000, 
-12.628272689579685, 1.4978559036384311, 1.1715674286663529, 328969000000, 
-12.580382265887874, 1.627843941457002, 1.1673124802750672, 328974000000, 
-5.590853536458352, 1.215373707787611, 1.1654914760198012, 328979000000, 
-3.3917313758420753, 1.0360315131332516, 1.1649281862679959, 328984000000, 
-3.40283526999372, 0.9947097344114221, 1.163346046417805, 328989000000, 
-3.4667433185873398, 0.964826486198674, 1.162781837042291, 328994000000, 
-3.512924779824982, 0.9921376203087795, 1.1615691630768994, 328999000000, 
-3.5036042710637747, 0.9334825063209695, 1.161054842494847, 329004000000, 
-3.553044418339907, 0.9095269951484404, 1.1594315093556118, 329009000000, 
-3.6259227237846874, 0.8926180300016482, 1.158756394258991, 329014000000, 
-3.665710562542498, 0.8994252381265563, 1.1574471625089011, 329019000000, 
-3.710728416165915, 0.8520917955647676, 1.1559618967207705, 329025000000, 
-3.7194732460111055, 0.859733956347728, 1.1552875631763393, 329030000000, 
-3.7785250949026588, 0.8239327632882119, 1.1539993501459342, 329035000000, 
-3.8169392856741657, 0.8195499002666137, 1.1530648078710841, 329040000000, 
-3.8089405974262545, 0.7959784855623093, 1.151507179946432, 329045000000, 
-3.890431658470024, 0.7826423340386056, 1.150506708494092, 329050000000, 
-3.920173866347842, 0.7886158460177592, 1.149351221733713, 329055000000, 
-3.9797782902985905, 0.7297840926917019, 1.1483637013740926, 329060000000, 
-4.013026396790824, 0.7134066764874127, 1.1468498070992108, 329065000000, 
-4.050628880829292, 0.75432028865875, 1.1463835416000574, 329070000000, 
-4.054406416534075, 0.6532693485109795, 1.1447313379363258, 329075000000, 
-4.083444898013943, 0.6428531255622104, 1.1433069735562698, 329080000000, 
-4.142429992639395, 0.6565912794840784, 1.1420243631844988, 329085000000, 
-4.1838678929415725, 0.6452557267585192, 1.1409961662008004, 329090000000, 
-4.244467111007226, 0.6453962705176749, 1.1392407339109978, 329095000000, 
-4.259436837374767, 0.6106214239809945, 1.1384665133755376, 329100000000, 
-4.269383696607579, 0.5903975012629783, 1.1368660878982497, 329105000000, 
-4.328790685567246, 0.5477356198663798, 1.1351056447518029, 329110000000, 
-4.394572965522133, 0.5872609637159953, 1.1338584589091318, 329115000000, 
-4.438904779099959, 0.5322246205450951, 1.1327481281380825, 329120000000, 
-4.428014953678432, 0.49265971617488835, 1.1312652946443424, 329125000000, 
-4.474600647089143, 0.5175305288138501, 1.12951172786987, 329130000000, 
-4.5210530976916665, 0.47492010410649277, 1.1282357647680774, 329135000000, 
-4.527995408866311, 0.4540553687288841, 1.1266561213283353, 329140000000, 
-4.57173946138802, 0.42687933828452307, 1.1246272781879127, 329145000000, 
-4.626561812482467, 0.43934502806441433, 1.123266590393732, 329150000000, 
-4.654747582145657, 0.4249880505314697, 1.1213607240702, 329155000000, 
-4.721142433423672, 0.4201846538280087, 1.1200353940748795, 329160000000, 
-4.743557808334796, 0.38433734016270027, 1.1184495148023634, 329165000000, 
-4.753091171209624, 0.378749376348315, 1.1168122924256394, 329170000000, 
-4.824866408258461, 0.3621362096467545, 1.1152098288083998, 329175000000, 
-4.861513206836179, 0.32726284267417716, 1.1131931191102649, 329180000000, 
-4.871730249562289, 0.31780074364354705, 1.111492281735522, 329185000000, 
-4.930107823838368, 0.3297174160318276, 1.10938492374838, 329190000000, 
-4.969804974969331, 0.30107826214662403, 1.107952054582725, 329195000000, 
-4.985247720752426, 0.29392343142675903, 1.1063955138729118, 329201000000, 
-5.056112762409782, 0.25193278671537883, 1.1042238856574764, 329205000000, 
-5.029612766103972, 0.2248908279939725, 1.1024824146450796, 329210000000, 
-5.113356444832492, 0.22581457845657107, 1.1004944934792373, 329215000000, 
-5.144061013357011, 0.26755838610681576, 1.0984206609466272, 329220000000, 
-5.174747091939714, 0.21234721116792443, 1.0965083655385865, 329225000000, 
-5.197592287242151, 0.21817159289679502, 1.09444564507181, 329230000000, 
-5.2432035798272105, 0.20886226113132506, 1.09306476508061, 329235000000, 
-5.2888755764357285, 0.20107383268908197, 1.0909390075194403, 329240000000, 
-5.311553136250171, 0.19560489304127862, 1.088854662121638, 329245000000, 
-5.3307132056592055, 0.16764575661453285, 1.0870770793366051, 329250000000, 
-5.371350416390161, 0.13190187745241663, 1.0851184274090098, 329255000000, 
-5.4350702865637, 0.12409818493003578, 1.0829114797585633, 329260000000, 
-5.452760583942761, 0.10552335907723004, 1.0813739295108902, 329265000000, 
-5.47665589493578, 0.09065284544056199, 1.0793125353255584, 329270000000, 
-5.514023379754934, 0.09194931665983283, 1.0765990315581608, 329275000000, 
-5.5596175996176385, 0.08858819822593571, 1.075129631550748, 329280000000, 
-5.577876484903458, 0.06917346861064179, 1.0731860387357466, 329285000000, 
-5.630173385805152, 0.047657853367098935, 1.0701686992529889, 329290000000, 
-5.666199407670919, 0.046757770919501576, 1.0685441407576954, 329295000000, 
-5.700652447041524, 0.02406404906460117, 1.066096412082025, 329301000000, 
-5.741570805664636, 0.01958008102044257, 1.0642304641847853, 329306000000, 
-5.758993860018631, -0.006673996382927597, 1.062430634886707, 329311000000, 
-5.778268372848873, -0.019350836037823803, 1.0597791398996612, 329316000000, 
-5.83677400192928, -0.03253245493886332, 1.0575755587333238, 329321000000, 
-5.863915076322017, -0.03243634174662914, 1.0561208042486547, 329326000000, 
-5.897596338053125, -0.01846567310150227, 1.0535473621117082, 329331000000, 
-5.9536284581891525, -0.04346224528107771, 1.0514996159498442, 329336000000, 
-6.012512590417387, -0.09226355215276905, 1.0491651744583503, 329341000000, 
-6.043630175592121, -0.04513672492234261, 1.046402268808202, 329347000000, 
-6.0454978391309755, -0.07406787408104543, 1.0441807475684786, 329352000000, 
-6.088222122701839, -0.08453312357589671, 1.0416260537971238, 329357000000, 
-6.144725789146286, -0.0770657364738451, 1.0387409967485093, 329363000000, 
3.7583289926821077, 2.5400462516750855, 1.0372483824975904, 329368000000, 
5.930762200885152, 2.7912473393626516, 1.0360924023840112, 329373000000, 
0.7530661324573072, -3.0110727036238534, 1.035318221736127, 329378000000, 
-4.263008378510185, -1.7684214421687123, 1.0360963677993889, 329383000000, 
-4.939243426513282, 0.09453156552112643, 1.0384190022454274, 329388000000, 
-8.421575928104025, 0.157946860806604, 1.042349666771954, 329394000000, 
-5.452096568514914, 0.14807952216800924, 1.0450210919198373, 329399000000, 
-5.019353771136463, 0.04766341057863769, 1.0467134914884553, 329404000000, 
-8.434399286600433, 0.10880977702117331, 1.0501084678947425, 329409000000, 
-5.0592328499195265, 0.07499243345705651, 1.0527711121811016, 329414000000, 
-5.638194143120919, 0.12280730793921907, 1.0555938141643175, 329419000000, 
-8.432129522860006, 0.1328802138021946, 1.0587884211413874, 329424000000, 
-6.409987891813399, 0.09511151007436522, 1.061230715307191, 329429000000, 
-5.118019720237256, 0.05704363235485626, 1.0633409646988323, 329434000000, 
-6.457750368739128, 0.06527326385171697, 1.0654255875030676, 329439000000, 
-7.433784997513529, 0.10169035608147936, 1.0697610779493822, 329445000000, 
-5.192795440932618, 0.04460409681090565, 1.0717371041810981, 329450000000, 
-7.24875776408071, 0.10406401508435693, 1.0749127470626507, 329455000000, 
-7.128351709424132, 0.09324753667200794, 1.0783046004880223, 329460000000, 
-6.6336532536774655, 0.06212181610781117, 1.080342785299135, 329465000000, 
-5.3588204312148635, 0.060513274470052045, 1.0829315177567909, 329470000000, 
-7.4266882015442315, 0.13401589657744759, 1.085576883518308, 329475000000, 
-5.373121883580682, 0.07033526843344079, 1.0880794501909041, 329480000000, 
-8.607863384970349, 0.10912896313571767, 1.0916620259443799, 329485000000, 
-5.404348057487889, 0.07953212045515011, 1.0932526419025506, 329490000000, 
-7.703043689900995, 0.09456769495687806, 1.0965222615338044, 329495000000, 
-5.46565071425484, 0.041687177008657775, 1.0992434236385047, 329501000000, 
-7.24703999471426, 0.11217608425944638, 1.1026768067677601, 329506000000, 
-7.854843235438172, 0.14998215055507577, 1.1057567134704946, 329511000000, 
-5.531870125554074, 0.09870763089509825, 1.1078269039948068, 329516000000, 
-8.73611154272782, 0.15198177152570497, 1.111424787880481, 329521000000, 
-5.586386288914071, 0.09552526720527084, 1.113781055478554, 329526000000, 
-6.725498356121613, 0.12252090852895074, 1.1171848312454886, 329532000000, 
-7.062934530819989, 0.12074009202524508, 1.1195455998953874, 329537000000, 
-7.357457669403518, 0.15537555947818785, 1.12308090350903, 329542000000, 
-8.183701630797243, 0.20841194649810516, 1.126424190955104, 329547000000, 
-5.736828312477823, 0.13132271272564977, 1.1288410504277393, 329552000000, 
-27.429280833602444, 2.833561611986932, 1.1185530038290181, 329557000000, 
-16.176916118556, 1.2380840109849263, 1.1127112003884636, 329562000000, 
-10.432262667931184, -3.6663088906713903, 1.107522915900043, 329567000000, 
-7.344924051133504, -0.10061191266634596, 1.1049058604009816, 329572000000, 
-7.406318183520263, -0.010615184906228307, 1.1020244099886098, 329577000000, 
-7.427992342611907, -0.043364963243737585, 1.099518343954859, 329582000000, 
-7.450291400833888, -0.023931796659217946, 1.0971237370548024, 329587000000, 
-7.480618037831036, -0.0011321894754870929, 1.093873716068569, 329592000000, 
-7.500670403130342, 0.017568233709057742, 1.0908075050880064, 329597000000, 
-7.517039072285876, -0.006784645628521824, 1.088359924418734, 329602000000, 
-7.53143088288512, 0.041707142405732645, 1.0854199022608257, 329607000000, 
-7.561050129512873, 0.021733671225730066, 1.082599823155603, 329612000000, 
-7.569257097448418, 0.05917430540572512, 1.0798921042788345, 329617000000, 
-7.619081102140214, 0.04304537240403106, 1.0769600803295953, 329622000000, 
-7.623404277683286, 0.05372310804323965, 1.0741662543608088, 329627000000, 
-7.682200127610047, 0.10068687573962948, 1.06947548547734, 329634000000, 
-7.65819383687396, 0.0708784451608079, 1.0668293862954252, 329639000000, 
-7.713472830104388, 0.11285834944146964, 1.0642608344027895, 329644000000, 
-7.770739197006094, 0.08631342853530038, 1.0614414114383266, 329649000000, 
-7.788118103925768, 0.11567452538037457, 1.0584695743246988, 329654000000, 
-7.837719194068201, 0.14362838112383525, 1.0548396986448034, 329659000000, 
-7.844209457703973, 0.18526385591772151, 1.0529173555740892, 329664000000, 
-7.841090151688065, 0.1473889013887204, 1.0504538225442772, 329669000000, 
-7.883358037560969, 0.18884817778165303, 1.0466299411944717, 329675000000, 
-7.892987347766941, 0.2126131095732327, 1.0434416322736102, 329680000000, 
-7.904365788787337, 0.19994366891787277, 1.0405781777405543, 329685000000, 
-7.960308247443793, 0.207809534771488, 1.0377942577623958, 329690000000, 
-7.97731370654374, 0.23028720202635405, 1.0340693768269402, 329695000000, 
-8.019190235544789, 0.2191243336291404, 1.0315805992270355, 329700000000, 
-7.985723292672038, 0.2595543346781087, 1.0287297344402277, 329705000000, 
-8.02995750115335, 0.24935029459734248, 1.025667734808458, 329711000000, 
-8.017352103930461, 0.25797845237179823, 1.022259241344746, 329716000000, 
-8.053406413285215, 0.271299559316802, 1.0190399886618222, 329721000000, 
-8.103461268640205, 0.3061047152646858, 1.0164221568002763, 329726000000, 
-8.122884575782582, 0.30475323241252295, 1.0131761150735485, 329731000000, 
-8.137941101586376, 0.3565198488800428, 1.0100919554315397, 329736000000, 
-8.151296918834815, 0.36419198423094457, 1.0070649823074542, 329741000000, 
-8.19909060118569, 0.3515682026399402, 1.00338813341851, 329746000000, 
-8.202662599829639, 0.3713071355806328, 1.001026881616536, 329751000000, 
-8.205738389614288, 0.3744555158712045, 0.9980095622210932, 329756000000, 
-8.24542445201965, 0.37941660039394987, 0.9951819236025892, 329761000000, 
-8.2684575962268, 0.40951884773782515, 0.9914745250747604, 329766000000, 
-8.275101664555448, 0.42141978987486356, 0.988776040437236, 329771000000, 
-8.307946432975898, 0.41611174234511494, 0.9857302523733972, 329776000000, 
-8.298310405068607, 0.4441480579127892, 0.982749081004351, 329781000000, 
-8.316345503546685, 0.4534884692818315, 0.9793862520104463, 329786000000, 
-8.366951782877877, 0.4825531498053797, 0.9760410180276193, 329791000000, 
-8.357167209296426, 0.5148160922533166, 0.9736178224313363, 329796000000, 
-8.40171860766653, 0.5223608792720558, 0.970355500300312, 329801000000, 
-8.422743211110806, 0.5448128955455875, 0.9673496288209888, 329806000000, 
-8.430950316973151, 0.5484992057481275, 0.9638537592300753, 329811000000, 
-8.449813960814458, 0.5374911301339608, 0.9603121140550088, 329816000000, 
-8.43779546595197, 0.5629976704891565, 0.9577822609196339, 329821000000, 
-8.443740760856054, 0.5952427186314392, 0.9544647160048008, 329826000000, 
-8.489936422251356, 0.6187530289237664, 0.9515402393487182, 329831000000, 
-8.518379112992557, 0.6285015725378894, 0.9486801052464927, 329836000000, 
-8.507261398620583, 0.6207571470996539, 0.9455464555290083, 329841000000, 
-8.51708530050507, 0.6255637325260226, 0.9422117678820771, 329846000000, 
-8.582858415264923, 0.7211309289057286, 0.9392926701919849, 329851000000, 
-8.555650603973394, 0.6899245203771563, 0.9363998459048243, 329856000000, 
-8.59583835703322, 0.6885721604457911, 0.9331502965651904, 329861000000, 
-8.595977245966147, 0.7143252932785474, 0.9298057558593543, 329866000000, 
-8.624907935719882, 0.7060323913017009, 0.9277507636937642, 329871000000, 
-8.634698096273087, 0.7512535046758407, 0.923894449951495, 329876000000, 
-8.62614409787144, 0.7731143677020618, 0.9208302067753656, 329881000000, 
-8.70216029825819, 0.7798751689265979, 0.9177620940037096, 329886000000, 
-8.672468155181104, 0.7805437358563074, 0.914816546258549, 329891000000, 
-8.728051686934014, 0.8194618248258257, 0.9113180748687065, 329896000000, 
-8.705912295839365, 0.8389467341165445, 0.9093158110041036, 329901000000, 
-8.703244918434844, 0.8418715398109224, 0.9050358699945351, 329906000000, 
-8.718398258058837, 0.8811025121653597, 0.9017084110012077, 329912000000, 
-8.747464856631234, 0.8429258189430301, 0.8985633082904846, 329917000000, 
-8.760430028336074, 0.9022397917827825, 0.8957809213955484, 329922000000, 
-8.772899870928779, 0.9002256345433984, 0.8924272478514474, 329927000000, 
-8.794459886424084, 0.9391067238985599, 0.889479767034256, 329932000000, 
-8.822587037641943, 0.9259263945266247, 0.88515072118066, 329938000000, 
-8.816093015983576, 0.9821990755793035, 0.8833722169540037, 329942000000, 
-8.823036642059293, 0.9635995601014679, 0.8802373599862876, 329947000000, 
-8.843675131295825, 0.9742454863974832, 0.877342367685444, 329952000000, 
-8.858958151691384, 0.9995040531936533, 0.8742136815678179, 329957000000, 
-8.847948351554438, 1.0523484277528663, 0.8703884005011738, 329962000000, 
-8.870608726296581, 1.0550790614078205, 0.8680681354858821, 329967000000, 
-8.916555652865982, 1.07627137449219, 0.8654310391952791, 329972000000, 
-8.900250048787926, 1.0631844609531924, 0.862340789603884, 329977000000, 
-8.90664244224211, 1.0931028263003173, 0.8580916397112888, 329982000000, 
-8.898064808919017, 1.129644536340773, 0.8555556548573257, 329987000000, 
-8.940557251803373, 1.1352458651630526, 0.8527843982511589, 329992000000, 
-8.937986600247685, 1.1538266072456143, 0.8492845709657282, 329997000000, 
-8.950163481832483, 1.1951306376241737, 0.8463161235719951, 330002000000, 
-8.986691584329796, 1.170768796353986, 0.8431447815551656, 330007000000, 
-9.015043498728629, 1.21396573892616, 0.8402955280557862, 330012000000, 
-8.977788477475848, 1.2124557250113104, 0.837008329776769, 330017000000, 
-9.01809524378966, 1.2171378306094274, 0.8341683846536402, 330022000000, 
-9.018951753201074, 1.233965026226688, 0.8310588608383588, 330027000000, 
-9.018363058161132, 1.2845034714642374, 0.827642074948872, 330032000000, 
-9.032968262820207, 1.2964841362803203, 0.825404680529415, 330037000000, 
-9.035715371162764, 1.286394788302413, 0.8221788931216759, 330042000000, 
-9.02602648062875, 1.321126022331049, 0.8183648455165082, 330047000000, 
-9.062464076016274, 1.3303635034302792, 0.8156946143678884, 330052000000, 
-9.057307016363747, 1.3693242661663982, 0.8119965752800935, 330057000000, 
-9.070662489726525, 1.3848080219482863, 0.8091997057296949, 330062000000, 
-9.099064113870563, 1.4088240207718075, 0.8060077208709503, 330067000000, 
-9.096153165956796, 1.400113570620232, 0.8021159189494305, 330073000000, 
-9.079546999850493, 1.4400206153619908, 0.7991757598964734, 330078000000, 
-9.101858980309546, 1.465151553575473, 0.79618809439108, 330083000000, 
-9.114148922808715, 1.472927731340169, 0.7931197717818831, 330088000000, 
-9.137201331775525, 1.4905026170953253, 0.7891674868637173, 330093000000, 
-9.150297306860654, 1.5167042257102332, 0.7871007463047611, 330098000000, 
-9.149366958926468, 1.5462391299357003, 0.7829927294677921, 330104000000, 
-9.132590014887134, 1.564926978242195, 0.7797771761731377, 330109000000, 
-9.182592335599587, 1.5667754897529402, 0.7768092109149716, 330114000000, 
-9.164036941728108, 1.5952238229644444, 0.7737713607393982, 330119000000, 
-9.15877789521813, 1.6042048839597447, 0.7705803426013231, 330124000000, 
-9.172259364541082, 1.6385807859780133, 0.7672748440783445, 330129000000, 
-9.212120718867675, 1.6503673627453987, 0.7650259488467391, 330134000000, 
-9.177414410274519, 1.6583675006193765, 0.7615351190348312, 330139000000, 
-9.17989695885617, 1.6805523266436604, 0.7585301248148383, 330144000000, 
-9.189250045565878, 1.7183493513046948, 0.7552004153279457, 330150000000, 
-9.166837927391061, 1.7214766505842884, 0.7515922069537704, 330155000000, 
-9.217623534893042, 1.7587926345226477, 0.7484936805474495, 330160000000, 
-9.178846323232321, 1.76202800909611, 0.7455110231467624, 330165000000, 
-9.22875883624486, 1.800609013122306, 0.7427402569401043, 330170000000, 
-9.17526133281532, 1.787372753627897, 0.7393059733914099, 330175000000, 
-9.23578006943315, 1.806080829796231, 0.7366683604852776, 330180000000, 
-9.228701487639793, 1.868868439164776, 0.7329237542551881, 330185000000, 
-9.234850856576463, 1.895104421668528, 0.7304555712265072, 330191000000, 
-9.25334930993694, 1.9214962479610835, 0.7264122664338016, 330196000000, 
-9.253858281941556, 1.895975127770672, 0.7250037127619114, 330201000000, 
-9.266140578538774, 1.933624184719787, 0.7205009073737806, 330207000000, 
-9.223104521073665, 1.9656556218783188, 0.7171201939376867, 330212000000, 
-9.223769421867264, 1.998382106807749, 0.7139675639288015, 330217000000, 
-9.24785924053268, 2.027798164877664, 0.7102871674541501, 330223000000, 
-9.270078478609157, 2.023033949435708, 0.7075511280342162, 330228000000, 
-9.278350791704845, 2.0481645840684015, 0.704804209599973, 330233000000, 
-9.259527480251089, 2.047727086334794, 0.7010084703668158, 330238000000, 
-9.266308260322148, 2.0771623564036443, 0.6987993999442563, 330243000000, 
-9.284289880146796, 2.1157426966134385, 0.695750186209956, 330248000000, 
-9.296966821276284, 2.1027137630404846, 0.693204911680929, 330253000000, 
-9.263676616859696, 2.116353013090359, 0.6899021962051987, 330258000000, 
-9.276054648667772, 2.180352738149909, 0.687117171434767, 330263000000, 
-9.258228447700711, 2.147617038847513, 0.6842854357786704, 330268000000, 
-9.304145990756014, 2.1866014242322467, 0.6829776959609714, 330273000000, 
