x, y, th, stamp, 
-0.663886624532702, -1.6945788581831922, 0.14065217833788696, 198901000000, 
-0.6588591586702137, -1.693842458525297, 0.1508500316369913, 198935000000, 
-0.6538394462062908, -1.6930548889395298, 0.16104819254052852, 198969000000, 
-0.6488451110310449, -1.6922068534490633, 0.17911684865482477, 199003000000, 
-0.64391580754286, -1.6912284997002138, 0.21897394057814953, 199037000000, 
-0.6390690476663808, -1.6900199932662017, 0.2748711407701285, 199071000000, 
-0.6343227020609943, -1.6885257834524223, 0.3406449113948468, 199105000000, 
-0.6297226425804711, -1.6867027267532535, 0.4212623575168705, 199139000000, 
-0.625330898061167, -1.6844929760832401, 0.5186922308589706, 199173000000, 
-0.621202873187848, -1.681852964673427, 0.6245945895608103, 199207000000, 
-0.617369810292633, -1.6787905096824318, 0.7270898459776397, 199241000000, 
-0.6138583817360409, -1.6753542418966174, 0.8263859028771962, 199275000000, 
-0.6107116469964713, -1.6715882710414747, 0.9284163046371247, 199309000000, 
-0.60795260356026, -1.6675131539313315, 1.023852368415361, 199343000000, 
-0.6055404639625386, -1.6631870492762568, 1.1022577260671378, 199377000000, 
-0.6034731824164544, -1.6586897952325685, 1.183368995507104, 199411000000, 
-0.6017944816271753, -1.6540404505215518, 1.267965307470544, 199445000000, 
-0.6004770095974291, -1.6492488625670105, 1.338551643393207, 199479000000, 
-0.5994837142523012, -1.6443724462060998, 1.4058742348544804, 199513000000, 
-0.5988353200082394, -1.639447566698466, 1.4782373342707935, 199547000000, 
-0.5985306685603495, -1.6344758981964884, 1.5431312328221045, 199581000000, 
-0.5985265348768662, -1.6294800054335419, 1.6001860880185674, 199615000000, 
-0.5988038601595685, -1.624491611807997, 1.656897632260653, 199649000000, 
-0.5993640960267076, -1.6195280222637638, 1.7137643220095617, 199683000000, 
-0.6002032506978618, -1.6146013931919287, 1.7689668119918414, 199717000000, 
-0.6013061701657223, -1.609720059933447, 1.8201542334140686, 199751000000, 
-0.602651599775446, -1.6048962069287092, 1.869209186481282, 199785000000, 
-0.6042337643768964, -1.600148079405873, 1.9198649670033912, 199819000000, 
-0.6059801555600347, -1.5955960842607895, 1.9685638090643227, 199853000000, 
-0.6079549218436157, -1.5911575972159202, 2.0129872991477034, 199887000000, 
-0.6101389641266786, -1.5867694113521085, 2.0556023314969387, 199921000000, 
-0.6124789710297607, -1.5825355127311267, 2.098543013256159, 199955000000, 
-0.6150247044759996, -1.5783526729272639, 2.138765863578886, 199989000000, 
-0.6177417926196299, -1.5742195699298362, 2.1785215736326027, 200023000000, 
-0.62059673548387, -1.5702700270095253, 2.217869860512058, 200057000000, 
-0.6236304469525141, -1.5663998663531364, 2.255033605234033, 200091000000, 
-0.6267910682149845, -1.5626605811639638, 2.2912439842031675, 200125000000, 
-0.6301429289010055, -1.5589621915881273, 2.3259470980159564, 200159000000, 
-0.6336558795884845, -1.5553487636794294, 2.3595137431514264, 200193000000, 
-0.637287597800232, -1.551852851055068, 2.3920853379300246, 200227000000, 
-0.6410300891631276, -1.548472395395396, 2.4231762408148882, 200261000000, 
-0.6448750181676584, -1.5452112146307073, 2.4548408260162167, 200295000000, 
-0.6488215629374313, -1.5420739936953871, 2.4861731407720797, 200329000000, 
-0.652863946629498, -1.5390550268920038, 2.515196536446976, 200363000000, 
-0.6569917939757025, -1.5361531832064401, 2.5437740331610454, 200397000000, 
-0.6612008321520847, -1.5333692550174207, 2.5719182849913866, 200431000000, 
-0.665486411572106, -1.5307049741304015, 2.600137213657582, 200465000000, 
-0.6698463177788806, -1.5281616525075234, 2.6277716769216637, 200499000000, 
-0.6742756693109134, -1.5257347474585405, 2.6538680587943473, 200533000000, 
-0.6787665793431026, -1.5234247608354685, 2.680432958468913, 200567000000, 
-0.6833179874172779, -1.5212359262742725, 2.7070158579872134, 200601000000, 
-0.6879274171631262, -1.5191635558728267, 2.7318501464032523, 200635000000, 
-0.6925874623568686, -1.5172045484753027, 2.7562337879787178, 200669000000, 
-0.6972942978477124, -1.5153584216767928, 2.7803835044658953, 200703000000, 
-0.7020444694905439, -1.5136265648656604, 2.8046577471766483, 200737000000, 
-0.706836151177867, -1.512009480995612, 2.8284358450147273, 200771000000, 
-0.7116658872268978, -1.5105030818191807, 2.8510533900739645, 200805000000, 
-0.7165278714663953, -1.509106683714969, 2.874042696532191, 200839000000, 
-0.7214205182313109, -1.5078230007920836, 2.897035046969954, 200873000000, 
-0.7263427257456453, -1.5066485165835934, 2.9187146206531027, 200907000000, 
-0.7312891875767872, -1.505579550298845, 2.940053908802585, 200941000000, 
-0.7362572251469095, -1.504615832442457, 2.9611952746200716, 200975000000, 
-0.7412439218825687, -1.5037571529804994, 2.982423275719628, 201009000000, 
-0.7462481747330267, -1.5030042175747922, 3.00328331848962, 201043000000, 
-0.7512681831641621, -1.5023532165800297, 3.023258009961896, 201077000000, 
-0.756300586573345, -1.501802499118898, 3.043091797505799, 201111000000, 
-0.7613433912855662, -1.5013503556109427, 3.0625916149135515, 201145000000, 
-0.7663942701435996, -1.5009964904338464, 3.082119985707075, 201179000000, 
-0.7714518161427533, -1.5007413437171833, 3.1014375316452614, 201213000000, 
-0.7765150430336033, -1.500581801353024, 3.1199872436976013, 201247000000, 
-0.7815803864930939, -1.5005163019112993, 3.1387144068979627, 201281000000, 
-0.7866461763191368, -1.500545931774733, -3.125725237286328, 201315000000, 
-0.7917122883776697, -1.5006685199990208, -3.10782005727073, 201349000000, 
-0.7967760700143469, -1.5008811801065014, -3.0901679364259476, 201383000000, 
-0.8018354907235195, -1.5011823763630325, -3.0726777449948885, 201417000000, 
-0.806888690212302, -1.5015722797682987, -3.0551105439504425, 201451000000, 
-0.8119344741370911, -1.502050391073154, -3.0377885872934787, 201485000000, 
-0.8169725007334249, -1.5026147473447737, -3.0210871312626533, 201519000000, 
-0.821999625922915, -1.503262590146497, -3.00419460104799, 201553000000, 
-0.8270149466521594, -1.5039960872146403, -2.9872997427184327, 201587000000, 
-0.8320184748960031, -1.504812537576411, -2.971112254718955, 201621000000, 
-0.8369983553983755, -1.5057082869827594, -2.9550890998927675, 201655000000, 
-0.8419305846853995, -1.506678778852046, -2.938797623486571, 201689000000, 
-0.846833849534747, -1.5077277409095626, -2.9220225819338124, 201723000000, 
-0.8517156312873545, -1.5088621005708556, -2.905609697051134, 201757000000, 
-0.8566101666080552, -1.5100805438566614, -2.8898842114208394, 201791000000, 
-0.8615123163400901, -1.511380406323147, -2.8744868003638326, 201825000000, 
-0.8663950736046108, -1.5127547641319288, -2.8593738885430557, 201859000000, 
-0.8712571864701818, -1.514202280169396, -2.8445546558395227, 201893000000, 
-0.8760972412797311, -1.515721395024885, -2.829812133099255, 201927000000, 
-0.8809147451601598, -1.5173106620555499, -2.815355678677793, 201961000000, 
-0.8857088188574622, -1.518969923810029, -2.8008574386133085, 201995000000, 
-0.8904780812362673, -1.5206979759554713, -2.7864296983518217, 202029000000, 
-0.8952231252180711, -1.5224940451643267, -2.77245126069976, 202063000000, 
-0.8999425787305606, -1.524356360123586, -2.758389922067457, 202097000000, 
-0.9046352191886625, -1.526284984208214, -2.7443090200116567, 202131000000, 
-0.9093016183623938, -1.5282789331985263, -2.7306990958638178, 202165000000, 
-0.9139406713580719, -1.530336253537913, -2.7170467990886973, 202199000000, 
-0.9185509638399528, -1.5324568123646027, -2.7033414374717006, 202233000000, 
-0.9231331173749672, -1.5346399679229312, -2.6900698051437137, 202267000000, 
-0.9276865110783251, -1.5368835379584724, -2.6769654287184284, 202301000000, 
-0.9322104417235988, -1.5391864283640353, -2.6639563384750993, 202335000000, 
-0.9367044442683188, -1.5415481589251825, -2.6510646743654545, 202369000000, 
-0.9411681704858575, -1.5439668340742194, -2.6384488339108647, 202403000000, 
-0.9456009583120298, -1.5464418080165245, -2.625753628794583, 202437000000, 
-0.9500017867306793, -1.5489728736002941, -2.6130934505688463, 202471000000, 
-0.9543710438086093, -1.5515587052608923, -2.600809680310361, 202505000000, 
-0.9587085994158804, -1.5541981308051338, -2.5886239587767106, 202539000000, 
-0.9630136302247961, -1.556889726900357, -2.5765304576808457, 202573000000, 
-0.9672858625812086, -1.55963343179057, -2.5644097096436433, 202607000000, 
-0.9715244651801977, -1.562428434317516, -2.552397814985473, 202641000000, 
-0.9757301081688535, -1.5652738641096684, -2.5406839395760805, 202675000000, 
-0.979902204728534, -1.5681686202317215, -2.5288824434108763, 202709000000, 
-0.9840394960582649, -1.5711123526919484, -2.5170841150259133, 202743000000, 
-0.988142886578663, -1.5741045183372424, -2.505629434450876, 202777000000, 
-0.9922121156119816, -1.5771434836030016, -2.494270570460318, 202811000000, 
-0.9962469437689201, -1.5802284425889905, -2.4829784348515695, 202845000000, 
-1.0002467754368956, -1.5833588483149938, -2.4716525518105366, 202879000000, 
-1.0042112972651789, -1.5865345560175597, -2.460428534483015, 202913000000, 
-1.0081406510673845, -1.5897542307226833, -2.449468110741891, 202947000000, 
-1.0120343095138082, -1.5930166211122432, -2.4384272764967734, 202981000000, 
-1.015891700712813, -1.5963221579946245, -2.427389413836251, 203015000000, 
-1.0197131733840081, -1.5996694678617682, -2.416653832518575, 203049000000, 
-1.0234984813786745, -1.6030577607550993, -2.405880540894094, 203083000000, 
-1.0272467737793611, -1.6064863030122067, -2.3950714668193176, 203117000000, 
-1.030958549797938, -1.6099552088384093, -2.384540064639893, 203151000000, 
-1.0346338753579796, -1.613462715341455, -2.3741132761908124, 203185000000, 
-1.038272610575398, -1.6170082127998917, -2.3637443974530274, 203219000000, 
-1.0418742561471737, -1.6205912368840483, -2.3533386010064268, 203253000000, 
-1.045438640196961, -1.6242115528645702, -2.3430232282666017, 203287000000, 
-1.0489662612965436, -1.627868229715122, -2.3329330360713714, 203321000000, 
-1.0524569973427806, -1.6315603649396666, -2.3228786969867046, 203355000000, 
-1.0559106588844167, -1.6352876435397357, -2.3129109530867784, 203389000000, 
-1.059327236333029, -1.6390488874223414, -2.3029359052883587, 203423000000, 
-1.0627062728333816, -1.6428441938251594, -2.2930186580585343, 203457000000, 
-1.0660480921252333, -1.6466729833918627, -2.283302097055764, 203491000000, 
-1.0693527191402115, -1.6505337418206194, -2.2735352735355, 203525000000, 
-1.0726192305306244, -1.6544269532509686, -2.2637708205143126, 203559000000, 
-1.0758484660296834, -1.6583515406515967, -2.254236597238535, 203593000000, 
-1.079040308094072, -1.6623067725535723, -2.244769169841688, 203627000000, 
-1.0821946758017704, -1.666292010131232, -2.2353538343252577, 203661000000, 
-1.0853113741063003, -1.6703066333352574, -2.225917558980074, 203695000000, 
-1.0883901031382388, -1.6743505388074533, -2.216551143229035, 203729000000, 
-1.0914314860123202, -1.6784229384842564, -2.2073653850753434, 203763000000, 
-1.0944350827171876, -1.682523178275716, -2.198125600148852, 203797000000, 
-1.0974007127736989, -1.686650877400179, -2.1888880780015136, 203831000000, 
-1.1003285429270744, -1.6908060323961094, -2.1798609496838957, 203865000000, 
-1.103219130706181, -1.694987284047414, -2.170894134312078, 203899000000, 
-1.1060723456321677, -1.6991942436258056, -2.161970537926364, 203933000000, 
-1.1088877106223622, -1.7034267420666096, -2.153029670675199, 203967000000, 
-1.111665449607113, -1.7076841708156532, -2.1441531982697732, 204001000000, 
-1.1144056792499095, -1.711966318449029, -2.135438881379143, 204035000000, 
-1.117108788359472, -1.7162720453084535, -2.126755248651639, 204069000000, 
-1.1197744009683455, -1.7206013173320114, -2.118137365880923, 204103000000, 
-1.1224027715336895, -1.7249532402370629, -2.10951111377816, 204137000000, 
-1.124993574708312, -1.7293276913197522, -2.1009286699647562, 204171000000, 
-1.1275470407180228, -1.7337243912990123, -2.092497116294949, 204205000000, 
-1.1300634346628373, -1.738142227848365, -2.0840285124129045, 204239000000, 
-1.1325421668376763, -1.7425812875890079, -2.0755597465620945, 204273000000, 
-1.1349836606670545, -1.747041250484002, -2.0672652888697214, 204307000000, 
-1.1373881835295867, -1.7515211802624435, -2.05894932141015, 204341000000, 
-1.1397550677384558, -1.7560210776395386, -2.050615915046253, 204375000000, 
-1.1420850662997775, -1.7605404668418645, -2.0424465590964145, 204409000000, 
-1.1443782367132096, -1.7650788412845289, -2.034338308463066, 204443000000, 
-1.1466345096442485, -1.7696358044982226, -2.0262675969758637, 204477000000, 
-1.1488541057937467, -1.774210709364209, -2.018175275729727, 204511000000, 
-1.1510364803001885, -1.7788036851776343, -2.0101363676610093, 204545000000, 
-1.1531825607467479, -1.7834140008221033, -2.002234452878845, 204579000000, 
-1.1552919022955968, -1.7880412341742378, -1.9942904008416615, 204613000000, 
-1.1573644474548617, -1.7926850735018875, -1.9863470912743757, 204647000000, 
-1.1594003839270672, -1.7973454076111923, -1.9785615857740066, 204681000000, 
-1.1614002081626313, -1.8020214337094822, -1.9708202901402059, 204715000000, 
-1.1633637024586545, -1.8067128897293823, -1.9631112347331565, 204749000000, 
-1.1652911296608768, -1.8114191817898924, -1.9553897041031536, 204783000000, 
-1.1671819821167209, -1.8161403810314876, -1.9477152876895971, 204817000000, 
-1.1690371500695622, -1.8208758495505908, -1.9401620905479449, 204851000000, 
-1.1708563374169398, -1.8256253455858693, -1.9326318656270056, 204885000000, 
-1.1726399648476113, -1.8303883391296292, -1.9251523218407836, 204919000000, 
-1.1743879502533738, -1.8351645308992914, -1.9176658084669047, 204953000000, 
-1.176100131677082, -1.8399537471166216, -1.910211793474115, 204987000000, 
-1.1777767394310432, -1.8447557971519448, -1.9028721757491394, 205021000000, 
-1.1794183250426893, -1.8495698715608526, -1.895504335312616, 205055000000, 
-1.1810241454573567, -1.8543960651857936, -1.8881375186288332, 205089000000, 
-1.1825948659762735, -1.8592340928674946, -1.8809015882352356, 205123000000, 
-1.1841305069049923, -1.8640833610955054, -1.873650953559349, 205157000000, 
-1.1856308856999789, -1.8689436521647995, -1.866386360448041, 205191000000, 
-1.1870961276305154, -1.8738148798147816, -1.8592462146466158, 205225000000, 
-1.1885269307914517, -1.878696401624749, -1.852153185605883, 205259000000, 
-1.1899229379741132, -1.8835880629675446, -1.8450893159208017, 205293000000, 
-1.191284439971815, -1.8884893353596226, -1.8380091276025796, 205327000000, 
-1.192611231362021, -1.8934002048079077, -1.8309683873126472, 205361000000, 
-1.193903608212681, -1.8983204053346243, -1.824033834112192, 205395000000, 
-1.195161946003652, -1.9032493399731436, -1.817066982084571, 205429000000, 
-1.1963857099093258, -1.9081869756936292, -1.8101001738588525, 205463000000, 
-1.1975753387740384, -1.9131331990615414, -1.8032545175157024, 205497000000, 
-1.1987313448492973, -1.9180874012131341, -1.7964445838893297, 205531000000, 
-1.1998536323243278, -1.9230494241536684, -1.7896589478616645, 205565000000, 
-1.2009420987109631, -1.9280189780073498, -1.7828627013506644, 205599000000, 
-1.2019969550156524, -1.9329958636649256, -1.7761039433167336, 205633000000, 
-1.2030183068794107, -1.9379799219506977, -1.7694399018852536, 205667000000, 
-1.204006437709592, -1.9429706692803284, -1.7627461658029113, 205701000000, 
-1.2049610631635113, -1.9479678920568029, -1.7560552746712197, 205735000000, 
-1.205882645588523, -1.952971531319077, -1.7494747743907473, 205769000000, 
-1.2067712499566328, -1.9579811199637827, -1.742879848395821, 205803000000, 
-1.2076265754991116, -1.9629964873121217, -1.7362731364895672, 205837000000, 
-1.2084491470793344, -1.9680174670552022, -1.7297705634728036, 205871000000, 
-1.2092391389405048, -1.9730437082944983, -1.7232626372032491, 205905000000, 
-1.209996230064726, -1.9780749767559935, -1.7167434506720354, 205939000000, 
-1.2107207510704847, -1.983111215524484, -1.710320507596352, 205973000000, 
-1.2114129857265905, -1.9881520911977932, -1.7039373419988861, 206007000000, 
-1.2120732540387547, -1.9931972336163497, -1.6975797759470903, 206041000000, 
-1.2127012134220294, -1.9982465158773715, -1.6912067562160293, 206075000000, 
-1.2132972333836212, -2.003299656672455, -1.6848664330215635, 206109000000, 
-1.2138613211715132, -2.0083566491258713, -1.6786120800916846, 206143000000, 
-1.2143937352117042, -2.013417036059236, -1.6723319640478504, 206177000000, 
-1.21489433367625, -2.0184806891165663, -1.6660518422946793, 206211000000, 
-1.2153634595820952, -2.023547485180822, -1.6598702475378988, 206245000000, 
-1.2158013205194869, -2.0286171720729667, -1.653717089282821, 206279000000, 
-1.2162079400566534, -2.033689507103745, -1.6475843344595122, 206313000000, 
-1.2165834665930244, -2.0387641745881213, -1.6414436240924688, 206347000000, 
-1.2169279600142904, -2.0438411298226655, -1.6353328302157766, 206381000000, 
-1.2172415905845728, -2.048920231623648, -1.6292989480350852, 206415000000, 
-1.2175244584701053, -2.054001092582075, -1.623241656660173, 206449000000, 
-1.2177765348077811, -2.0590836352624464, -1.617185825987837, 206483000000, 
-1.2179980422119459, -2.064167699603176, -1.6112215470567575, 206517000000, 
-1.2181893958335017, -2.069253083651333, -1.6052828451975438, 206551000000, 
-1.2183505547522206, -2.074339551795525, -1.599363531790437, 206585000000, 
-1.2184814716510939, -2.079426884320833, -1.5934369473606793, 206619000000, 
-1.2185823902631854, -2.0845148825141577, -1.5875383831379517, 206653000000, 
-1.2186535210116571, -2.0896035770840675, -1.5817114157773744, 206687000000, 
-1.2186949563367266, -2.094692563066722, -1.5758625747714887, 206721000000, 
-1.2187065323188002, -2.099781676733813, -1.5700157365018366, 206755000000, 
-1.218688582335439, -2.104870936307966, -1.5642531301047082, 206789000000, 
-1.2186413723215805, -2.10996007785948, -1.5585149278979138, 206823000000, 
-1.218565178058854, -2.115048891806165, -1.5527955161709, 206857000000, 
-1.2184596545087503, -2.1201371645792637, -1.5470688208587855, 206891000000, 
-1.2183252483702438, -2.1252247398678024, -1.5413677168127071, 206925000000, 
-1.218161835880489, -2.13031160151335, -1.5357337653452678, 206959000000, 
-1.2179698171849032, -2.1353974738004196, -1.5300796316913252, 206993000000, 
-1.2177490743839776, -2.140482142451996, -1.5244270167413767, 207027000000, 
-1.2174997431343852, -2.1455656357580515, -1.5188533504714334, 207061000000, 
-1.2172220500406081, -2.150647650886986, -1.513269765511431, 207095000000, 
-1.21691591106458, -2.1557280208521656, -1.5076777527926915, 207129000000, 
-1.216581515123306, -2.16080675291712, -1.5021598421381392, 207163000000, 
-1.2162191934636497, -2.1658836517351334, -1.4966704132393482, 207197000000, 
-1.2158291233137737, -2.170958496448802, -1.4911982187252413, 207231000000, 
-1.2154112335928697, -2.176031112248969, -1.4857161504397927, 207265000000, 
-1.214965524804028, -2.181101411388046, -1.4802584567109471, 207299000000, 
-1.2144923014594133, -2.1861693382658234, -1.474864049507726, 207333000000, 
-1.2139917275257437, -2.1912346153365463, -1.4694502132714857, 207367000000, 
-1.2134638247815448, -2.1962971022355227, -1.4640370607696749, 207401000000, 
-1.2129085040804934, -2.2013567811338826, -1.4586971656353531, 207435000000, 
-1.212326429525561, -2.206413400880383, -1.4533479674961567, 207469000000, 
-1.2117171090877097, -2.2114668108224187, -1.4479908540870752, 207503000000, 
-1.2110808940704034, -2.2165170262206035, -1.4427018981858593, 207537000000, 
-1.210418095434302, -2.2215638134738223, -1.4374099009119954, 207571000000, 
-1.2097285803219269, -2.226607004588926, -1.4321104971459366, 207605000000, 
-1.2090124147697454, -2.231646606209097, -1.4268746301918143, 207639000000, 
-1.2082699299308588, -2.2366824581770173, -1.4216651161467677, 207673000000, 
-1.20750125370511, -2.2417144182363558, -1.4164725989187246, 207707000000, 
-1.2067064258636857, -2.2467422897616194, -1.4112701718553649, 207741000000, 
-1.205885532500595, -2.251766007634388, -1.406088968033487, 207775000000, 
-1.2050387725235674, -2.2567855465358635, -1.400965526463304, 207809000000, 
-1.2041662153198518, -2.2618006492710747, -1.395824935850474, 207843000000, 
-1.2032678410027915, -2.266811201117332, -1.3906843958683655, 207877000000, 
-1.2023438751121192, -2.271817192637253, -1.3856097601299922, 207911000000, 
-1.201394512111779, -2.276818485978707, -1.3805546381705718, 207945000000, 
-1.200420037930281, -2.281814908555814, -1.3755130681909649, 207979000000, 
-1.1994202953844983, -2.286806365966335, -1.3704661296559613, 208013000000, 
-1.1983953860861727, -2.291792761940089, -1.3654398300817574, 208047000000, 
-1.1973455365801173, -2.2967740695027064, -1.3604655752601171, 208081000000, 
-1.1962709411390777, -2.301750035970993, -1.355475240953066, 208115000000, 
-1.1951715698681473, -2.306720608174095, -1.3504863568904242, 208149000000, 
-1.194047518951037, -2.3116857755689866, -1.345559267596936, 208183000000, 
-1.192899032385439, -2.3166453929520885, -1.3406498199302508, 208217000000, 
-1.1917262413512795, -2.3215993506492643, -1.3357539728262253, 208251000000, 
-1.1905292012496096, -2.326547500312687, -1.3308528964740556, 208285000000, 
-1.1893080328768775, -2.3314897313024874, -1.3259709551512653, 208319000000, 
-1.1880627254990392, -2.3364260430549537, -1.321137848168115, 208353000000, 
-1.1867937006510005, -2.341356274838267, -1.3162899741135559, 208387000000, 
-1.1855006646626545, -2.346280281131848, -1.311443104592588, 208421000000, 
-1.1841838731326868, -2.3511980937632946, -1.3066543954579521, 208455000000, 
-1.1828436465307803, -2.3561095811385404, -1.301882474260932, 208489000000, 
-1.1814800423944285, -2.3610146824399534, -1.29712350163847, 208523000000, 
-1.1800930345171625, -2.3659132223352084, -1.2923596598386051, 208557000000, 
-1.17868270621691, -2.3708051413935523, -1.2876136704138867, 208591000000, 
-1.1772492598434738, -2.375690439341784, -1.2829142518318246, 208625000000, 
-1.175792851071457, -2.380568913628994, -1.2782007162676696, 208659000000, 
-1.1743135003919822, -2.385440451745151, -1.2734882994457002, 208693000000, 
-1.1728113359762051, -2.390305128800477, -1.2688312708310308, 208727000000, 
-1.1712864599076676, -2.3951627115298026, -1.2641668860071162, 208761000000, 
-1.1697389929932513, -2.4000131188416294, -1.2594969097127253, 208795000000, 
-1.1681688963456844, -2.4048563319803193, -1.254878611512571, 208829000000, 
-1.166576601976653, -2.409692338424488, -1.250280354076632, 208863000000, 
-1.1649620904316893, -2.414520998472754, -1.2456944078732544, 208897000000, 
-1.163325416190117, -2.419342186141293, -1.2411013950964387, 208931000000, 
-1.1616666177995087, -2.424155846003297, -1.2365254079678956, 208965000000, 
-1.1599858833983985, -2.428961984548779, -1.231993854511352, 208999000000, 
-1.1582833959483605, -2.433760410038039, -1.2274485467642833, 209033000000, 
-1.1565591464415748, -2.4385510782709083, -1.2229037671731142, 209067000000, 
-1.154813197590191, -2.4433339822642592, -1.2184108276059624, 209101000000, 
-1.1530457618054508, -2.44810896426706, -1.213911094682384, 209135000000, 
-1.151256834497135, -2.452875921002635, -1.2094058320223822, 209169000000, 
-1.1494464976211876, -2.457634864137326, -1.2049485312405182, 209203000000, 
-1.1476150746983511, -2.4623857822129467, -1.2005101628888177, 209237000000, 
-1.1457625440484032, -2.467128542973626, -1.1960832698280077, 209271000000, 
-1.1438890228610896, -2.47186304799794, -1.1916496901813307, 209305000000, 
-1.141994525521056, -2.4765892393855906, -1.1872320569598602, 209339000000, 
-1.1400792265202464, -2.4813071211284035, -1.1828559830493988, 209373000000, 
-1.13814335763608, -2.4860165623482247, -1.1784671821046684, 209407000000, 
-1.136186838507751, -2.490717476247154, -1.174078998429193, 209441000000, 
-1.1342097269098839, -2.4954098679999053, -1.1697392048182396, 209475000000, 
-1.1322123368111745, -2.5000936693812443, -1.1654130386546668, 209509000000, 
-1.1301946263973062, -2.504768783724629, -1.1610972523474412, 209543000000, 
-1.128156900156941, -2.509435150323219, -1.1567771323388258, 209577000000, 
-1.1260990003536888, -2.5140927102175055, -1.1524723104471766, 209611000000, 
-1.1240211040162604, -2.5187414698100987, -1.1482058476531023, 209645000000, 
-1.121923383302333, -2.5233813048355582, -1.1439273830056143, 209679000000, 
-1.1198057964808714, -2.5280121148822765, -1.1396498553310719, 209713000000, 
-1.1176684943325024, -2.5326339336386026, -1.135417673428822, 209747000000, 
-1.1155117173003681, -2.5372467031151316, -1.1311795640109943, 209781000000, 
-1.1133353320145916, -2.5418502389372732, -1.1269370832669123, 209815000000, 
-1.1111395453073165, -2.5464446081848746, -1.1227370682281759, 209849000000, 
-1.1089244206000497, -2.5510297498075927, -1.1185534783168942, 209883000000, 
-1.1066902130932803, -2.5556056007735966, -1.1143797919062106, 209917000000, 
-1.104436957210744, -2.560172111176012, -1.1102005676299482, 209951000000, 
-1.1021645847682968, -2.564729177616598, -1.1060357290030876, 209985000000, 
-1.0998733038796118, -2.5692768510259856, -1.1019076342926326, 210019000000, 
-1.097563271106251, -2.573815054225774, -1.097786161625601, 210053000000, 
-1.0952345590369266, -2.5783437314010236, -1.0936793566470153, 210087000000, 
-1.0928873236694945, -2.582862823382959, -1.0895708589997393, 210121000000, 
-1.090521546804184, -2.5873722522465123, -1.085472814147736, 210155000000, 
-1.0881373700839712, -2.591872035183441, -1.0814087804690546, 210189000000, 
-1.085734868918516, -2.596362058632672, -1.0773363194607106, 210223000000, 
-1.0833140835235495, -2.600842186794753, -1.073246768333433, 210257000000, 
-1.0808750654222399, -2.6053124477330556, -1.0691663444572572, 210291000000, 
-1.0784178160059328, -2.609772733828087, -1.0650931246022093, 210325000000, 
-1.0759423840614166, -2.6142229502602823, -1.0610130470747567, 210359000000, 
-1.0734488010405165, -2.6186630256339485, -1.056930660540881, 210393000000, 
-1.0709371057152106, -2.6230928980245265, -1.0528525144286747, 210427000000, 
-1.0684074358516515, -2.6275125058147957, -1.0487745624160048, 210461000000, 
-1.06585965396007, -2.6319217055888564, -1.04469426104192, 210495000000, 
-1.063294041712125, -2.6363205052893317, -1.0406141674677372, 210529000000, 
-1.0607104123623279, -2.6407087765439887, -1.0365353673048612, 210563000000, 
-1.0581089037885405, -2.645086470392475, -1.0324559992650648, 210597000000, 
-1.0554896038011057, -2.649453532866281, -1.0283761822195363, 210631000000, 
-1.0528525322202806, -2.653809896938043, -1.0242968339255636, 210665000000, 
-1.0501976648237892, -2.6581554478897726, -1.0202177203481775, 210699000000, 
-1.0475250889834338, -2.6624901385020396, -1.0161383414953336, 210733000000, 
-1.0448348459059835, -2.666813896239292, -1.0120589099187691, 210767000000, 
-1.0421270147581505, -2.6711266453773153, -1.0079796441037066, 210801000000, 
-1.0394015876935796, -2.675428295014657, -1.0039005701718016, 210835000000, 
-1.0366587068768403, -2.679718788683164, -0.9998211225006737, 210869000000, 
-1.0338982894410884, -2.6839980488531054, -0.9957415846597558, 210903000000, 
-1.031120429484181, -2.6882660177871798, -0.9916623977389506, 210937000000, 
-1.0283251817103203, -2.6925226124314996, -0.9875831321699995, 210971000000, 
-1.025512642092689, -2.6967678113015134, -0.9835036842110034, 211005000000, 
-1.0226827846452182, -2.7010014915005, -0.9794243792958939, 211039000000, 
-1.0198356535497937, -2.7052235854558733, -0.9753451418297299, 211073000000, 
-1.0169712728396034, -2.709433997785922, -0.9712658193022125, 211107000000, 
-1.014089873042988, -2.7136327491850176, -0.9671865073197458, 211141000000, 
-1.0111912468043207, -2.717819645986856, -0.9631069248253793, 211175000000, 
-1.0082756900527947, -2.721994723293092, -0.9590275655308925, 211209000000, 
-1.005343059272017, -2.726157851833975, -0.9549480925692536, 211243000000, 
-1.0023934647024246, -2.730308987751476, -0.9508687352926296, 211277000000, 
-0.9994269466715454, -2.7344480502217263, -0.9467893625279733, 211311000000, 
-0.9964436120206978, -2.7385750017092176, -0.9427099089646925, 211345000000, 
-0.9934434900625146, -2.7426897722440144, -0.9386305588073849, 211379000000, 
-0.9904265631291147, -2.7467922470484654, -0.9345513095740758, 211413000000, 
-0.9873928808916062, -2.750882357677151, -0.9304720892377321, 211447000000, 
-0.9843426575811459, -2.754960094658578, -0.926392856373297, 211481000000, 
-0.981275730387282, -2.7590253003181613, -0.9223131402665299, 211515000000, 
-0.9781923431027091, -2.7630780132641566, -0.9182337893446569, 211549000000, 
-0.9750923864100346, -2.767118085680827, -0.9141544913221484, 211583000000, 
-0.9719759651652418, -2.771145482734272, -0.91007517513338, 211617000000, 
-0.9688431273342414, -2.7751601337345098, -0.9059957281780664, 211651000000, 
-0.965693933860513, -2.7791619663543154, -0.9019162461878106, 211685000000, 
-0.9625284881399049, -2.783150962983301, -0.8978368437409261, 211719000000, 
-0.9593467740588186, -2.7871270017709446, -0.8937575118517377, 211753000000, 
-0.956148797110822, -2.7910899663565774, -0.8896782833903737, 211787000000, 
-0.952934807211986, -2.795039915738798, -0.8855989772812155, 211821000000, 
-0.9497046557766198, -2.7989766672020884, -0.8815191806399431, 211855000000, 
-0.9464585322862782, -2.8029002546336477, -0.8774397576143479, 211889000000, 
-0.9431963879146089, -2.8068105419176983, -0.8733606337382417, 211923000000, 
-0.9399183168063237, -2.810707495351366, -0.8692813032751716, 211957000000, 
-0.9366243708639108, -2.8145910489082318, -0.8652018624122847, 211991000000, 
-0.9333145947284327, -2.8184611269952415, -0.8611225106428059, 212025000000, 
-0.9299890980626171, -2.8223177020879606, -0.8570431622868704, 212059000000, 
-0.9266479231028645, -2.8261606935830312, -0.8529640458909079, 212093000000, 
-0.9232910140629509, -2.829989962961323, -0.8488846456222204, 212127000000, 
-0.9199186262174573, -2.833805563907603, -0.8448051941472475, 212161000000, 
-0.9165306089559017, -2.8376073031426405, -0.8407257761354267, 212195000000, 
-0.9131271836949648, -2.841395250542816, -0.8366462162574916, 212229000000, 
-0.9097083122954143, -2.8451692686431875, -0.8325668761314995, 212263000000, 
-0.9062740468587842, -2.8489292956923506, -0.8284875541973674, 212297000000, 
-0.9028244610222712, -2.852675283025912, -0.8244080887025462, 212331000000, 
-0.8993596084890645, -2.8564071651387795, -0.8203285783882567, 212365000000, 
-0.8958795543381344, -2.860124878866785, -0.8162490871859883, 212399000000, 
-0.892384428413259, -2.863828390526818, -0.8121700327694484, 212433000000, 
-0.888874189100261, -2.8675175856194595, -0.8080902192443588, 212467000000, 
-0.8853489357308545, -2.8711924127609287, -0.8040108781644573, 212501000000, 
-0.8818086937414874, -2.8748528215594296, -0.7999313913512994, 212535000000, 
-0.878253584369383, -2.8784987906221122, -0.7958520276325548, 212569000000, 
-0.8746836537897874, -2.8821302505240904, -0.7917726995463452, 212603000000, 
-0.8710988988507485, -2.8857470881967155, -0.7876933943618983, 212637000000, 
-0.8674994152760016, -2.88934927860087, -0.783614103050631, 212671000000, 
-0.8638852612050113, -2.8929367609610392, -0.7795347857679233, 212705000000, 
-0.8602564863065736, -2.896509464493203, -0.7754553959738701, 212739000000, 
-0.8566132436747647, -2.9000673942550943, -0.7713761684003078, 212773000000, 
-0.8529554200957375, -2.903610333502934, -0.7672968731970784, 212807000000, 
-0.8492832971718272, -2.9071384000652247, -0.7632174983548309, 212841000000, 
-0.8455967364691206, -2.9106514031399673, -0.7591378109369319, 212875000000, 
-0.8418958715696336, -2.9141493400865364, -0.7550584352469764, 212909000000, 
-0.8381808117743302, -2.9176321955438556, -0.7509790975010456, 212943000000, 
-0.8344515537094899, -2.921099848568947, -0.7468996234424892, 212977000000, 
-0.8307081546378564, -2.92455224266822, -0.7428201703938717, 213011000000, 
-0.8269506927925347, -2.9279893368337087, -0.7387407726101021, 213045000000, 
-0.8231792712454776, -2.9314110907722317, -0.7346614053795952, 213079000000, 
-0.8193938913876841, -2.9348173832891047, -0.7305819485198092, 213113000000, 
-0.8155946934284554, -2.9382082440853496, -0.7265023123858799, 213147000000, 
-0.811781665390265, -2.9415835345163606, -0.722422980583122, 213181000000, 
-0.8079548957932483, -2.944943254824212, -0.7183435076917551, 213215000000, 
-0.8041144347269981, -2.9482873287503835, -0.7142641366106266, 213249000000, 
-0.8002603954486202, -2.951615746217196, -0.7101847304854423, 213283000000, 
-0.7963928316363196, -2.954928438609823, -0.7061053545649555, 213317000000, 
-0.7925117481343367, -2.9582252949735977, -0.7020260737313884, 213351000000, 
-0.7886172427073697, -2.961506298235945, -0.697946771428455, 213385000000, 
-0.7847093703259237, -2.964771380231744, -0.6938674562006031, 213419000000, 
-0.7807882667886341, -2.968020537633014, -0.6897880977394738, 213453000000, 
-0.7768538843899384, -2.971253597400537, -0.6857086659963636, 213487000000, 
-0.7729064302007653, -2.9744706523611124, -0.6816293384423155, 213521000000, 
-0.7689457956658363, -2.9776714862880187, -0.6775498822966464, 213555000000, 
-0.7649722468637095, -2.9808562361934126, -0.673470369498096, 213589000000, 
-0.7609856736949802, -2.984024687070316, -0.6693909525079225, 213623000000, 
-0.7569861994280359, -2.9871768478425973, -0.6653116835130987, 213657000000, 
-0.7529738900543246, -2.9903126644065927, -0.6612322644682752, 213691000000, 
-0.7489488015749204, -2.993432073904208, -0.6571527108845485, 213725000000, 
-0.7449110468582777, -2.9965350727840434, -0.6530732161333702, 213759000000, 
-0.7408606861529378, -2.999621594666277, -0.6489938294944088, 213793000000, 
-0.736797730313185, -3.0026915302082844, -0.6449144562678215, 213827000000, 
-0.7327222782755294, -3.005744868192893, -0.6408350454920831, 213861000000, 
-0.728634396906156, -3.008781557180496, -0.6367556277333968, 213895000000, 
-0.7245341959840851, -3.0118015733371206, -0.6326763684334619, 213929000000, 
-0.7204216543041304, -3.014804750362416, -0.6285969151043644, 213963000000, 
-0.7162970096359227, -3.0177912188448617, -0.6245175435315262, 213997000000, 
-0.7121601477101559, -3.02076077527379, -0.6204378825691172, 214031000000, 
-0.7080112568419735, -3.0237134890693076, -0.6163584370291683, 214065000000, 
-0.7038503188141865, -3.0266492188719716, -0.6122791888296842, 214099000000, 
-0.6996774331152898, -3.0295679552366366, -0.6081998130439694, 214133000000, 
-0.695492667379776, -3.032469646448038, -0.6041203353328118, 214167000000, 
-0.6912960798172593, -3.0353542329498517, -0.6000408875731662, 214201000000, 
-0.6870877829705968, -3.0382217158596543, -0.5959614577948508, 214235000000, 
-0.6828678418665536, -3.041072028226167, -0.5918820781324171, 214269000000, 
-0.6786362717214003, -3.043905060825254, -0.5878027608254077, 214303000000, 
-0.6743931526679596, -3.0467207638799314, -0.5837235117769577, 214337000000, 
-0.6701386668846633, -3.049519197454758, -0.5796441525480912, 214371000000, 
-0.665872763651034, -3.0523002105972497, -0.5755645605356693, 214405000000, 
-0.6615955661991039, -3.055063808806631, -0.5714851622191633, 214439000000, 
-0.6573071108855916, -3.0578099178600286, -0.5674058925091219, 214473000000, 
-0.6530074813353386, -3.0605385094094406, -0.5633265308535507, 214507000000, 
-0.6486967460650283, -3.063249535199081, -0.5592470472002026, 214541000000, 
-0.6443749747163638, -3.065942958052799, -0.5551675599098441, 214575000000, 
-0.6400423156570133, -3.0686187919556094, -0.551088353577091, 214609000000, 
-0.6356987072078865, -3.0712768289098813, -0.547008895008345, 214643000000, 
-0.6313443827575403, -3.073917207633472, -0.5429294060096006, 214677000000, 
-0.6269792523130385, -3.076539717770931, -0.5388497762152514, 214711000000, 
-0.6226034909604605, -3.0791444636249627, -0.5347702404573093, 214745000000, 
-0.618217159213857, -3.0817313620033313, -0.5306908427656344, 214779000000, 
-0.6138202778836116, -3.084300305609527, -0.5266114241971434, 214813000000, 
-0.6094129462529333, -3.0868512929074328, -0.5225319635442008, 214847000000, 
-0.6049952365234197, -3.0893842789910897, -0.5184525296527281, 214881000000, 
-0.6005672108711958, -3.0918992114931503, -0.5143730785515483, 214915000000, 
-0.5961289808693209, -3.094396101747543, -0.5102936174884153, 214949000000, 
-0.5916806290651977, -3.096874878766389, -0.5062145005113204, 214983000000, 
-0.5872221567088928, -3.0993354212612307, -0.5021351211008829, 215017000000, 
-0.5827537466050356, -3.1017777792796988, -0.49805582018907524, 215051000000, 
-0.5782754030715037, -3.1042019108289614, -0.49397627853606596, 215085000000, 
-0.5737871989530158, -3.106607696660805, -0.4898970999632337, 215119000000, 
-0.5692892105817112, -3.1089951638546602, -0.48581770022261483, 215153000000, 
-0.564781500983875, -3.1113642514324695, -0.48173832915605, 215187000000, 
-0.5602641817361387, -3.1137149756966087, -0.4776589159183886, 215221000000, 
-0.5557373299942381, -3.1160472758375533, -0.4735795044525738, 215255000000, 
-0.5512009712135238, -3.118361048572122, -0.4695001339564426, 215289000000, 
-0.546655204883826, -3.1206562993106455, -0.46542071352999653, 215323000000, 
-0.5421001058503682, -3.1229329878041505, -0.4613412054425443, 215357000000, 
-0.5375357380460525, -3.125191066081319, -0.4572616250794642, 215391000000, 
-0.5329622118444731, -3.1274305515427443, -0.45318202867669266, 215425000000, 
-0.5283796163386326, -3.1296513752168518, -0.449102741363557, 215459000000, 
-0.5237879570095771, -3.1318534171118197, -0.4450231622030926, 215493000000, 
-0.5191874164132846, -3.134036734602096, -0.4409436778301061, 215527000000, 
-0.5145780028974682, -3.1362012787327584, -0.4368641367418728, 215561000000, 
-0.5099597831940746, -3.138346962653481, -0.432784593087375, 215595000000, 
-0.5053328422792797, -3.1404737899590383, -0.42870523596686105, 215629000000, 
-0.5006972439257923, -3.1425817138735885, -0.4246258926800001, 215663000000, 
-0.4960530981007543, -3.1446707567550254, -0.42054646018221137, 215697000000, 
-0.49140048771608086, -3.1467408607728804, -0.41646715127785866, 215731000000, 
-0.48673944312012096, -3.148791925454923, -0.41238797032751184, 215765000000, 
-0.48207006380216333, -3.1508239617008678, -0.40830872559220793, 215799000000, 
-0.47739242699605716, -3.152836933400401, -0.4042294006863173, 215833000000, 
-0.4727066163437326, -3.1548308359436215, -0.40015008413226694, 215867000000, 
-0.46801273868919036, -3.1568055582143186, -0.39607094796678066, 215901000000, 
-0.46331086445120045, -3.1587611760600574, -0.39199145050905515, 215935000000, 
-0.45860100424249567, -3.160697499196095, -0.38791182910703326, 215969000000, 
-0.4538833668375553, -3.1626147199718084, -0.38383237085685756, 216003000000, 
-0.44915790336208505, -3.1645126056115522, -0.3797528929339364, 216037000000, 
-0.4444247301773373, -3.1663911976256545, -0.3756734272577299, 216071000000, 
-0.43968392580648297, -3.1682504613873888, -0.37159388191685544, 216105000000, 
-0.4349355565006069, -3.170090355091487, -0.3675142507570949, 216139000000, 
-0.43017972982802144, -3.171910906231065, -0.36343463743333926, 216173000000, 
-0.4254165350325504, -3.173712059658761, -0.3593551409067351, 216207000000, 
-0.4206460066123309, -3.1754937177194638, -0.35527571336394975, 216241000000, 
-0.41586824300725417, -3.1772558977899448, -0.3511962740784981, 216275000000, 
-0.4110833234828565, -3.1789985698898677, -0.34711684121307895, 216309000000, 
-0.4062913293556202, -3.180721737747043, -0.34303746068045804, 216343000000, 
-0.40149238018419037, -3.182425294212833, -0.3389583162421509, 216377000000, 
-0.39668653306729706, -3.1841093260971265, -0.3348788944291869, 216411000000, 
-0.3918738152194883, -3.1857736423058864, -0.3307994168057093, 216445000000, 
-0.3870544243670129, -3.1874184474517038, -0.3267201456040874, 216479000000, 
-0.38222832381291544, -3.189043507810492, -0.3226408880407376, 216513000000, 
-0.37739562761213385, -3.1906488718061428, -0.31856166114498213, 216547000000, 
-0.37255641627353203, -3.19223450963547, -0.31448234288789717, 216581000000, 
-0.36771075727371727, -3.1938003842494904, -0.31040290138241133, 216615000000, 
-0.36285875564890147, -3.195346528694734, -0.30632342565700194, 216649000000, 
-0.3580005072666195, -3.196872889775957, -0.3022440037072586, 216683000000, 
-0.3531360504334848, -3.198379370661121, -0.29816458071262725, 216717000000, 
-0.3482654777167821, -3.1998659395442273, -0.2940851720925655, 216751000000, 
-0.34338892996768805, -3.2013327299533443, -0.2900057695770849, 216785000000, 
-0.3385064192559909, -3.202779545019334, -0.2859259322075344, 216819000000, 
-0.3336180845878983, -3.204206417048019, -0.281846500009133, 216853000000, 
-0.3287239332293329, -3.205613301544274, -0.27776687026574753, 216887000000, 
-0.3238240882577888, -3.2070002596785114, -0.2736872713842836, 216921000000, 
-0.31891864633830325, -3.208367236713714, -0.26960786052053115, 216955000000, 
-0.3140076477233273, -3.2097141416489396, -0.26552850740493594, 216989000000, 
-0.3090911891464021, -3.21104100172752, -0.2614491117518767, 217023000000, 
-0.3041693523814966, -3.212347795129794, -0.2573697320197947, 217057000000, 
-0.2992422056345445, -3.213634493417847, -0.25329035360740965, 217091000000, 
-0.294309850569945, -3.2149011386899145, -0.24921096624398814, 217125000000, 
-0.28937239045959223, -3.216147683703571, -0.24513166713093393, 217159000000, 
-0.28442986664470654, -3.2173740370876276, -0.24105243692534953, 217193000000, 
-0.27948238615235915, -3.218580215649739, -0.23697327871851562, 217227000000, 
-0.27453002588962805, -3.2197662496366815, -0.23289404448131468, 217261000000, 
-0.269572861710893, -3.220931991465439, -0.22881444020715808, 217295000000, 
-0.2646110623956897, -3.2220775856509327, -0.22473514216988458, 217329000000, 
-0.2596445793205693, -3.2232029052772497, -0.22065556540817688, 217363000000, 
-0.25467358627649644, -3.2243079453086088, -0.21657620096295607, 217397000000, 
-0.24969810811229579, -3.2253926753919973, -0.21249662720777002, 217431000000, 
-0.24471823736234113, -3.22645708479276, -0.20841717570016605, 217465000000, 
-0.23973406384862483, -3.227501220687775, -0.20433776528311529, 217499000000, 
-0.2347456589759273, -3.2285249823653177, -0.20025806278076322, 217533000000, 
-0.22975309884292916, -3.2295282870508966, -0.19617853554394052, 217567000000, 
-0.22475655324071106, -3.2305113343509637, -0.192099217183778, 217601000000, 
-0.21975598302591448, -3.2314739610359866, -0.18801973247286582, 217635000000, 
-0.2147515172907413, -3.2324161449585804, -0.18394010635012764, 217669000000, 
-0.20974327705507687, -3.2333378671284247, -0.17986077253319568, 217703000000, 
-0.20473130991119515, -3.2342392586837274, -0.1757814901392712, 217737000000, 
-0.19971568390470068, -3.2351201720407485, -0.17170204591994784, 217771000000, 
-0.1946964917841811, -3.2359805712230942, -0.16762255008474414, 217805000000, 
-0.1896738764838416, -3.2368205502742913, -0.1635433974770885, 217839000000, 
-0.18464784594494899, -3.237640010400871, -0.1594639887704117, 217873000000, 
-0.1796184752831722, -3.2384389785110215, -0.15538459061091298, 217907000000, 
-0.17458595886802938, -3.2392174927790314, -0.15130555992546682, 217941000000, 
-0.16955027363843259, -3.239975423266829, -0.14722603617489713, 217975000000, 
-0.16451160630526188, -3.2407127777825875, -0.14314665300436502, 218009000000, 
-0.15946992488376066, -3.241429649098286, -0.13906711456431517, 218043000000, 
-0.15442540021078177, -3.24212583491315, -0.1349877848765746, 218077000000, 
-0.1493780461962435, -3.242801509681029, -0.13090813846516774, 218111000000, 
-0.14432800566919002, -3.24345660208784, -0.12682871389742084, 218145000000, 
-0.13927532194842623, -3.2440910272123165, -0.12274938459868914, 218179000000, 
-0.13422009965827456, -3.24470480666901, -0.11866988764656561, 218213000000, 
-0.12916238085756057, -3.2452980033263565, -0.11459041374841769, 218247000000, 
-0.12410228135481818, -3.245870541370033, -0.1105107971395565, 218281000000, 
-0.11903987773297131, -3.2464223353764035, -0.10643135400029302, 218315000000, 
-0.11397532345505594, -3.246953597948074, -0.10235204533816736, 218349000000, 
-0.10890858668184984, -3.2474641710214063, -0.09827258994363461, 218383000000, 
-0.10383980225419241, -3.2479540396086772, -0.09419302467551374, 218417000000, 
-0.0987691029712502, -3.2484232296176434, -0.09011380407679795, 218451000000, 
-0.09369648933471161, -3.2488717270565886, -0.08603432912445017, 218485000000, 
-0.08862207131811409, -3.2492995893645995, -0.08195491213768759, 218519000000, 
-0.08354597680282128, -3.2497067813773253, -0.07787559509104254, 218553000000, 
-0.07846827433761461, -3.2500931566645384, -0.07379651177402764, 218587000000, 
-0.0733890543319706, -3.250458955168974, -0.0697171846559085, 218621000000, 
-0.06830837580314106, -3.2508039953399166, -0.065637550702733, 218655000000, 
-0.06322637802356236, -3.2511282584184613, -0.061558308377188724, 218689000000, 
-0.05814305741816605, -3.2514318260996014, -0.057478770195227485, 218723000000, 
-0.053058569130446584, -3.2517146611186942, -0.05339928210138791, 218757000000, 
-0.04797296117816347, -3.251976719531304, -0.049319962331006925, 218791000000, 
-0.04288629002887116, -3.252217983005479, -0.04524043850672513, 218825000000, 
-0.03779874099317874, -3.252438555876094, -0.04116111977057929, 218859000000, 
-0.03271027533815127, -3.252638365512661, -0.03708161989781776, 218893000000, 
-0.02762103397584773, -3.25281739194187, -0.03300202139568202, 218927000000, 
-0.022531101631286715, -3.2529755560357962, -0.02892259267642652, 218961000000, 
-0.017440610766062847, -3.2531130787486933, -0.024843262586025965, 218995000000, 
-0.012349550960392901, -3.2532298056359377, -0.020763785079341096, 219029000000, 
-0.007258051797156655, -3.253325727437592, -0.016684210835792676, 219063000000, 
-0.0021662225787009944, -3.253400840958957, -0.01260489365720348, 219097000000, 
0.0029258683769858578, -3.253455295002815, -0.008525598449380547, 219131000000, 
0.008018176932064492, -3.253488906362873, -0.004446075673845628, 219165000000, 
0.013110557344846467, -3.2535018210537516, -0.00036669831295257113, 219199000000, 
0.018202954978401478, -3.253493919828861, 0.003712566964270432, 219233000000, 
0.0232952844976439, -3.253465198137058, 0.007791787140762841, 219267000000, 
0.02838742206753868, -3.2534158366187813, 0.011871023252235751, 219301000000, 
0.03347932503865407, -3.253345642840191, 0.015950688563460422, 219335000000, 
0.03857085215788881, -3.253254653751238, 0.020029913132918534, 219369000000, 
0.04366198436841622, -3.2531429777119234, 0.024109385731062638, 219403000000, 
0.048752610626213784, -3.253010472756024, 0.028188902791276865, 219437000000, 
0.05384266090371819, -3.2528571921293064, 0.03226822969850956, 219471000000, 
0.058932054431260705, -3.252683133448805, 0.036347634958884746, 219505000000, 
0.06402071464101855, -3.2524883141687204, 0.040427227717514926, 219539000000, 
0.069108525438516, -3.2522727851406366, 0.0445067446978966, 219573000000, 
0.07419541730254046, -3.2520364716240646, 0.04858611444650434, 219607000000, 
0.07928130880864208, -3.2517793766589613, 0.052665529785012204, 219641000000, 
0.08436611565185363, -3.2515015276835526, 0.05674500439327735, 219675000000, 
0.08944976011271047, -3.25120292788142, 0.060824477030676484, 219709000000, 
0.09453215460492706, -3.2508836005003645, 0.06490396006782541, 219743000000, 
0.0996131996754104, -3.250543600699406, 0.06898339668525676, 219777000000, 
0.10469279301832021, -3.2501828096909744, 0.07306243560805581, 219811000000, 
0.10977086302548383, -3.2498013824710372, 0.0771418112813782, 219845000000, 
0.11484733033965165, -3.2493991945417453, 0.08122144489287922, 219879000000, 
0.11992209027464562, -3.248976316248793, 0.08530060009532821, 219913000000, 
0.12499509124809373, -3.2485327234638635, 0.08938008893056525, 219947000000, 
0.13006624001273773, -3.2480685125972513, 0.09345954050888124, 219981000000, 
0.13513545660413384, -3.247583569332451, 0.0975387584774799, 220015000000, 
0.14020266218656588, -3.247077891777476, 0.10161815008706006, 220049000000, 
0.1452677629929322, -3.2465516660461393, 0.10569741496314215, 220083000000, 
0.15033067665055205, -3.2460047530896254, 0.10977689899514617, 220117000000, 
0.15539132648733878, -3.2454371504051838, 0.11385647040587672, 220151000000, 
0.16044961540797606, -3.2448488644523654, 0.11793581732866522, 220185000000, 
0.16550546978348882, -3.2442400519642565, 0.12201520685533458, 220219000000, 
0.1705587987425436, -3.243610578989, 0.1260947689384576, 220253000000, 
0.1756095243384815, -3.242960433371151, 0.13017438221430205, 220287000000, 
0.180657561192335, -3.242289717457906, 0.13425372809097955, 220321000000, 
0.18570281757869023, -3.2415984604189556, 0.13833314414424705, 220355000000, 
0.19074522312754794, -3.2408865664715574, 0.14241264697222544, 220389000000, 
0.19578467699196397, -3.2401541001114316, 0.14649212393338512, 220423000000, 
0.2008211048686009, -3.2394011821107527, 0.1505713763110899, 220457000000, 
0.20585439886669044, -3.238627586151569, 0.15465069604077525, 220491000000, 
0.21088449591067965, -3.2378336037575055, 0.1587300529713134, 220525000000, 
0.21591128495326736, -3.237019077053409, 0.16280954442348225, 220559000000, 
0.22093471701574835, -3.236183994203906, 0.16688871067588837, 220593000000, 
0.22595467179961223, -3.2353284401025277, 0.17096822090181718, 220627000000, 
0.2309711243060831, -3.2344524825376006, 0.17504763464239437, 220661000000, 
0.23598396295568996, -3.233556044898904, 0.17912681130803323, 220695000000, 
0.24099310777589836, -3.2326391386747035, 0.1832060969259938, 220729000000, 
0.2459984705036887, -3.2317018287985673, 0.18728563903752257, 220763000000, 
0.25099996213907466, -3.2307440097908917, 0.19136502885595513, 220797000000, 
0.25599753779121737, -3.229765924325613, 0.19544432561250036, 220831000000, 
0.2609910559212418, -3.2287674304818776, 0.199523822798471, 220865000000, 
0.2659804707968574, -3.2277485351177075, 0.20360346624377643, 220899000000, 
0.27096569435348716, -3.2267092549108285, 0.2076828708482866, 220933000000, 
0.2759466371221649, -3.225649764626745, 0.2117623176862331, 220967000000, 
0.2809232261249789, -3.22456988806382, 0.2158418009074353, 221001000000, 
0.2858953771318658, -3.2234697136539365, 0.2199212654935237, 221035000000, 
0.29086297261753175, -3.222349299644051, 0.22400070921000503, 221069000000, 
0.29582597683611556, -3.2212085881485986, 0.22807993737077756, 221103000000, 
0.30078423239435825, -3.2200477206780067, 0.23215943766642694, 221137000000, 
0.305737705436965, -3.2188665611311795, 0.23623896580405357, 221171000000, 
0.3106863427461825, -3.2176652805796038, 0.2403184176124585, 221205000000, 
0.3156300360053226, -3.2164437715715635, 0.24439760008146502, 221239000000, 
0.32056871399547654, -3.2152021010743588, 0.2484768202072477, 221273000000, 
0.32550229455073876, -3.2139402860594144, 0.252556188983661, 221307000000, 
0.3304306778057507, -3.2126583377145117, 0.25663557548873994, 221341000000, 
0.33535378745659805, -3.2113563428816003, 0.26071493900200626, 221375000000, 
0.3402715726613327, -3.210034295371307, 0.2647942765371907, 221409000000, 
0.34518391930122866, -3.2086921433675646, 0.2688736074762282, 221443000000, 
0.35009072180924006, -3.2073299196294123, 0.2729528982043503, 221477000000, 
0.35499194667619627, -3.2059477838013968, 0.27703218945052, 221511000000, 
0.35988744996779065, -3.204545636642521, 0.28111205775492737, 221545000000, 
0.3647772170994619, -3.203123541998302, 0.2851915532407357, 221579000000, 
0.3696611451112937, -3.201681487570603, 0.289270802295508, 221613000000, 
0.3745391581134201, -3.2002195194862857, 0.2933502725085487, 221647000000, 
0.37941117180000655, -3.198737657743128, 0.2974298760907638, 221681000000, 
0.38427706831603603, -3.1972359421073113, 0.30150937408999995, 221715000000, 
0.38913684113011404, -3.1957144700342353, 0.3055885602146057, 221749000000, 
0.39399035927430837, -3.1941730804239215, 0.30966794057311475, 221783000000, 
0.39883750673434326, -3.1926120053898717, 0.3137475277228043, 221817000000, 
0.4036782584642534, -3.1910310671354964, 0.3178268528517009, 221851000000, 
0.40851250279632256, -3.1894304706873338, 0.3219063440278386, 221885000000, 
0.41334021103574425, -3.1878101870393545, 0.3259856212959513, 221919000000, 
0.4181612621096101, -3.186170168191206, 0.33006485395756285, 221953000000, 
0.4229755905320911, -3.184510487072897, 0.3341441943007376, 221987000000, 
0.42778311664881397, -3.1828311679997325, 0.3382235590490672, 222021000000, 
0.43258374397374233, -3.181132230141171, 0.3423029446242475, 222055000000, 
0.43737739865574143, -3.179413766792379, 0.34638237910202285, 222089000000, 
0.4421640264394969, -3.1776757805190896, 0.35046153502432126, 222123000000, 
0.4469434873390337, -3.175918208155823, 0.35454099416645124, 222157000000, 
0.4517157528023832, -3.1741412236686206, 0.3586204175642273, 222191000000, 
0.45648068920790263, -3.1723447092664774, 0.3627000838098267, 222225000000, 
0.46123829851530507, -3.170528861771009, 0.3667795722007516, 222259000000, 
0.4659884566591995, -3.1686936026756314, 0.37085888739779743, 222293000000, 
0.47073108791549817, -3.1668389601520177, 0.3749382875888719, 222327000000, 
0.47546612105025715, -3.1649649852799113, 0.37901774382845854, 222361000000, 
0.4801934745313863, -3.1630717051988424, 0.3830971768728992, 222395000000, 
0.48491305969089354, -3.161159232416848, 0.38717651731314345, 222429000000, 
0.4896247988328647, -3.159227453688236, 0.39125574864873675, 222463000000, 
0.4943285963067097, -3.157276505997565, 0.3953354504756922, 222497000000, 
0.49902440265952597, -3.1553063766835794, 0.3994146566661041, 222531000000, 
0.5037121244861932, -3.1533170838816473, 0.4034941880101133, 222565000000, 
0.5083916981701444, -3.1513087280562795, 0.40757359579471486, 222599000000, 
0.5130630660797838, -3.1492813161934956, 0.4116529090800223, 222633000000, 
0.5177261115048937, -3.1472348085023043, 0.41573225561423255, 222667000000, 
0.5223807763517446, -3.145169283747944, 0.4198116429107118, 222701000000, 
0.5270269832797151, -3.143084774055227, 0.423891038426135, 222735000000, 
0.531664621147801, -3.1409812935946717, 0.42797048685847167, 222769000000, 
0.5362936809658683, -3.1388590196347383, 0.4320497249342113, 222803000000, 
0.5409139986785494, -3.1367177875318375, 0.4361293190589931, 222837000000, 
0.5455255615714284, -3.134557782260294, 0.44020862666997473, 222871000000, 
0.5501282574272207, -3.132378931985334, 0.4442882007698113, 222905000000, 
0.5547220144733324, -3.1301813358292048, 0.4483676995802617, 222939000000, 
0.5593068102854447, -3.127965076429984, 0.4524470599066725, 222973000000, 
0.5638825207625991, -3.125730116098188, 0.45652639791744815, 223007000000, 
0.5684490729033473, -3.1234764882991315, 0.4606057598017351, 223041000000, 
0.5730064003178255, -3.1212042498095633, 0.4646851047044583, 223075000000, 
0.5775544166105531, -3.1189134867285735, 0.468764365496814, 223109000000, 
0.5820930239102277, -3.1166041316591517, 0.4728437320496711, 223143000000, 
0.5866221777912678, -3.1142763710301713, 0.47692321542157384, 223177000000, 
0.5911417927829284, -3.111930098889996, 0.4810026431269241, 223211000000, 
0.595651806488926, -3.1095654026401536, 0.48508198921843737, 223245000000, 
0.6001521284332706, -3.107182307845352, 0.489161418928711, 223279000000, 
0.6046427051346986, -3.104780914101394, 0.49324094830990073, 223313000000, 
0.6091234710291895, -3.1023612364765554, 0.4973203829919904, 223347000000, 
0.6135943108653341, -3.0999232443089064, 0.5013997437879449, 223381000000, 
0.6180551736720961, -3.097467022333387, 0.5054791780536558, 223415000000, 
0.6225059822454027, -3.094992595397654, 0.5095586042575815, 223449000000, 
0.6269466480198913, -3.0925001074074507, 0.513637832196744, 223483000000, 
0.6313770917378054, -3.089989476086316, 0.5177175661690359, 223517000000, 
0.6357972535133388, -3.087460810535802, 0.521796957492247, 223551000000, 
0.640207040953904, -3.084914109316012, 0.525876487895284, 223585000000, 
0.6446064420251554, -3.082349506930422, 0.5299559212791787, 223619000000, 
0.64899532562288, -3.07976693464756, 0.5340351899531429, 223653000000, 
0.6533736439219942, -3.077166480097471, 0.5381144693080199, 223687000000, 
0.6577413236652742, -3.0745481846052622, 0.5421938331967366, 223721000000, 
0.6620982794996054, -3.071912081958123, 0.5462732268506393, 223755000000, 
0.6664444651953093, -3.069258275518501, 0.5503526078349863, 223789000000, 
0.6707798125636522, -3.0665867863527776, 0.5544319317317589, 223823000000, 
0.6751042061084911, -3.0638975879749313, 0.5585112299411404, 223857000000, 
0.6794175990830394, -3.0611907659059523, 0.5625905830070851, 223891000000, 
0.68371991864083, -3.058466361264994, 0.5666699999374036, 223925000000, 
0.6880110889342528, -3.0557244736382394, 0.570749293946792, 223959000000, 
0.6922909780102164, -3.0529650117847553, 0.5748287980393878, 223993000000, 
0.696559626255369, -3.0501882404562144, 0.578908244231247, 224027000000, 
0.7008168600085016, -3.0473939942472423, 0.5829879988278961, 224061000000, 
0.705062699070211, -3.044582460392037, 0.5870675375879827, 224095000000, 
0.7092970110725085, -3.0417535766975208, 0.5911468712723325, 224129000000, 
0.7135197529038821, -3.038907433735169, 0.595226322249028, 224163000000, 
0.7177308536655215, -3.036044077808598, 0.5993058593115248, 224197000000, 
0.7219302313614796, -3.0331635487030026, 0.6033853443969172, 224231000000, 
0.7261178463829366, -3.0302659547869206, 0.6074647880078503, 224265000000, 
0.7302936291369146, -3.0273513254225843, 0.6115441598918318, 224299000000, 
0.734457458312032, -3.024419642713549, 0.6156232708403243, 224333000000, 
0.7386092978875497, -3.021471031511095, 0.6197026162193776, 224367000000, 
0.7427490230749421, -3.0185054459984606, 0.6237820109094492, 224401000000, 
0.7468766666924723, -3.0155231312450033, 0.6278614116880888, 224435000000, 
0.750992070850275, -3.012523920545091, 0.6319406984256608, 224469000000, 
0.7550952064333193, -3.009507943847573, 0.6360201493014818, 224503000000, 
0.7591860298721808, -3.006475295320433, 0.6400995428218238, 224537000000, 
0.7632644704339905, -3.0034260049087784, 0.6441788816643157, 224571000000, 
0.7673304125285685, -3.0003600547983496, 0.6482582384408051, 224605000000, 
0.7713838181082706, -2.997277530229674, 0.6523377945087084, 224639000000, 
0.775424596976019, -2.994178462504191, 0.6564171475329613, 224673000000, 
0.7794527442284361, -2.9910630196562864, 0.660496547902929, 224707000000, 
0.7834681341336717, -2.9879311295744335, 0.6645761145416338, 224741000000, 
0.7874706963813327, -2.984782841885422, 0.6686555826972128, 224775000000, 
0.791460381534722, -2.9816182436569627, 0.6727351734668419, 224809000000, 
0.795437149913255, -2.978437432411563, 0.6768147226321316, 224843000000, 
0.7994009220505658, -2.975240448019417, 0.6808939475515854, 224877000000, 
0.8033515694165513, -2.9720272576911064, 0.6849734627260827, 224911000000, 
0.8072890914554959, -2.968798036140469, 0.6890528654921789, 224945000000, 
0.8112133967104906, -2.9655527998306854, 0.6931323149902849, 224979000000, 
0.8151244179747372, -2.962291546226531, 0.6972117840199983, 225013000000, 
0.8190221097059986, -2.959014361629884, 0.7012910919449601, 225047000000, 
0.8229063936909178, -2.9557212888152207, 0.7053704151451514, 225081000000, 
0.8267772412658341, -2.952412437531563, 0.7094498650829761, 225115000000, 
0.830634581711804, -2.9490878453299265, 0.7135292320549425, 225149000000, 
0.8344783008557205, -2.9457475022467876, 0.7176085018630671, 225183000000, 
0.8383083662101101, -2.9423915016339515, 0.7216878526840439, 225217000000, 
0.8421247123545922, -2.939019896553491, 0.7257672877931154, 225251000000, 
0.8459272853863659, -2.9356327932802735, 0.7298465627432509, 225285000000, 
0.8497159346389809, -2.932230129031286, 0.73392602650092, 225319000000, 
0.8534907464803988, -2.928812161297546, 0.7380055918299171, 225353000000, 
0.8572515424799874, -2.925378749252759, 0.7420851545130575, 225387000000, 
0.8609982997677071, -2.9219300098236545, 0.7461644732706546, 225421000000, 
0.864730954098824, -2.918466008903835, 0.7502439861691981, 225455000000, 
0.8684494906319371, -2.9149868551612714, 0.7543235890702819, 225489000000, 
0.8721537893038822, -2.911492539684928, 0.7584029852133032, 225523000000, 
0.8758437906760225, -2.9079831176801676, 0.7624823393589301, 225557000000, 
0.8795194240194768, -2.904458657749889, 0.7665617302908064, 225591000000, 
0.8831806678648734, -2.9009192908226797, 0.7706411382608844, 225625000000, 
0.8868274426746615, -2.8973650215305757, 0.7747207264480692, 225659000000, 
0.8904596671761715, -2.8937958791128575, 0.7788001228152635, 225693000000, 
0.8940773082151472, -2.8902119448723473, 0.7828794351762769, 225727000000, 
0.8976803028536353, -2.886613275381631, 0.7869588149894746, 225761000000, 
0.9012685794525275, -2.8829999202149947, 0.7910383041918183, 225795000000, 
0.9048421190919783, -2.8793719908018844, 0.7951177871847646, 225829000000, 
0.9084008514325904, -2.875729534003509, 0.7991971741837182, 225863000000, 
0.9119446631837849, -2.8720725482460447, 0.8032765343936311, 225897000000, 
0.9154735231823297, -2.868401128547622, 0.8073558275319129, 225931000000, 
0.9189873891219629, -2.8647153808876644, 0.8114351573067307, 225965000000, 
0.92248612771772, -2.861015273473551, 0.8155148273921335, 225999000000, 
0.9259698054529939, -2.857301025077784, 0.8195942132873686, 226033000000, 
0.9294382322682258, -2.853572507786278, 0.8236736905777851, 226067000000, 
0.9328914679835966, -2.8498299199599275, 0.8277532308320102, 226101000000, 
0.9363294293255096, -2.846073294834356, 0.8318326000943399, 226135000000, 
0.9397520041423635, -2.842302634738851, 0.8359119053117893, 226169000000, 
0.9431591715344877, -2.8385180374013577, 0.8399913031139918, 226203000000, 
0.9465508735156279, -2.834719564413786, 0.8440707363696096, 226237000000, 
0.9499270432448051, -2.8309072689178727, 0.8481501858417019, 226271000000, 
0.9532876688643447, -2.827081263406393, 0.8522296645093629, 226305000000, 
0.9566326816668714, -2.8232416005602357, 0.8563090866801026, 226339000000, 
0.9599619703136247, -2.8193882843233293, 0.8603884553509795, 226373000000, 
0.9632755161773684, -2.815521412201947, 0.8644678757199606, 226407000000, 
0.9665732603900079, -2.811641062906111, 0.8685472826778294, 226441000000, 
0.9698551170986945, -2.8077473002685887, 0.8726266592531441, 226475000000, 
0.9731210951285241, -2.803840233096748, 0.876706207159313, 226509000000, 
0.9763710417804609, -2.7999198089927235, 0.8807858842580668, 226543000000, 
0.9796050187923736, -2.795986202815933, 0.8848654650411616, 226577000000, 
0.9828229428923085, -2.7920394553676955, 0.8889448207058986, 226611000000, 
0.9860247032272286, -2.7880795739598225, 0.893024201825575, 226645000000, 
0.9892102848589339, -2.7841066567810575, 0.8971036616345293, 226679000000, 
0.9923796340341705, -2.7801207684961, 0.9011830818254886, 226713000000, 
0.9955326883575443, -2.7761219652830964, 0.9052625088633343, 226747000000, 
0.998669442676102, -2.772110360189721, 0.909341966947752, 226781000000, 
1.0017898203955908, -2.768086018553991, 0.9134210965862066, 226815000000, 
1.0048936962470163, -2.764048928494481, 0.9175004907594562, 226849000000, 
1.0079810993054594, -2.75999927157345, 0.9215798170744979, 226883000000, 
1.0110519734606882, -2.7559370588756793, 0.9256594001204509, 226917000000, 
1.0141062035716653, -2.7518623304223073, 0.9297386322989668, 226951000000, 
1.0171437986566985, -2.7477751711081497, 0.9338180947022751, 226985000000, 
1.020164686496539, -2.7436756351930245, 0.9378975393440705, 227019000000, 
1.0231688652138968, -2.739563835756459, 0.9419770354350018, 227053000000, 
1.0261562673900801, -2.735439834380976, 0.9460565314945364, 227087000000, 
1.0291267830127617, -2.7313036430656537, 0.9501359809836184, 227121000000, 
1.0320804015515919, -2.7271553609276693, 0.9542154669049047, 227155000000, 
1.0350170713479285, -2.7229950557718783, 0.9582950169950657, 227189000000, 
1.037936732754062, -2.718822785940732, 0.9623746112696249, 227223000000, 
1.0408393865476429, -2.7146386641391085, 0.9664541962212745, 227257000000, 
1.0437249670396218, -2.7104427547467105, 0.970533685119956, 227291000000, 
1.0465933076979783, -2.7062350528358334, 0.9746128930233681, 227325000000, 
1.0494445468445526, -2.7020157748217373, 0.9786923129677979, 227359000000, 
1.0522785153240228, -2.6977848756551146, 0.9827720121013138, 227393000000, 
1.0550951641029982, -2.693542443020149, 0.9868513987432314, 227427000000, 
1.0578944967317, -2.689288548519533, 0.9909307934685986, 227461000000, 
1.0606764462704446, -2.6850232507030576, 0.9950100930913419, 227495000000, 
1.063441017739645, -2.6807466626939895, 0.9990894930273234, 227529000000, 
1.066188145838612, -2.6764588516756818, 1.0031688428112333, 227563000000, 
1.0689177230792064, -2.672159834964097, 1.007248076152772, 227597000000, 
1.0716297448272114, -2.667849712393864, 1.0113273688580047, 227631000000, 
1.074324163244167, -2.663528554604232, 1.0154067751206584, 227665000000, 
1.077000955278718, -2.6591964487953237, 1.0194862016439066, 227699000000, 
1.079660006441461, -2.6548534702921422, 1.023565450013779, 227733000000, 
1.082301376451219, -2.650499712876221, 1.0276451820009929, 227767000000, 
1.0849248974014307, -2.646135189340248, 1.031724726043761, 227801000000, 
1.0875305973285312, -2.6417599907181297, 1.03580429451022, 227835000000, 
1.0901184278209757, -2.6373741846854126, 1.0398838463098075, 227869000000, 
1.092688391910041, -2.6329778981916343, 1.0439634491928753, 227903000000, 
1.0952403772971024, -2.6285711484186876, 1.0480429643933677, 227937000000, 
1.097774342575396, -2.6241540048175365, 1.0521224178331456, 227971000000, 
1.10029024356571, -2.619726548582401, 1.056201833237597, 228005000000, 
1.1027880980279414, -2.6152889213525228, 1.0602812412906713, 228039000000, 
1.1052677896894854, -2.6108410976949576, 1.0643609443749982, 228073000000, 
1.1077293581503975, -2.6063832497303223, 1.0684402743789314, 228107000000, 
1.1101726919212909, -2.601915361364916, 1.0725196683707283, 228141000000, 
1.11259778286072, -2.597437534834868, 1.0765989709402972, 228175000000, 
1.1150045815581304, -2.592949833321961, 1.0806783501099255, 228209000000, 
1.117393102470902, -2.5884523680800684, 1.084757779724876, 228243000000, 
1.1197632840873821, -2.583945215120769, 1.088837091164467, 228277000000, 
1.122115021877853, -2.5794283992906406, 1.0929163455067512, 228311000000, 
1.1244483187084517, -2.574902020347579, 1.0969956945894221, 228345000000, 
1.1267631374780334, -2.570366163842092, 1.1010750467541628, 228379000000, 
1.1290593981471433, -2.565820926174725, 1.1051543793603293, 228413000000, 
1.1313371568455772, -2.561266379305489, 1.1092341273041226, 228447000000, 
1.1335962680887677, -2.5567025577540163, 1.113313677130742, 228481000000, 
1.1358367373828864, -2.5521295503735058, 1.1173930170986677, 228515000000, 
1.1380585231986895, -2.5475474313323696, 1.1214725740228548, 228549000000, 
1.140261597467142, -2.5429562696591463, 1.1255522767912436, 228583000000, 
1.1424459710445278, -2.538356196766062, 1.1296318170580122, 228617000000, 
1.1446115296362114, -2.533747246664776, 1.133711021030748, 228651000000, 
1.1467581936173714, -2.529129448603887, 1.137790641504926, 228685000000, 
1.1488861095901268, -2.52450302749384, 1.1418701658815917, 228719000000, 
1.1509950497368302, -2.519867908851754, 1.1459496874874706, 228753000000, 
1.1530851293357185, -2.5152242656004344, 1.1500292084908301, 228787000000, 
1.1551562084534783, -2.5105721063870954, 1.1541085370330224, 228821000000, 
1.1572082980160117, -2.5059115300300197, 1.1581878380151984, 228855000000, 
1.1592413625633897, -2.501242613568413, 1.1622672468303765, 228889000000, 
1.161255359089283, -2.496565422166979, 1.1663466969219267, 228923000000, 
1.163250311718356, -2.491880064878487, 1.170426113355652, 228957000000, 
1.165226162767356, -2.4871866269298173, 1.174505465039163, 228991000000, 
1.167182782750979, -2.4824851502482663, 1.1785845990754773, 229025000000, 
1.169120262521612, -2.4777757488019034, 1.1826640027453268, 229059000000, 
1.171038431358934, -2.473058458547379, 1.1867436608653534, 229093000000, 
1.1729374259679084, -2.4683334274128947, 1.1908233187716653, 229127000000, 
1.1748171054337646, -2.4636006764532152, 1.1949025695644657, 229161000000, 
1.1766774359218115, -2.4588602812870954, 1.198981928099712, 229195000000, 
1.17851840454942, -2.454112330045558, 1.203061505870559, 229229000000, 
1.1803399769972687, -2.4493568983988467, 1.20714104469911, 229263000000, 
1.1821421358008417, -2.444594054476614, 1.2112205489423347, 229297000000, 
1.1839249136164456, -2.439823956599496, 1.2152998486769135, 229331000000, 
1.1856881019188144, -2.4350465743547973, 1.2193793728352968, 229365000000, 
1.1874318789296934, -2.4302621169010887, 1.223458853389017, 229399000000, 
1.1891560257688316, -2.425470532280619, 1.2275384688143534, 229433000000, 
1.1908606841656353, -2.4206719652320254, 1.2316179936759315, 229467000000, 
1.1925457791888971, -2.4158665033473046, 1.2356973518880996, 229501000000, 
1.1942112151534658, -2.411054182653879, 1.2397767191776528, 229535000000, 
1.195857011417313, -2.4062351009922636, 1.2438561473601204, 229569000000, 
1.1974831391179126, -2.4014093380746746, 1.2479355691548317, 229603000000, 
1.199089562185215, -2.396576961330264, 1.2520150277086601, 229637000000, 
1.2006763520169024, -2.3917381056598916, 1.2560943402099078, 229671000000, 
1.202243257987995, -2.3868927789947465, 1.260173717631517, 229705000000, 
1.2037905046619921, -2.3820411901707623, 1.2642531387615095, 229739000000, 
1.2053178700729161, -2.3771832782768647, 1.2683328527856481, 229773000000, 
1.2068254159682577, -2.372319152919772, 1.2724122456008384, 229807000000, 
1.2083131575030654, -2.3674489538950065, 1.276491579432811, 229841000000, 
1.209780991987516, -2.3625727164552752, 1.2805710336556206, 229875000000, 
1.2112288929303685, -2.3576905177760707, 1.2846504635724914, 229909000000, 
1.2126568570315623, -2.352802446983537, 1.2887298387430963, 229943000000, 
1.2140648574755037, -2.3479085830505264, 1.2928093079655851, 229977000000, 
1.2154529347973921, -2.3430090345765517, 1.2968885951237275, 230011000000, 
1.21682091352496, -2.338103846410947, 1.3009681531372372, 230045000000, 
1.2181689636124418, -2.333193185468833, 1.3050476079845053, 230079000000, 
1.219496905868679, -2.328277030422678, 1.3091271732945364, 230113000000, 
1.2208047762514804, -2.3233554809439685, 1.313206634516391, 230147000000, 
1.2220926117813111, -2.3184286372936507, 1.3172861054917522, 230181000000, 
1.2233603645953812, -2.3134966019254506, 1.3213655827283288, 230215000000, 
1.224607943530855, -2.308559415486152, 1.3254449884297796, 230249000000, 
1.2258353760391993, -2.303617174145692, 1.3295243959161152, 230283000000, 
1.22704262230855, -2.298669966605309, 1.3336038044693668, 230317000000, 
1.228229750434452, -2.2937178846165494, 1.3376830522547603, 230351000000, 
1.2293965631757824, -2.2887609741527637, 1.3417628422739525, 230385000000, 
1.2305432697622773, -2.283799422268733, 1.3458422549982534, 230419000000, 
1.2316696541818215, -2.278833196074612, 1.349921719222013, 230453000000, 
1.232775761960344, -2.273862406477202, 1.3540011041419233, 230487000000, 
1.233861587530259, -2.2688871145655787, 1.3580805785044598, 230521000000, 
1.234927158670284, -2.263907470072855, 1.362160051804168, 230555000000, 
1.235972380070419, -2.258923511939746, 1.3662393889639242, 230589000000, 
1.2369972329249623, -2.2539353199796213, 1.3703187218992858, 230623000000, 
1.2380017101276926, -2.248942996869695, 1.374398037845039, 230657000000, 
1.2389858618163698, -2.243946610506072, 1.3784772968054204, 230691000000, 
1.2399495217165715, -2.238946267099329, 1.382556977780343, 230725000000, 
1.240892900858256, -2.2339420459234964, 1.3866364486358462, 230759000000, 
1.241815785528781, -2.228934014791316, 1.390715890118007, 230793000000, 
1.2427182304558533, -2.2239222548191444, 1.3947952722956996, 230827000000, 
1.2436002126251202, -2.2189068349079824, 1.3988747726744624, 230861000000, 
1.2444617812336178, -2.213887849065509, 1.4029543384381378, 230895000000, 
1.2453028941948832, -2.208865414823828, 1.407033783521904, 230929000000, 
1.2461234654944495, -2.2038395757424185, 1.4111131665820222, 230963000000, 
1.2469234860741376, -2.198810416667077, 1.4151925399447387, 230997000000, 
1.2477030831847626, -2.19377809725494, 1.4192719699059009, 231031000000, 
1.2484620533421134, -2.1887425824277393, 1.4233516705656841, 231065000000, 
1.2492005746570551, -2.183704072041806, 1.4274311029940858, 231099000000, 
1.2499184722889043, -2.1786625660631715, 1.4315105382019948, 231133000000, 
1.2506157930058162, -2.1736181682825593, 1.4355898880642495, 231167000000, 
1.2512925210382475, -2.168570960529804, 1.439669330265104, 231201000000, 
1.2519486596012248, -2.1635209906231148, 1.4437488465217578, 231235000000, 
1.2525842451816778, -2.1584684255554683, 1.4478282672133043, 231269000000, 
1.253199189322804, -2.153413303952177, 1.4519075812172662, 231303000000, 
1.2537934412007725, -2.1483557317223303, 1.4559867942989582, 231337000000, 
1.2543671427707577, -2.1432957631427367, 1.4600661492103089, 231371000000, 
1.2549201198882287, -2.138233499722633, 1.4641458216254502, 231405000000, 
1.2554525158827465, -2.133169051818881, 1.4682253897484054, 231439000000, 
1.2559641986704198, -2.1281024610701627, 1.4723046038215668, 231473000000, 
1.2564552084975718, -2.123033820077657, 1.476383932400426, 231507000000, 
1.2569255343190955, -2.1179632136903237, 1.4804634662604197, 231541000000, 
1.2573751592735025, -2.112890709352756, 1.484542978067864, 231575000000, 
1.2578041411120187, -2.1078163967831034, 1.4886224450649177, 231609000000, 
1.2582124432502582, -2.1027404034694674, 1.4927018958068572, 231643000000, 
1.2585999438481177, -2.097662807168815, 1.4967811400299733, 231677000000, 
1.2589668174626958, -2.092583651209983, 1.5008606482025952, 231711000000, 
1.2593128548821555, -2.087503058352078, 1.5049402095827913, 231745000000, 
1.2596382804901336, -2.082421089958425, 1.5090198039669604, 231779000000, 
1.2599429362899277, -2.077337848033812, 1.5130992259793894, 231813000000, 
1.2602268262447653, -2.072253397589593, 1.5171785342175175, 231847000000, 
1.2604899676005616, -2.067167826244702, 1.5212579499212724, 231881000000, 
1.2607323523385827, -2.0620812152464265, 1.5253374447519543, 231915000000, 
1.2609539929004507, -2.0569936182919295, 1.5294169173009584, 231949000000, 
1.261154954206423, -2.051905208229038, 1.5334961032391607, 231983000000, 
1.2613350457596386, -2.0468160333671848, 1.5375754794929568, 232017000000, 
1.2614944760083466, -2.0417261346585414, 1.5416550736281385, 232051000000, 
1.2616330331843126, -2.0366356626552276, 1.5457344213442505, 232085000000, 
1.2617509063870813, -2.0315446447956305, 1.5498139902176298, 232119000000, 
1.2618480346564729, -2.026453204942624, 1.5538933539331097, 232153000000, 
1.261924341995229, -2.02136140519428, 1.55797263744859, 232187000000, 
1.2619798756890912, -2.0162693296190066, 1.5620520518783891, 232221000000, 
1.2620146316204828, -2.011177063995145, 1.5661315120337542, 232255000000, 
1.2620285998252923, -2.006084672686392, 1.5702109749082123, 232289000000, 
1.262021890151899, -2.0009922816905914, 1.5742902842195945, 232323000000, 
1.2619942609565924, -1.9958999674202902, 1.5783696876463134, 232357000000, 
1.2619460035483892, -1.9908078466021837, 1.5824492098162615, 232391000000, 
1.2618768534045466, -1.9857159602359935, 1.5865287650839275, 232425000000, 
1.2617869570317468, -1.980624362314338, 1.5906082802411188, 232459000000, 
1.2616763437073617, -1.975533192586248, 1.5946876847060758, 232493000000, 
1.2615449369656309, -1.970442513751405, 1.5987670790940645, 232527000000, 
1.2613927375869054, -1.9653524068706045, 1.6028464952123145, 232561000000, 
1.261219771055888, -1.9602629567943897, 1.6069259005103822, 232595000000, 
1.2610260380994454, -1.955174243515109, 1.6110053456074178, 232629000000, 
1.26081162679405, -1.9500863566161475, 1.6150847322810693, 232663000000, 
1.2605763377475034, -1.9449994149072454, 1.6191640020820237, 232697000000, 
1.2603204416566236, -1.9399134973817833, 1.6232434514354577, 232731000000, 
1.2600437215759215, -1.9348286586423369, 1.627323111908183, 232765000000, 
1.2597462548340628, -1.9297449701402636, 1.631402449829772, 232799000000, 
1.2594281078917429, -1.924662538184016, 1.6354817927312686, 232833000000, 
1.25908925471751, -1.919581448419776, 1.639561260739504, 232867000000, 
1.2587296246888635, -1.914501778945862, 1.6436406324238004, 232901000000, 
1.2583492720537754, -1.9094236112961704, 1.6477199520505303, 232935000000, 
1.2579481816689924, -1.9043470319439708, 1.6517993102461284, 232969000000, 
1.257526462896325, -1.8992721506522645, 1.6558785418181854, 233003000000, 
1.2570839260913806, -1.894199033002024, 1.6599583050108946, 233037000000, 
1.256620827239375, -1.8891277807234743, 1.6640376951133329, 233071000000, 
1.2561369584321762, -1.884058447999944, 1.6681171675328001, 233105000000, 
1.2556323990664704, -1.8789911256984284, 1.6721965748644572, 233139000000, 
1.2551071753458383, -1.8739259002591644, 1.6762760752895163, 233173000000, 
1.2545613456546794, -1.8688628510708818, 1.6803555810620054, 233207000000, 
1.2539948417197164, -1.8638020683213747, 1.6844349559072735, 233241000000, 
1.2534076726446644, -1.858743632429773, 1.688514318479108, 233275000000, 
1.2527998225910786, -1.8536876423148942, 1.692593702657095, 233309000000, 
1.252171495531066, -1.8486341794367822, 1.6966730055563086, 233343000000, 
1.2515224228107422, -1.8435833311022343, 1.7007525910053534, 233377000000, 
1.2508528957636826, -1.8385351809177255, 1.7048319549486664, 233411000000, 
1.2501627086766045, -1.8334897966942378, 1.7089114061652162, 233445000000, 
1.2494519445507375, -1.8284472617110992, 1.71299075001071, 233479000000, 
1.2487206056973092, -1.823407675059628, 1.7170701416338572, 233513000000, 
1.247968768582953, -1.8183711042843291, 1.7211496296755258, 233547000000, 
1.2471964145212857, -1.8133376316219905, 1.7252290210773256, 233581000000, 
1.2464034534245052, -1.8083073528179308, 1.7293081261389844, 233615000000, 
1.2455900539383948, -1.8032803784992781, 1.7333876804767339, 233649000000, 
1.2447560778376585, -1.79825675719238, 1.7374670722948338, 233683000000, 
1.2439016466209867, -1.7932366000060098, 1.7415466833838003, 233717000000, 
1.2430267467596292, -1.7882199536655208, 1.7456261460711855, 233751000000, 
1.2421313548330033, -1.7832069125154846, 1.7497054897870683, 233785000000, 
1.241215508192026, -1.7781975563350165, 1.7537848987822948, 233819000000, 
1.2402792192690297, -1.7731919716411317, 1.757864418814505, 233853000000, 
1.239322521356317, -1.768190270273056, 1.7619439430096822, 233887000000, 
1.2383454815853587, -1.763192478850646, 1.7660233857296408, 233921000000, 
1.2373480398709173, -1.7581987139692672, 1.770102752661232, 233955000000, 
1.2363301521263357, -1.7532090914007643, 1.7741819847562805, 233989000000, 
1.235292057966838, -1.7482236476076696, 1.778261270813348, 234023000000, 
1.2342335596883154, -1.7432425168997105, 1.7823410536335942, 234057000000, 
1.2331548241891144, -1.73826572034405, 1.7864204416867664, 234091000000, 
1.2320557507671204, -1.7332933675188416, 1.790499548352253, 234125000000, 
1.23093640554978, -1.7283255319130142, 1.7945788900288793, 234159000000, 
1.2297968024262873, -1.7233622956260917, 1.7986583538908498, 234193000000, 
1.2286369498103444, -1.7184037608727356, 1.8027377436069965, 234227000000, 
1.2274569308940586, -1.7134499968722066, 1.8068171510324138, 234261000000, 
1.226256714314456, -1.7085010773480684, 1.81089629472729, 234295000000, 
1.2250363263337574, -1.7035571246527208, 1.8149758953462567, 234329000000, 
1.2237957102767805, -1.6986181759910215, 1.8190552718569049, 234363000000, 
1.2225349602914606, -1.6936843758109255, 1.8231349090087081, 234397000000, 
1.2212541516242936, -1.6887557143192937, 1.8272144455206851, 234431000000, 
1.2199532164437163, -1.683832318705462, 1.831293794943489, 234465000000, 
1.2186321742065525, -1.6789142673159356, 1.8353732219901036, 234499000000, 
1.2172910687196057, -1.674001636653651, 1.8394527289699354, 234533000000, 
1.2159299204181162, -1.6690945114856415, 1.8435322168577297, 234567000000, 
1.2145487699018824, -1.6641930084001242, 1.8476117068014608, 234601000000, 
1.2131477050820403, -1.659297143139087, 1.851690828212148, 234635000000, 
1.2117266306676715, -1.6544070748483926, 1.8557703656757583, 234669000000, 
1.2102856218259956, -1.6495228349837767, 1.8598497708480748, 234703000000, 
1.2088246865566874, -1.6446445266330703, 1.8639293141059656, 234737000000, 
1.2073439191363915, -1.63977222854099, 1.8680085338286139, 234771000000, 
1.205843317706247, -1.6349059780233568, 1.8720877820453723, 234805000000, 
1.204322832142909, -1.6300458964920992, 1.8761671274848148, 234839000000, 
1.2027825336779165, -1.6251920513638562, 1.8802464052023624, 234873000000, 
1.2012224444216963, -1.620344520227834, 1.8843256660240644, 234907000000, 
1.1996425670015771, -1.6155034325133537, 1.8884051098206784, 234941000000, 
1.1980430603032488, -1.6106687858233733, 1.8924842713707302, 234975000000, 
1.196423806847392, -1.6058407524614375, 1.896563910347281, 235009000000, 
1.194784821238524, -1.6010193583911714, 1.9006434875340512, 235043000000, 
1.1931261755774796, -1.5962046840657829, 1.9047229644480501, 235077000000, 
1.1914479010726977, -1.5913968442915478, 1.908802413245768, 235111000000, 
1.1897500747792187, -1.586595845034747, 1.912882014629088, 235145000000, 
1.188032647611064, -1.581801814772953, 1.9169615316996025, 235179000000, 
1.1862956464400607, -1.5770148293383703, 1.9210409462223952, 235213000000, 
1.1845391225864463, -1.572234961409708, 1.9251204032980813, 235247000000, 
1.1827630785923564, -1.567462297534552, 1.929199882944496, 235281000000, 
1.1809676939280827, -1.5626969389558336, 1.933279008852843, 235315000000, 
1.1791527799822092, -1.5579389678576783, 1.9373587368382115, 235349000000, 
1.1773185732036138, -1.5531884139368046, 1.941437991175542, 235383000000, 
1.175464944008745, -1.5484453884434295, 1.9455173520898588, 235417000000, 
1.1735919707386424, -1.543709972580251, 1.9495966083528968, 235451000000, 
1.1716997492505452, -1.5389822328809508, 1.9536759366479113, 235485000000, 
1.1697882841762837, -1.5342622248866138, 1.9577552492338777, 235519000000, 
1.167857533744809, -1.5295500656080239, 1.961834474812645, 235553000000, 
1.1659075748767462, -1.5248458149766235, 1.9659137508299243, 235587000000, 
1.1639384123018373, -1.52014958032054, 1.9699931219536337, 235621000000, 
1.1619501926908247, -1.5154613926706324, 1.9740723065942114, 235655000000, 
1.1599428350564958, -1.5107813954146991, 1.9781521027631999, 235689000000, 
1.1579164014440122, -1.5061096183266602, 1.9822315089176175, 235723000000, 
1.1558708986516797, -1.5014461424496555, 1.9863109913004784, 235757000000, 
1.153806373021618, -1.496791045770889, 1.9903904918459963, 235791000000, 
1.1517228729113136, -1.492144426696086, 1.9944701250877541, 235825000000, 
1.1496204829063583, -1.4875063039229575, 1.9985497251032287, 235859000000, 
1.1474991633097193, -1.4828768017077691, 2.0026291760645956, 235893000000, 
1.145358947323286, -1.4782559939815818, 2.0067086166528516, 235927000000, 
1.1431998462431134, -1.4736439828854015, 2.0107880403910716, 235961000000, 
1.1410220759010894, -1.469040780153278, 2.0148672636254186, 235995000000, 
1.1388254689678359, -1.464446547509783, 2.0189469976775962, 236029000000, 
1.1366102000500862, -1.4598612923121965, 2.0230262655553823, 236063000000, 
1.134376200831722, -1.4552851182060809, 2.0271055030704983, 236097000000, 
1.1321235482818393, -1.4507180885690298, 2.031184722733101, 236131000000, 
1.1298522708849539, -1.4461602936815863, 2.0352640653249243, 236165000000, 
1.127562468091639, -1.441611789527541, 2.0393434299980147, 236199000000, 
1.1252541532861422, -1.437072640293212, 2.043422688241027, 236233000000, 
1.1229272930262675, -1.4325429618748957, 2.0475019319740335, 236267000000, 
1.120581935525908, -1.428022843685736, 2.0515811925234244, 236301000000, 
1.1182182584395126, -1.4235123024876595, 2.055660583532435, 236335000000, 
1.115836156232993, -1.4190114718394504, 2.0597402214172438, 236369000000, 
1.113435727012443, -1.414520384911288, 2.0638197103577873, 236403000000, 
1.1110169687939369, -1.410039131272536, 2.067899101784269, 236437000000, 
1.1085799397501501, -1.4055677763009857, 2.071978589890217, 236471000000, 
1.1061246767294912, -1.4011063977059892, 2.0760582023261014, 236505000000, 
1.1036512335272282, -1.3966550836740577, 2.0801378135841873, 236539000000, 
1.1011597021410853, -1.3922138552847763, 2.084217340034611, 236573000000, 
1.0986500520186258, -1.3877828430254608, 2.088296571718066, 236607000000, 
1.0961222701858697, -1.3833621489828587, 2.0923761387810247, 236641000000, 
1.0935766098116761, -1.378951753062966, 2.0964555763785206, 236675000000, 
1.0910128927880818, -1.3745518296919061, 2.1005350328550083, 236709000000, 
1.0884313153171294, -1.370162364297632, 2.1046144770617534, 236743000000, 
1.0858318064704235, -1.3657834844813044, 2.1086937030021766, 236777000000, 
1.0832144520024114, -1.36141523864768, 2.112772907863983, 236811000000, 
1.0805792931946208, -1.3570577005781683, 2.1168522378712678, 236845000000, 
1.0779263640676757, -1.3527109559960604, 2.120931616685828, 236879000000, 
1.0752557684131083, -1.3483750509139658, 2.125010974587521, 236913000000, 
1.0725675215764428, -1.3440500707027292, 2.129089984220631, 236947000000, 
1.069861652888086, -1.33973611512083, 2.1331694887612276, 236981000000, 
1.0671381633730297, -1.3354332552737467, 2.137248965094011, 237015000000, 
1.0643971446662241, -1.331141560141902, 2.14132855894908, 237049000000, 
1.0616387007639911, -1.3268610319247238, 2.145408003572333, 237083000000, 
1.058862794747717, -1.3225918015005194, 2.1494873806571415, 237117000000, 
1.0560694689966366, -1.3183339376103653, 2.153566861174949, 237151000000, 
1.0532587885630222, -1.314087499590043, 2.157646371654722, 237185000000, 
1.0504307972191176, -1.3098525612116885, 2.161725879767172, 237219000000, 
1.047585553417849, -1.3056292021201732, 2.165805426003846, 237253000000, 
1.0447231793883092, -1.3014174402312666, 2.1698847033076865, 237287000000, 
1.0418435460611202, -1.2972174607081444, 2.1739641515451638, 237321000000, 
1.038946903350164, -1.2930292267096588, 2.178043532304517, 237355000000, 
1.036033127246183, -1.2888528838620112, 2.1821232422116394, 237389000000, 
1.033102385210912, -1.2846884339444997, 2.1862025874056945, 237423000000, 
1.0301547006069254, -1.2805359504685085, 2.19028180793875, 237457000000, 
1.027190054262379, -1.2763955494351118, 2.194361174971857, 237491000000, 
1.0242085354158095, -1.2722672715096097, 2.198440548484729, 237525000000, 
1.0212101916111784, -1.2681511862223953, 2.2025198614685695, 237559000000, 
1.0181950505403916, -1.2640473900931506, 2.2065992583529117, 237593000000, 
1.0151632996026352, -1.2599558802159492, 2.210678331030068, 237627000000, 
1.0121148045138781, -1.2558768261733513, 2.214758118682809, 237661000000, 
1.0090497466822508, -1.2518102282738388, 2.2188374260867, 237695000000, 
1.0059680803486282, -1.2477561806712598, 2.2229169443658283, 237729000000, 
1.0028698989302167, -1.2437147436239795, 2.2269963946972218, 237763000000, 
0.9997553056885725, -1.2396859346083575, 2.231075862852199, 237797000000, 
0.9966242825742674, -1.235669875908522, 2.2351552982996075, 237831000000, 
0.9934768780521982, -1.2316666320757388, 2.2392346966828627, 237865000000, 
0.9903131624917375, -1.22767625667709, 2.243314105879928, 237899000000, 
0.987133164168023, -1.223698835097133, 2.247393533921056, 237933000000, 
0.9839370716432958, -1.2197343844485686, 2.2514726664514666, 237967000000, 
0.980724740199172, -1.2157830635969018, 2.2555524407268424, 238001000000, 
0.9774964121886389, -1.2118448367653987, 2.2596317587021493, 238035000000, 
0.9742519864233093, -1.2079198364334458, 2.263711214509125, 238069000000, 
0.9709915576628789, -1.2040081119635258, 2.2677905972574237, 238103000000, 
0.9677152355461217, -1.2001096922330645, 2.271870061373378, 238137000000, 
0.9644230567796517, -1.196224648358969, 2.275949505687414, 238171000000, 
0.9611150105254956, -1.1923530950070138, 2.2800288537165536, 238205000000, 
0.9577911900905065, -1.1884950651373307, 2.284108231994466, 238239000000, 
0.9544516268846969, -1.184650650280204, 2.288187670990624, 238273000000, 
0.9510964931742057, -1.1808198572609458, 2.292266888069285, 238307000000, 
0.9477257270276863, -1.177002810964969, 2.296346680171459, 238341000000, 
0.9443394276208865, -1.1731995527749852, 2.30042604936145, 238375000000, 
0.9409376165627616, -1.1694101435190796, 2.3045054650927055, 238409000000, 
0.9375203639827792, -1.165634643045334, 2.3085848757423855, 238443000000, 
0.9340877348220719, -1.161873116176014, 2.3126643988045443, 238477000000, 
0.9306398375986963, -1.1581255772423806, 2.3167438761787684, 238511000000, 
0.9271766629875481, -1.154392146695944, 2.3208232024151005, 238545000000, 
0.9236982649926738, -1.1506728846792713, 2.3249025294859007, 238579000000, 
0.9202047110481948, -1.1469678626857844, 2.328981843626669, 238613000000, 
0.9166961319622657, -1.143277094482282, 2.3330611324181763, 238647000000, 
0.9131724825361481, -1.1396007037389875, 2.3371407478446837, 238681000000, 
0.9096339240267806, -1.1359386869224266, 2.3412200536515373, 238715000000, 
0.9060804133169014, -1.132291155714645, 2.345299464692513, 238749000000, 
0.9025120438094916, -1.1286581481103795, 2.349378821098794, 238783000000, 
0.8989288646696425, -1.1250397365803202, 2.353458300489574, 238817000000, 
0.8953309864990482, -1.1214359415196111, 2.357537863442325, 238851000000, 
0.8917184548681598, -1.1178468335699934, 2.3616173178616897, 238885000000, 
0.8880912704688578, -1.1142725336492183, 2.365696529126396, 238919000000, 
0.8844495567086302, -1.1107130502579636, 2.3697760470778206, 238953000000, 
0.8807933327360483, -1.1071684941163786, 2.3738555895591507, 238987000000, 
0.8771226942002559, -1.1036388687230516, 2.377935292042197, 239021000000, 
0.8734376997626266, -1.1001242354619694, 2.382014712288518, 239055000000, 
0.8697383739366089, -1.096624677753754, 2.3860940484500044, 239089000000, 
0.8660247950052767, -1.0931402379202757, 2.390173488186296, 239123000000, 
0.8622970219346724, -1.0896709767619954, 2.394252979915346, 239157000000, 
0.8585551221094949, -1.0862169500471368, 2.3983324380241595, 239191000000, 
0.8547992099709855, -1.082778167219125, 2.402411834921564, 239225000000, 
0.8510292841392547, -1.0793547469447342, 2.4064911547446313, 239259000000, 
0.8472453662045173, -1.0759468015833413, 2.410570329460531, 239293000000, 
0.8434476957363362, -1.072554230970911, 2.4146497280470016, 239327000000, 
0.8396361458137849, -1.06917724845417, 2.4187292694229576, 239361000000, 
0.835810906478725, -1.0658157880710317, 2.4228086968102227, 239395000000, 
0.8319719468498707, -1.0624699917113452, 2.426887947630142, 239429000000, 
0.8281193634920058, -1.0591398804163594, 2.4309673048316713, 239463000000, 
0.8242532183576632, -1.0558255128987837, 2.4350468014653175, 239497000000, 
0.8203735647867534, -1.0525269562154238, 2.439126321879121, 239531000000, 
0.8164805150372446, -1.0492442207553396, 2.4432058438368216, 239565000000, 
0.8125741271792272, -1.0459774067454362, 2.4472850615186528, 239599000000, 
0.808654443425775, -1.0427265581000913, 2.4513647385236306, 239633000000, 
0.8047215016995347, -1.0394917796260306, 2.4554441886044445, 239667000000, 
0.8007753842863424, -1.0362730751595732, 2.4595238566435067, 239701000000, 
0.796816220494486, -1.0330704393750736, 2.463603394498513, 239735000000, 
0.7928440060606451, -1.0298839981505497, 2.4676827348361203, 239769000000, 
0.7888588039309027, -1.0267138027935883, 2.471762135146536, 239803000000, 
0.7848606950668457, -1.023559888852429, 2.475841593039651, 239837000000, 
0.780849743162106, -1.0204223111070372, 2.4799210273850845, 239871000000, 
0.7768260173330955, -1.0173011167294275, 2.484000472073819, 239905000000, 
0.7727896611664905, -1.0141963135787722, 2.4880795683141055, 239939000000, 
0.7687405985436871, -1.0111080724331232, 2.492159163637402, 239973000000, 
0.7646790650602754, -1.0080363066251734, 2.496238448266796, 240007000000, 
0.7606049562502675, -1.0049812089601164, 2.5003179504620414, 240041000000, 
0.7565184587406845, -1.0019426974098786, 2.5043974798256934, 240075000000, 
0.7524196189632563, -0.9989208569586, 2.50847680298146, 240109000000, 
0.7483084485896297, -0.9959157990912991, 2.512556118293472, 240143000000, 
0.7441850460959357, -0.9929275365710016, 2.5166355585399933, 240177000000, 
0.740049478363305, -0.989956122484518, 2.5207150204481854, 240211000000, 
0.7359018330636233, -0.9870015876233109, 2.5247944546786516, 240245000000, 
0.731742173144369, -0.9840640461805352, 2.528873726142332, 240279000000, 
0.7275706027246219, -0.9811434498061524, 2.5329534507301217, 240313000000, 
0.7233871180609786, -0.9782399594611147, 2.5370329359043007, 240347000000, 
0.7191918150002813, -0.975353553855589, 2.541112432995063, 240381000000, 
0.714984760059727, -0.9724842855521727, 2.5451919128031695, 240415000000, 
0.7107660766731599, -0.9696321545386175, 2.549271430581738, 240449000000, 
0.7065357768453964, -0.9667972747569565, 2.5533508552177966, 240483000000, 
0.7022939272654741, -0.9639796915481766, 2.5574302296808797, 240517000000, 
0.6980406118192917, -0.9611794331034624, 2.561509647170048, 240551000000, 
0.6937758982706531, -0.9583965485766834, 2.565589125363262, 240585000000, 
0.689499910626619, -0.9556310394456536, 2.5696683590769234, 240619000000, 
0.6852126285913298, -0.9528830760348118, 2.573747889936155, 240653000000, 
0.6809142586135268, -0.9501525502939353, 2.577827387291533, 240687000000, 
0.6766047493700423, -0.9474396156293426, 2.581906886630422, 240721000000, 
0.6722842247590457, -0.9447442665343224, 2.5859863268507426, 240755000000, 
0.6679527210804553, -0.9420665793061775, 2.590065721704519, 240789000000, 
0.6636103216570434, -0.9394065833569825, 2.5941450948888374, 240823000000, 
0.6592570955578229, -0.9367643283901343, 2.598224549592958, 240857000000, 
0.6548931122970222, -0.9341398526697361, 2.6023040558247716, 240891000000, 
0.6505184980859063, -0.9315331542108939, 2.606383491907123, 240925000000, 
0.6461332701389597, -0.9289443462081967, 2.610462839698135, 240959000000, 
0.6417374977295072, -0.9263734717787502, 2.614542219622945, 240993000000, 
0.6373312661640547, -0.923820555237111, 2.618621647106744, 241027000000, 
0.6329146460117361, -0.9212856417765681, 2.6227011146778865, 241061000000, 
0.6284877073512111, -0.9187687643803656, 2.626780626133469, 241095000000, 
0.6240506096351635, -0.9162699347163121, 2.6308597021763345, 241129000000, 
0.6196033401721329, -0.9137892407220697, 2.6349393002864145, 241163000000, 
0.6151459528944828, -0.9113267850623781, 2.639018979281939, 241197000000, 
0.6106786447886889, -0.9088824470048245, 2.643098267842429, 241231000000, 
0.606201335797265, -0.906456439136244, 2.6471778379893127, 241265000000, 
0.6017141945355876, -0.9040486485408734, 2.651257504682042, 241299000000, 
0.5972172868436559, -0.9016591563980124, 2.6553369101023394, 241333000000, 
0.5927106374820006, -0.8992880758419938, 2.6594162269889137, 241367000000, 
0.5881943528188345, -0.896935362635164, 2.663495800266348, 241401000000, 
0.5836684733727205, -0.8946011359146963, 2.667575457365657, 241435000000, 
0.5791331485240875, -0.8922853639639798, 2.671654782262241, 241469000000, 
0.5745884114953682, -0.8899880752906774, 2.675734158833129, 241503000000, 
0.5700343221113022, -0.8877093605271213, 2.679813710465696, 241537000000, 
0.5654709338706004, -0.8854493080847288, 2.6838932003469482, 241571000000, 
0.5608984307149073, -0.8832078176958, 2.6879724285176323, 241605000000, 
0.5563167911980087, -0.8809850015452669, 2.692051782345441, 241639000000, 
0.5517260850393985, -0.8787809636239005, 2.696131231070537, 241673000000, 
0.5471264486726046, -0.8765956074787419, 2.7002106940337014, 241707000000, 
0.5425179549548637, -0.8744290130899448, 2.7042900340566822, 241741000000, 
0.5379006408228684, -0.8722813093096269, 2.7083691487113977, 241775000000, 
0.5332746271590997, -0.8701524098733291, 2.7124485688755833, 241809000000, 
0.5286399398919742, -0.8680424811607579, 2.7165282412349385, 241843000000, 
0.5239967619380056, -0.8659513962342037, 2.720607612667513, 241877000000, 
0.5193450586139927, -0.8638793082482348, 2.724687115839581, 241911000000, 
0.5146849571057217, -0.8618261974410105, 2.7287667120487664, 241945000000, 
0.5100165020721057, -0.8597921311487878, 2.7328461941204165, 241979000000, 
0.5053397743727555, -0.8577771444920861, 2.7369256804437208, 242013000000, 
0.5006548815077982, -0.8557811875039938, 2.7410051408252434, 242047000000, 
0.4959618687836922, -0.8538043736293319, 2.7450848584667824, 242081000000, 
0.49126079476254614, -0.8518467872219136, 2.749164470589258, 242115000000, 
0.48655183905856536, -0.8499083177169172, 2.7532437978926443, 242149000000, 
0.4818349799165, -0.8479890738673835, 2.7573232699849095, 242183000000, 
0.47711032005165305, -0.8460890973694516, 2.7614028859810045, 242217000000, 
0.4723779104462397, -0.8442084952184429, 2.7654822820587928, 242251000000, 
0.4676379448958059, -0.8423470977579093, 2.769561519603634, 242285000000, 
0.46289038107527225, -0.8405050756499354, 2.7736409062387986, 242319000000, 
0.45813531438271526, -0.8386824876846536, 2.7777203407375115, 242353000000, 
0.4533728923414902, -0.8368792394052084, 2.7817996935324483, 242387000000, 
0.4486031294466176, -0.8350954780487138, 2.785878952044375, 242421000000, 
0.44382611419205553, -0.8333312389412711, 2.7899581604205737, 242455000000, 
0.43904200017483674, -0.8315863976021921, 2.7940374100677245, 242489000000, 
0.43425078458480115, -0.8298611479534741, 2.7981171204623565, 242523000000, 
0.42945260658474865, -0.8281554722381999, 2.802196473646068, 242557000000, 
0.42464751157824465, -0.8264693410846344, 2.806275901762548, 242591000000, 
0.4198355707282825, -0.8248028654440634, 2.8103555080935836, 242625000000, 
0.415016865576849, -0.823156032580273, 2.8144350628428283, 242659000000, 
0.4101914723597091, -0.8215288762556943, 2.8185145597145245, 242693000000, 
0.40535949081189193, -0.8199213632478678, 2.822594079078185, 242727000000, 
0.40052097456877667, -0.818333598799369, 2.826673842072071, 242761000000, 
0.39567598923699765, -0.8167656752781889, 2.8307534014892908, 242795000000, 
0.39082471962391474, -0.8152174121515902, 2.834832775200913, 242829000000, 
0.3859671271981193, -0.8136889785447716, 2.8389123069509035, 242863000000, 
0.3811033231336, -0.8121804060192997, 2.8429919499050276, 242897000000, 
0.3762334166226433, -0.8106917260936577, 2.8470712915990637, 242931000000, 
0.37135749433792414, -0.8092228254275844, 2.8511505800197168, 242965000000, 
0.366475593496808, -0.8077738554809668, 2.855230015871733, 242999000000, 
0.3615878222166909, -0.8063448368279341, 2.8593093498983277, 243033000000, 
0.3566942569187529, -0.8049357649482637, 2.8633886629338856, 243067000000, 
0.35179496820253436, -0.8035466938854934, 2.867467958483338, 243101000000, 
0.3468900994062959, -0.8021775219040785, 2.8715470112543264, 243135000000, 
0.34197967607075785, -0.8008284072095342, 2.8756266426440473, 243169000000, 
0.3370638028715344, -0.7994994282791705, 2.879706054837815, 243203000000, 
0.3321425766222871, -0.7981903762094186, 2.8837854160769467, 243237000000, 
0.32721604488066863, -0.7969015088086104, 2.887864884779526, 243271000000, 
0.3222842739635863, -0.7956327457869866, 2.891944546051048, 243305000000, 
0.31734736740594194, -0.7943840633274496, 2.8960240567833377, 243339000000, 
0.31240542898224316, -0.7931555119316751, 2.9001035374369417, 243373000000, 
0.3074584740279265, -0.7919472308173391, 2.904183185794099, 243407000000, 
0.3025066929068501, -0.7907590665040282, 2.9082626134286778, 243441000000, 
0.29755005639654136, -0.7895911158561494, 2.912342143938001, 243475000000, 
0.2925886912859825, -0.7884434119803463, 2.916421829704833, 243509000000, 
0.28762266253170266, -0.7873160506540089, 2.920501343039559, 243543000000, 
0.28265214262887967, -0.7862088362324628, 2.9245806920601383, 243577000000, 
0.2776770940752144, -0.7851219328742508, 2.928660166045681, 243611000000, 
0.2726976363966681, -0.7840553885935075, 2.932739681401278, 243645000000, 
0.26771389990782746, -0.7830090852940573, 2.9368190998702373, 243679000000, 
0.2627259198359386, -0.7819831634206824, 2.9408983872832355, 243713000000, 
0.257733803263777, -0.7809776015272645, 2.944977557945988, 243747000000, 
0.2527376196481951, -0.7799923624037108, 2.949056806078396, 243781000000, 
0.24773745647062936, -0.779027590557606, 2.9531364023061006, 243815000000, 
0.24273347859832595, -0.7780831340639517, 2.9572156531283462, 243849000000, 
0.23772563254535192, -0.7771591617107709, 2.9612952216145234, 243883000000, 
0.23271405384027824, -0.7762555649248429, 2.9653746550643914, 243917000000, 
0.22769885504416673, -0.7753723955937979, 2.9694539918584186, 243951000000, 
0.22268007986232755, -0.7745097432876024, 2.973533418294396, 243985000000, 
0.21765782216767904, -0.77366757672717, 2.977612917692857, 244019000000, 
0.21263216609305396, -0.7728459143830209, 2.981692423177349, 244053000000, 
0.20760317986329055, -0.772044780498145, 2.985771997677225, 244087000000, 
0.20257097942821048, -0.7712640833662663, 2.98985143451028, 244121000000, 
0.19753567060384036, -0.7705040331051282, 2.993930871169246, 244155000000, 
0.19249726115248184, -0.7697644656372163, 2.9980106525968, 244189000000, 
0.18745593014158052, -0.7690455505525383, 3.002090072382031, 244223000000, 
0.182411652466894, -0.7683471780098144, 3.006169734541228, 244257000000, 
0.17736460535081933, -0.7676693349753066, 3.010249164507095, 244291000000, 
0.17231482893263758, -0.7670121075423837, 3.014328495545727, 244325000000, 
0.16726240425650443, -0.7663755057715083, 3.018407898236862, 244359000000, 
0.16220741996994315, -0.7657595167401299, 3.0224872920985058, 244393000000, 
0.15714995788274286, -0.7651641523894229, 3.0265666716101185, 244427000000, 
0.15209010118599145, -0.7645893510350265, 3.0306458485978256, 244461000000, 
0.14702794632671526, -0.7640352855152825, 3.0347253497473763, 244495000000, 
0.14196363267757828, -0.7635017650835564, 3.038804711205255, 244529000000, 
0.13689716114109596, -0.7629889693247773, 3.0428841856559434, 244563000000, 
0.13182861698453618, -0.7624968494064559, 3.0469635915348827, 244597000000, 
0.12675808960716634, -0.7620253561370883, 3.051043024706345, 244631000000, 
0.12168571008222923, -0.761574530119584, 3.0551224785431623, 244665000000, 
0.11661152295335082, -0.7611444558178401, 3.0592018890682158, 244699000000, 
0.11153561854261661, -0.7607350941034533, 3.06328132508092, 244733000000, 
0.10645808185709306, -0.7603464562141412, 3.067360837793623, 244767000000, 
0.10137895662318437, -0.7599785706949487, 3.0714404115518126, 244801000000, 
0.09629845884357424, -0.7596313202468126, 3.075519580193677, 244835000000, 
0.0912165527939582, -0.7593048431276055, 3.0795992932090885, 244869000000, 
0.08613339132646068, -0.7589991582184931, 3.083678982636662, 244903000000, 
0.08104900572132769, -0.7587142123759505, 3.087758502827534, 244937000000, 
0.07596345996765601, -0.7584500038473854, 3.0918378696083333, 244971000000, 
0.0708769118320476, -0.758206485988587, 3.0959173821203168, 245005000000, 
0.06578940866776942, -0.7579837393435498, 3.0999968302081586, 245039000000, 
0.06070103157753102, -0.7577817665614913, 3.1040761413201894, 245073000000, 
0.055611881246133, -0.7576005585095361, 3.1081553927853562, 245107000000, 
0.05052201769217083, -0.757440044338108, 3.112234641933218, 245141000000, 
0.04543156037843837, -0.7573003868636997, 3.116314290597083, 245175000000, 
0.04034059385847124, -0.7571813521187519, 3.1203936806741144, 245209000000, 
0.03524918089564641, -0.7570831546419934, 3.124473054351461, 245243000000, 
0.030157404173437048, -0.7570057266737399, 3.1285523941281355, 245277000000, 
0.025065324880599878, -0.7569490815377934, 3.132631851449797, 245311000000, 
0.01997305696122623, -0.7569131585058838, 3.1367113757336305, 245345000000, 
0.01488069851076342, -0.7568979913149388, 3.1407908013607115, 245379000000, 
0.009788313949943776, -0.756903657322795, -3.138315122517309, 245413000000, 
0.004695989136778345, -0.7569301093980866, -3.1342356548220547, 245447000000, 
-0.0003962083323081246, -0.7569773757528747, -3.1301561442127173, 245481000000, 
-0.005488106893345884, -0.7570453496872139, -3.126076872803114, 245515000000, 
-0.010579708562185408, -0.7571341116123077, -3.121997145294237, 245549000000, 
-0.015670892846513105, -0.7572436907858092, -3.1179174685853224, 245583000000, 
-0.020761595794370532, -0.7573740456468321, -3.113838126370196, 245617000000, 
-0.0258517353884949, -0.7575251765894566, -3.109758722265426, 245651000000, 
-0.030941236838413495, -0.7576970625565482, -3.105679108507953, 245685000000, 
-0.03602998111699121, -0.7578896499047774, -3.101599628017201, 245719000000, 
-0.04111790010745772, -0.7581030115556067, -3.097520346132537, 245753000000, 
-0.04620490094241999, -0.7583371828163924, -3.093441160326886, 245787000000, 
-0.05129089276598733, -0.7585920008640146, -3.0893618288737135, 245821000000, 
-0.05637580794696748, -0.7588676667867109, -3.0852821651373903, 245855000000, 
-0.06145953585758721, -0.7591639197955427, -3.0812027563015145, 245889000000, 
-0.06654202172647465, -0.7594809854488641, -3.077123487576663, 245923000000, 
-0.07162317905799713, -0.7598187786652554, -3.073044189217664, 245957000000, 
-0.07670292323236322, -0.7601772995953346, -3.0689647527656385, 245991000000, 
-0.0817811739034578, -0.7605565547001879, -3.0648852557907107, 246025000000, 
-0.08685783757509603, -0.7609564746331717, -3.060805761807519, 246059000000, 
-0.0919328282854507, -0.7613770847968415, -3.0567263111575986, 246093000000, 
-0.09700605234014838, -0.7618184823199058, -3.052647076213806, 246127000000, 
-0.10207742031770763, -0.762280509974264, -3.048567573175361, 246161000000, 
-0.1071468563053767, -0.7627633332968379, -3.0444878306154726, 246195000000, 
-0.1122142793617365, -0.7632667210333665, -3.04040817749592, 246229000000, 
-0.11727961047404582, -0.7637908183243152, -3.036328758835057, 246263000000, 
-0.12234276806925153, -0.7643356055709174, -3.0322493725068504, 246297000000, 
-0.12740366964507868, -0.7649010500332506, -3.028169878904647, 246331000000, 
-0.13246222541409128, -0.7654871438706716, -3.024090376457622, 246365000000, 
-0.13751834939608196, -0.7660938587063378, -3.020010912694245, 246399000000, 
-0.14257195980897283, -0.7667211121210746, -3.0159317337632334, 246433000000, 
-0.14762295261133374, -0.7673690887287123, -3.0118523395525054, 246467000000, 
-0.15267125225366804, -0.7680375434407206, -3.007772969540214, 246501000000, 
-0.15771677693820463, -0.7687266892829738, -3.003693470686669, 246535000000, 
-0.16275945356092086, -0.7694363266312586, -2.999614067973403, 246569000000, 
-0.16779920295157097, -0.7701665000511935, -2.9955348040271312, 246603000000, 
-0.1728359329517994, -0.7709172741096857, -2.991455497216925, 246637000000, 
-0.17786956630992054, -0.7716885901933015, -2.9873761059130004, 246671000000, 
-0.18290001980279488, -0.7724804403343611, -2.983296689711047, 246705000000, 
-0.18792719223451365, -0.7732928221628648, -2.9792171988086342, 246739000000, 
-0.19295100669861856, -0.7741256191935756, -2.9751379541205742, 246773000000, 
-0.1979713627800662, -0.7749789983526724, -2.9710582964146215, 246807000000, 
-0.20298820088962408, -0.7758527983580604, -2.966978769147154, 246841000000, 
-0.20800143395100607, -0.7767471167798621, -2.9628990978531378, 246875000000, 
-0.21301095492712233, -0.7776618722574601, -2.9588195337229615, 246909000000, 
-0.21801673449845954, -0.7785970051406859, -2.9547400249975064, 246943000000, 
-0.22301865860704886, -0.7795525775740835, -2.950660541051205, 246977000000, 
-0.22801664805568606, -0.7805285749630675, -2.9465810945369038, 247011000000, 
-0.23301062370219514, -0.7815249580487893, -2.9425016816700653, 247045000000, 
-0.2380004800172028, -0.7825417381940959, -2.9384222846303607, 247079000000, 
-0.24298614672991425, -0.7835787449834124, -2.9343430067367473, 247113000000, 
-0.24796751948698137, -0.7846361956298827, -2.9302635281176808, 247147000000, 
-0.25294455452689285, -0.7857138500675661, -2.9261843051054193, 247181000000, 
-0.2579171471383094, -0.7868118652634056, -2.9221048698982615, 247215000000, 
-0.26288520684297234, -0.7879301626964655, -2.9180255074462575, 247249000000, 
-0.2678486678618983, -0.789068663109431, -2.913946180733388, 247283000000, 
-0.2728074651493101, -0.7902273774419002, -2.9098668308634217, 247317000000, 
-0.2777614915210946, -0.7914063624480845, -2.905787491954813, 247351000000, 
-0.28271067524307103, -0.7926055516178028, -2.9017081240091587, 247385000000, 
-0.28765490243092917, -0.7938249527272183, -2.8976286863183334, 247419000000, 
-0.2925941348532945, -0.7950644332290853, -2.893549422432045, 247453000000, 
-0.2975282253190492, -0.7963240813744703, -2.8894695360370357, 247487000000, 
-0.30245715254498234, -0.7976038510961571, -2.8853900697783152, 247521000000, 
-0.30738082449296855, -0.7989037423631782, -2.8813105476202967, 247555000000, 
-0.3122991582611807, -0.8002237207076834, -2.8772310245385633, 247589000000, 
-0.31721203771082535, -0.8015637478016404, -2.873151394070239, 247623000000, 
-0.3221194522720494, -0.8029237517128858, -2.8690718252030667, 247657000000, 
-0.32702127695807565, -0.8043037871176211, -2.8649924220870893, 247691000000, 
-0.33191743393878936, -0.8057038335100494, -2.8609130356474215, 247725000000, 
-0.33680781170853674, -0.8071238939163602, -2.856833662823859, 247759000000, 
-0.3416923846874115, -0.8085637516273454, -2.8527544078392437, 247793000000, 
-0.3465710242159237, -0.810023661215252, -2.8486748823699624, 247827000000, 
-0.35144364860151556, -0.8115033221333933, -2.844595585421394, 247861000000, 
-0.35631021162155174, -0.8130029251994256, -2.840516205171855, 247895000000, 
-0.36117062536707323, -0.8145223751926268, -2.83643693453835, 247929000000, 
-0.3660247931722882, -0.8160616555784348, -2.8323576316523735, 247963000000, 
-0.3708726292874982, -0.817620676360066, -2.828278230249798, 247997000000, 
-0.37571410052344295, -0.8191994395443938, -2.824198842681685, 248031000000, 
-0.38054908280252936, -0.8207979954884048, -2.8201196795482417, 248065000000, 
-0.38537748216781337, -0.8224162300411849, -2.8160401631136875, 248099000000, 
-0.39019924253531324, -0.8240541916799611, -2.811960640444697, 248133000000, 
-0.3950142474458611, -0.825711775359258, -2.807880929310006, 248167000000, 
-0.3998224783153949, -0.8273889763749787, -2.803801477649338, 248201000000, 
-0.4046238276944112, -0.8290858045670074, -2.7997220557520737, 248235000000, 
-0.4094182224549766, -0.8308022105592964, -2.795642502811706, 248269000000, 
-0.4142055798179694, -0.8325381694365416, -2.7915629162464404, 248303000000, 
-0.41898579019419735, -0.8342936372750537, -2.7874833688867047, 248337000000, 
-0.42375884324895896, -0.8360685354979405, -2.7834038796215275, 248371000000, 
-0.4285246122156373, -0.8378629119966211, -2.7793244813086795, 248405000000, 
-0.43328302184322004, -0.83967674520326, -2.7752452656962707, 248439000000, 
-0.4380339689549348, -0.8415099347727402, -2.7711659222973086, 248473000000, 
-0.44277736536367795, -0.843362579620585, -2.7670863842786266, 248507000000, 
-0.44751321023313084, -0.8452344109223208, -2.763006795912523, 248541000000, 
-0.45224136003314064, -0.8471256318305735, -2.758927591653643, 248575000000, 
-0.4569617633271587, -0.849036132098227, -2.7548484350072124, 248609000000, 
-0.4616743407533549, -0.8509658830095427, -2.7507690097471262, 248643000000, 
-0.4663789988359536, -0.8529148622317893, -2.74668953185758, 248677000000, 
-0.471075672798608, -0.8548829730374313, -2.742610136032963, 248711000000, 
-0.4757642943907909, -0.8568702185114602, -2.7385310637879905, 248745000000, 
-0.4804447317335578, -0.8588766213338387, -2.7344513614715265, 248779000000, 
-0.4851169617811243, -0.8609020440959654, -2.7303719916809617, 248813000000, 
-0.4897808516265788, -0.8629465863871779, -2.726292352530312, 248847000000, 
-0.4944364048255145, -0.8650100499707308, -2.7222127427445786, 248881000000, 
-0.49908349610190417, -0.8670925085580626, -2.7181333501695026, 248915000000, 
-0.5037220513681289, -0.8691939299003854, -2.714053939045143, 248949000000, 
-0.5083520018933951, -0.8713142591368177, -2.7099744309789493, 248983000000, 
-0.5129732677725346, -0.8734534651627354, -2.705894924200446, 249017000000, 
-0.5175857529268854, -0.8756114992547153, -2.701815432077254, 249051000000, 
-0.5221894375642585, -0.877788276751714, -2.6977359739990794, 249085000000, 
-0.526784189175452, -0.8799838523932634, -2.693656859142658, 249119000000, 
-0.5313699221667159, -0.8821981206424517, -2.6895774021571968, 249153000000, 
-0.535946559222101, -0.8844311556030914, -2.685497844034926, 249187000000, 
-0.540514066009654, -0.8866827286862541, -2.6814185270338826, 249221000000, 
-0.5450723381735092, -0.8889529909275745, -2.6773390847568965, 249255000000, 
-0.5496213159533792, -0.8912418412718626, -2.6732596342133985, 249289000000, 
-0.554160905200785, -0.8935492325193315, -2.669180214559637, 249323000000, 
-0.5586910849621701, -0.895875076215257, -2.6651007859977676, 249357000000, 
-0.5632117315266764, -0.8982194082925256, -2.6610214028135974, 249391000000, 
-0.5677227727859089, -0.9005821922257674, -2.656942025922776, 249425000000, 
-0.572224143486292, -0.9029633676647884, -2.652862599565043, 249459000000, 
-0.5767157657567317, -0.9053628968944186, -2.6487830981107745, 249493000000, 
-0.5811975500587645, -0.9077807255508773, -2.6447035548010427, 249527000000, 
-0.585669475324077, -0.9102167619671727, -2.6406240625629724, 249561000000, 
-0.5901314115518556, -0.9126710377063234, -2.6365448698730014, 249595000000, 
-0.5945832778269615, -0.9151435093965921, -2.632465367545623, 249629000000, 
-0.5990250114896626, -0.9176341228264564, -2.628385924070084, 249663000000, 
-0.6034565366612062, -0.9201427579020665, -2.624306488995409, 249697000000, 
-0.6078777882630593, -0.9226695039412792, -2.6202269485868817, 249731000000, 
-0.6122887004879368, -0.9252142700723444, -2.6161475597902775, 249765000000, 
-0.6166891851080872, -0.9277770061816644, -2.612068158020031, 249799000000, 
-0.6210792203120166, -0.9303576212041929, -2.607988675952969, 249833000000, 
-0.6254586828250034, -0.9329561478546367, -2.6039092857687858, 249867000000, 
-0.6298275023821343, -0.9355725478967921, -2.599829933041396, 249901000000, 
-0.6341856166931594, -0.9382067599164507, -2.595750502200233, 249935000000, 
-0.6385329500310231, -0.9408587445554404, -2.5916709908826427, 249969000000, 
-0.6428694329461115, -0.9435283833368501, -2.587591722189351, 250003000000, 
-0.6471949394408795, -0.9462157790929602, -2.5835121521188347, 250037000000, 
-0.6515094822997033, -0.9489207005168698, -2.579432613558381, 250071000000, 
-0.6558129240216967, -0.9516432463107904, -2.5753530799838695, 250105000000, 
-0.6601052350948566, -0.9543833103604543, -2.571273613804721, 250139000000, 
-0.6643863268476478, -0.9571408868837674, -2.567194197059622, 250173000000, 
-0.6686561388813588, -0.959915910691191, -2.5631148070174508, 250207000000, 
-0.6729145970098974, -0.9627083374208804, -2.5590353450695518, 250241000000, 
-0.6771616209644633, -0.9655181085729088, -2.554955844638087, 250275000000, 
-0.681397190764136, -0.9683451265016213, -2.550876429122826, 250309000000, 
-0.6856211841386424, -0.9711894161699879, -2.5467971170504153, 250343000000, 
-0.6898335333406895, -0.9740509345700766, -2.5427177843066175, 250377000000, 
-0.6940341800061018, -0.976929616669016, -2.5386384094004044, 250411000000, 
-0.6982230509601564, -0.9798254192058451, -2.534558992200103, 250445000000, 
-0.7024000678134561, -0.9827382847975985, -2.5304795229762767, 250479000000, 
-0.7065651908284711, -0.9856681014771922, -2.526400474294659, 250513000000, 
-0.7107182999373693, -0.988614893963954, -2.5223208876830188, 250547000000, 
-0.7148593041511564, -0.9915786755909841, -2.5182412053526164, 250581000000, 
-0.7189882282049028, -0.9945592191303385, -2.5141618995769437, 250615000000, 
-0.7231049050541912, -0.9975566842820995, -2.510082303632426, 250649000000, 
-0.727209349805853, -1.0005708622977476, -2.5060026089039904, 250683000000, 
-0.7313014856001588, -1.0036017435778997, -2.501923179369946, 250717000000, 
-0.7353811958939778, -1.0066493514305332, -2.497843847050099, 250751000000, 
-0.7394484549837221, -1.009713556566575, -2.4937642682837406, 250785000000, 
-0.7435031573948023, -1.0127943833304267, -2.4896846159528585, 250819000000, 
-0.7475452838682339, -1.0158916904621689, -2.485605303921542, 250853000000, 
-0.7515747498485028, -1.0190054290797077, -2.4815259456808207, 250887000000, 
-0.7555914802916067, -1.022135602212416, -2.47744641361835, 250921000000, 
-0.7595953716934175, -1.0252821971960868, -2.473366941674695, 250955000000, 
-0.7635864511024776, -1.0284450133874998, -2.4692877262755637, 250989000000, 
-0.7675645832870939, -1.0316240901894962, -2.4652083795133812, 251023000000, 
-0.7715297062772338, -1.034819401741596, -2.4611288884830795, 251057000000, 
-0.7754817797938781, -1.0380308333469528, -2.4570495299325934, 251091000000, 
-0.7794207126426307, -1.0412583815343686, -2.452970198107672, 251125000000, 
-0.7833464122453093, -1.0445020185067997, -2.448890866794347, 251159000000, 
-0.7872589049876367, -1.0477615216234677, -2.4448116247957667, 251193000000, 
-0.7911580322261542, -1.051036990424387, -2.440731896988952, 251227000000, 
-0.7950437177710898, -1.0543283828444296, -2.43665247369555, 251261000000, 
-0.7989159551016041, -1.0576355885738464, -2.4325728195210394, 251295000000, 
-0.8027747112029073, -1.0609585194535556, -2.428493365661627, 251329000000, 
-0.8066198652027251, -1.0642971881763175, -2.424413952549706, 251363000000, 
-0.8104513548252681, -1.0676515431860152, -2.4203344299461795, 251397000000, 
-0.814269130614824, -1.0710215114968196, -2.416254903722068, 251431000000, 
-0.8180731265942874, -1.074407039358047, -2.412175384348523, 251465000000, 
-0.821863277171761, -1.0778080618424728, -2.4080958170042424, 251499000000, 
-0.8256395726012873, -1.0812244460694238, -2.404016523608388, 251533000000, 
-0.8294018183924196, -1.0846562996390166, -2.3999370705108354, 251567000000, 
-0.8331500792146014, -1.0881033733712255, -2.3958576857044505, 251601000000, 
-0.8368842024754524, -1.0915657773883227, -2.3917779698223, 251635000000, 
-0.8406042072794376, -1.0950433430994064, -2.3876986157346214, 251669000000, 
-0.8443100192238503, -1.0985360323322755, -2.3836193761181153, 251703000000, 
-0.8480015240603395, -1.102043850784502, -2.379539976576804, 251737000000, 
-0.8516786937824258, -1.105566704210118, -2.3754605582983235, 251771000000, 
-0.8553414660731853, -1.1091045360446024, -2.37138119100759, 251805000000, 
-0.8589897539687208, -1.1126573109489248, -2.3673017359252673, 251839000000, 
-0.8626235755025455, -1.116224834214797, -2.3632226080465037, 251873000000, 
-0.8662427544235151, -1.119807226717254, -2.3591427737090123, 251907000000, 
-0.8698473053113455, -1.1234043004495609, -2.3550634291133923, 251941000000, 
-0.8734371330807732, -1.1270160938750975, -2.350983880525965, 251975000000, 
-0.8770121938357335, -1.1306425100001836, -2.3469044036514206, 252009000000, 
-0.8805724758431499, -1.134283436176888, -2.342824907746872, 252043000000, 
-0.8841178591513293, -1.1379388773637311, -2.338745437070721, 252077000000, 
-0.8876482866210137, -1.1416087764018792, -2.3346659931635476, 252111000000, 
-0.8911637151306712, -1.1452930557614946, -2.330586528925208, 252145000000, 
-0.8946640649186142, -1.1489916756907643, -2.3265070395902065, 252179000000, 
-0.8981493481591784, -1.1527044485160223, -2.3224278463604437, 252213000000, 
-0.9016193860397934, -1.1564314933868531, -2.3183480176874247, 252247000000, 
-0.9050742439760568, -1.1601725705808943, -2.314268654227718, 252281000000, 
-0.9085137812075503, -1.1639277655608506, -2.3101891632487286, 252315000000, 
-0.9119379635237781, -1.1676969786454376, -2.306109753147964, 252349000000, 
-0.9153467778357856, -1.1714800967788888, -2.3020302649346363, 252383000000, 
-0.9187401543392052, -1.1752770689202143, -2.2979507944428934, 252417000000, 
-0.9221179808675541, -1.1790878925309942, -2.293871416254979, 252451000000, 
-0.9254802373310406, -1.1829124701961966, -2.2897920059100163, 252485000000, 
-0.9288268399851575, -1.1867507612664092, -2.285712535694598, 252519000000, 
-0.9321578116752233, -1.1906025807889604, -2.281633244833195, 252553000000, 
-0.9354729546538785, -1.1944680548938218, -2.277553538088275, 252587000000, 
-0.938772385768998, -1.198346905282825, -2.273474197545858, 252621000000, 
-0.9420559161244959, -1.2022392503056138, -2.269394664769805, 252655000000, 
-0.9453235377077144, -1.2061449710218997, -2.2653152434262664, 252689000000, 
-0.9485751994478576, -1.2100639983740085, -2.2612357925646487, 252723000000, 
-0.9518108939167789, -1.2139962147316294, -2.2571562957748816, 252757000000, 
-0.955030503503031, -1.2179416168049524, -2.253076902299987, 252791000000, 
-0.9582339683183171, -1.2219001402104122, -2.2489976880717117, 252825000000, 
-0.961421247161347, -1.2258717128227679, -2.244918099132886, 252859000000, 
-0.9645923186065045, -1.2298561974373243, -2.240838693663803, 252893000000, 
-0.9677471118389526, -1.2338535858770918, -2.2367591533805427, 252927000000, 
-0.9708855458061568, -1.2378638320778539, -2.23267965613762, 252961000000, 
-0.9740075995905224, -1.2418868533172278, -2.228600222678167, 252995000000, 
-0.9771132183997219, -1.2459225852742588, -2.2245207823196256, 253029000000, 
-0.9802023396063078, -1.2499709714553153, -2.2204412093931123, 253063000000, 
-0.9832749588876446, -1.2540318992740616, -2.2163616043617713, 253097000000, 
-0.986331008476143, -1.2581053086620813, -2.2122821160689807, 253131000000, 
-0.9893703780749905, -1.2621911887150323, -2.2082026777974852, 253165000000, 
-0.9923930132448798, -1.266289467676273, -2.2041232758182936, 253199000000, 
-0.9953989781115711, -1.270399949740211, -2.200043911001144, 253233000000, 
-0.9983880954951887, -1.2745227014998695, -2.1959641491812536, 253267000000, 
-1.0013603854001616, -1.2786575945328102, -2.1918845541958794, 253301000000, 
-1.0043157676902303, -1.2828045999849764, -2.1878053216520543, 253335000000, 
-1.0072542096888797, -1.286963635280456, -2.1837260071403164, 253369000000, 
-1.0101756585026131, -1.2911346344885266, -2.179646490172541, 253403000000, 
-1.0130800712726131, -1.2953175284607337, -2.175567028416532, 253437000000, 
-1.0159674468865603, -1.2995121941076435, -2.1714876868256208, 253471000000, 
-1.0188376623110462, -1.303718613106147, -2.167408569395566, 253505000000, 
-1.021690673552182, -1.3079367228554721, -2.1633290919818466, 253539000000, 
-1.0245264504626046, -1.3121664034312117, -2.1592496818170646, 253573000000, 
-1.0273449305654085, -1.316407648803622, -2.1551700157144875, 253607000000, 
-1.0301461418148388, -1.320660307421791, -2.151090540496539, 253641000000, 
-1.0329299430702439, -1.3249243934628323, -2.1470111777478866, 253675000000, 
-1.0356963285020917, -1.3291998071545374, -2.142931675230519, 253709000000, 
-1.0384452493866987, -1.3334864787628256, -2.138852071636875, 253743000000, 
-1.0411766492563856, -1.3377843481556402, -2.134772458933361, 253777000000, 
-1.0438905334342081, -1.3420933026831658, -2.1306928372816474, 253811000000, 
-1.0465868280183532, -1.3464132655956884, -2.12661350477509, 253845000000, 
-1.049265410111991, -1.3507442402129382, -2.1225338953406117, 253879000000, 
-1.0519263409286645, -1.3550860401600637, -2.1184543756803436, 253913000000, 
-1.0545694735093794, -1.3594387229608669, -2.114374662137361, 253947000000, 
-1.0571949028282523, -1.3638020949839393, -2.11029515821631, 253981000000, 
-1.0598024924192988, -1.3681761572138813, -2.10621585993287, 254015000000, 
-1.06239220003426, -1.372560840398162, -2.102136505271257, 254049000000, 
-1.0649640012942565, -1.3769560596380683, -2.0980571101307395, 254083000000, 
-1.0675178505829999, -1.3813617448682423, -2.093977744170768, 254117000000, 
-1.0700537136810548, -1.3857778259331792, -2.089898356372182, 254151000000, 
-1.0725715858471785, -1.3902041471969804, -2.085819261054374, 254185000000, 
-1.0750713433051302, -1.394640738138005, -2.0817397206684567, 254219000000, 
-1.0775529719053505, -1.3990874665524207, -2.0776604458304866, 254253000000, 
-1.0800164165539041, -1.4035443160662844, -2.0735808659585637, 254287000000, 
-1.082461709766966, -1.408011155743201, -2.069501323373159, 254321000000, 
-1.0848887830409, -1.4124879147028637, -2.065421905926063, 254355000000, 
-1.0872975306550938, -1.416974569070843, -2.0613424282001636, 254389000000, 
-1.0896879542708533, -1.4214710192505051, -2.0572628470177277, 254423000000, 
-1.0920600111444447, -1.4259771913371349, -2.0531832539387174, 254457000000, 
-1.0944136514240026, -1.430493021738922, -2.0491036210723372, 254491000000, 
-1.0967489124069685, -1.4350183585183331, -2.045024266011965, 254525000000, 
-1.0990656088764255, -1.4395532265389732, -2.040944537256894, 254559000000, 
-1.1013638161621266, -1.4440974494225578, -2.0368649506561076, 254593000000, 
-1.1036434365357437, -1.4486510476252574, -2.0327852619468514, 254627000000, 
-1.1059044663654303, -1.4532139255507834, -2.028705877640067, 254661000000, 
-1.1081469168249583, -1.4577859506684645, -2.0246264422891147, 254695000000, 
-1.1103706796680453, -1.4623670997894556, -2.0205469932790905, 254729000000, 
-1.11257571919109, -1.466957301006524, -2.0164676704789604, 254763000000, 
-1.114762019126578, -1.47155646709684, -2.012388377611754, 254797000000, 
-1.1169295419294256, -1.4761645289698062, -2.0083090049028174, 254831000000, 
-1.1190782828754942, -1.480781336766412, -2.0042298543423676, 254865000000, 
-1.1212081104264615, -1.4854069308452884, -2.000150214569151, 254899000000, 
-1.1233191271857912, -1.4900410951787666, -1.9960710143564708, 254933000000, 
-1.1254111769632307, -1.494683876775083, -1.9919914899135924, 254967000000, 
-1.1274842592357066, -1.4993351745573904, -1.9879120364517127, 255001000000, 
-1.1295383957057197, -1.5039948777414465, -1.9838325420366385, 255035000000, 
-1.131573526342965, -1.5086629023639766, -1.9797529972592802, 255069000000, 
-1.1335895486563203, -1.5133392179483778, -1.9756734911771074, 255103000000, 
-1.1355864729590437, -1.5180237251941098, -1.9715939701367844, 255137000000, 
-1.1375642375343464, -1.5227163667972108, -1.9675143946287015, 255171000000, 
-1.1395228945053582, -1.5274169550645051, -1.963435028179106, 255205000000, 
-1.141462330420354, -1.5321255351459968, -1.9593550971431137, 255239000000, 
-1.1433825293004423, -1.536841959561975, -1.9552756226807317, 255273000000, 
-1.145283456277958, -1.5415661991114702, -1.951196127001986, 255307000000, 
-1.1471650891025966, -1.5462981642270346, -1.9471166589927595, 255341000000, 
-1.1490274096273423, -1.5510377867514151, -1.9430371038756744, 255375000000, 
-1.1508704354984884, -1.5557849308904004, -1.9389576149071388, 255409000000, 
-1.1526940641187493, -1.560539566642716, -1.9348782848246449, 255443000000, 
-1.1544982659218066, -1.565301618605176, -1.9307989564831158, 255477000000, 
-1.1562829836415944, -1.5700710258656791, -1.9267196189341733, 255511000000, 
-1.1580483377582287, -1.5748475801489827, -1.9226404413911247, 255545000000, 
-1.1597941265673277, -1.5796313578270527, -1.9185607014918766, 255579000000, 
-1.1615204363128264, -1.5844221662354168, -1.9144813737234574, 255613000000, 
-1.1632271551831463, -1.5892200081370387, -1.9104020225769944, 255647000000, 
-1.1649142873287024, -1.594024779707608, -1.9063226423266044, 255681000000, 
-1.1665817926415927, -1.5988364133703024, -1.9022431034700291, 255715000000, 
-1.1682297004941262, -1.6036548027167266, -1.8981635218005395, 255749000000, 
-1.1698579558970599, -1.6084798543503798, -1.8940840437784436, 255783000000, 
-1.1714664539114317, -1.6133115215229747, -1.8900047723651858, 255817000000, 
-1.1730551889617835, -1.6181497416428328, -1.8859250778341863, 255851000000, 
-1.1746242453489613, -1.6229943262946085, -1.8818455663279365, 255885000000, 
-1.1761734768144971, -1.6278453041131848, -1.8777659346785684, 255919000000, 
-1.1777029155323726, -1.632702545138236, -1.8736863536765722, 255953000000, 
-1.1792125021611373, -1.6375659986848599, -1.8696069061573224, 255987000000, 
-1.180702232650495, -1.6424355765590999, -1.865527485553875, 256021000000, 
-1.1821720803791789, -1.647311200536398, -1.8614479547225802, 256055000000, 
-1.1836220356728797, -1.6521928060233146, -1.8573683972034403, 256089000000, 
-1.1850521234380282, -1.6570802510875642, -1.8532889452401144, 256123000000, 
-1.1864622392989348, -1.6619734885974373, -1.849209793550195, 256157000000, 
-1.1878523671051828, -1.666872456058782, -1.8451303083516648, 256191000000, 
-1.1892225067271462, -1.6717770108483323, -1.8410508880880265, 256225000000, 
-1.1905726136756813, -1.6766871550527838, -1.8369712432047167, 256259000000, 
-1.1919027492203835, -1.681602728836718, -1.8328918330479422, 256293000000, 
-1.1932127777753234, -1.686523709476828, -1.82881255091019, 256327000000, 
-1.194502722572509, -1.691449999692897, -1.8247331399653792, 256361000000, 
-1.1957725567780788, -1.6963815173193397, -1.8206536459534748, 256395000000, 
-1.1970222475976828, -1.7013181939615263, -1.8165741470481442, 256429000000, 
-1.1982518340777504, -1.7062599280451907, -1.8124946261886246, 256463000000, 
-1.1994612602725876, -1.7112066024477222, -1.8084153771624598, 256497000000, 
-1.200650416623847, -1.7161582009031735, -1.8043358274043408, 256531000000, 
-1.201819411744381, -1.7211145483258137, -1.8002563401176745, 256565000000, 
-1.2029680987715898, -1.726075677317502, -1.7961766244805653, 256599000000, 
-1.204096619113218, -1.7310414119177802, -1.7920970911732395, 256633000000, 
-1.2052048471696137, -1.736011717457921, -1.7880177362136616, 256667000000, 
-1.2062927650125483, -1.7409865143381742, -1.7839382965349881, 256701000000, 
-1.2073603768723589, -1.7459657137602056, -1.7798587926342853, 256735000000, 
-1.208407663193205, -1.7509492357948282, -1.775779303756264, 256769000000, 
-1.2094346225553985, -1.7559370214869487, -1.771699787822505, 256803000000, 
-1.210441290674129, -1.7609288875547449, -1.7676206173259033, 256837000000, 
-1.2114275384530153, -1.7659248518853279, -1.7635410105287226, 256871000000, 
-1.2123933987928803, -1.7709247521266955, -1.7594615510140323, 256905000000, 
-1.2133388322771101, -1.7759285914225469, -1.7553819558480201, 256939000000, 
-1.2142639089134115, -1.7809362508918638, -1.7513024921487064, 256973000000, 
-1.215168576852067, -1.7859476188184156, -1.7472231134884986, 257007000000, 
-1.2160527464400104, -1.790962651673166, -1.7431437073188696, 257041000000, 
-1.2169164487429844, -1.7959812552901357, -1.739064274894344, 257075000000, 
-1.2177596649281126, -1.8010033454540917, -1.7349848381842727, 257109000000, 
-1.2185823578594843, -1.80602887790283, -1.7309053459806953, 257143000000, 
-1.219384639481982, -1.8110576458516499, -1.7268260703102767, 257177000000, 
-1.2201663014152038, -1.8160896832864029, -1.7227464399633818, 257211000000, 
-1.220927470588678, -1.821124810726768, -1.7186670955051886, 257245000000, 
-1.2216680384496303, -1.8261630339049013, -1.714587479129946, 257279000000, 
-1.222388056144458, -1.8312042738416614, -1.7105079287274219, 257313000000, 
-1.2230875553729559, -1.8362483703931238, -1.7064285053658643, 257347000000, 
-1.2237664479823425, -1.8412952844559973, -1.702349090269043, 257381000000, 
-1.2244247221256717, -1.8463449352909138, -1.6982696392110876, 257415000000, 
-1.225062389409492, -1.851397234133389, -1.6941901975274527, 257449000000, 
-1.2256794430974836, -1.8564521234467213, -1.6901107289468098, 257483000000, 
-1.226275914009829, -1.8615094204401488, -1.6860314543935129, 257517000000, 
-1.2268516788163086, -1.8665691625759198, -1.6819516841072255, 257551000000, 
-1.2274068914294343, -1.8716311378967128, -1.6778723997509088, 257585000000, 
-1.2279413964348072, -1.8766953655355305, -1.6737928270161824, 257619000000, 
-1.228455228278368, -1.8817617548023322, -1.6697133494310157, 257653000000, 
-1.228948442708941, -1.886830216868184, -1.665633889956633, 257687000000, 
-1.2294210007165938, -1.8919006191082375, -1.6615544296210605, 257721000000, 
-1.2298728193130066, -1.8969729181110246, -1.6574750298242227, 257755000000, 
-1.2303039386386638, -1.902047023384432, -1.6533956331337634, 257789000000, 
-1.2307143303094727, -1.907122843679894, -1.6493162427613548, 257823000000, 
-1.2311040900945072, -1.912200313989054, -1.6452368013352734, 257857000000, 
-1.231473020449497, -1.9172792958955414, -1.6411572906254062, 257891000000, 
-1.231821339053289, -1.9223597368635283, -1.637077895110405, 257925000000, 
-1.232148852378694, -1.9274415538990013, -1.6329983336476266, 257959000000, 
-1.2324556253469405, -1.9325246740562954, -1.6289188400000183, 257993000000, 
-1.2327416661206643, -1.9376090432532886, -1.6248393845759115, 258027000000, 
-1.2330070186598778, -1.9426945035703618, -1.6207598896093738, 258061000000, 
-1.2332516004233425, -1.9477810080484124, -1.6166804612765755, 258095000000, 
-1.2334754062371516, -1.952868475432819, -1.6126010786062088, 258129000000, 
-1.2336784382542552, -1.9579568256929416, -1.6085217192917964, 258163000000, 
-1.233860764964969, -1.9630459087794054, -1.6044423409952207, 258197000000, 
-1.2340222878477425, -1.9681357405473776, -1.6003626274258165, 258231000000, 
-1.2341631021643034, -1.9732261400518862, -1.5962832675493752, 258265000000, 
-1.234283107357339, -1.9783170888410238, -1.5922038167886565, 258299000000, 
-1.2343823399128286, -1.9834084891524053, -1.58812442444148, 258333000000, 
-1.234460788623078, -1.9885002813706056, -1.5840449339995222, 258367000000, 
-1.2345185167561643, -1.9935923515843312, -1.5799653830597407, 258401000000, 
-1.2345554933667038, -1.9986846007162893, -1.5758859531376677, 258435000000, 
-1.2345716435052143, -2.003776965352137, -1.5718065914233934, 258469000000, 
-1.2345670067563304, -2.008869350384492, -1.5677272799095987, 258503000000, 
-1.234541642690006, -2.0139616812129013, -1.563647910906883, 258537000000, 
-1.2344954175936957, -2.019053852781337, -1.5595682106147297, 258571000000, 
-1.2344285337300496, -2.024145763543411, -1.5554885900480628, 258605000000, 
-1.2343408116320267, -2.029237375099632, -1.551409227133601, 258639000000, 
-1.234232315344426, -2.034328592932594, -1.5473299323372787, 258673000000, 
-1.234103042933776, -2.0394193357935784, -1.5432503870875431, 258707000000, 
-1.233953012275831, -2.044509531411398, -1.5391708007563372, 258741000000, 
-1.2337822745656841, -2.049599057554099, -1.5350913812274265, 258775000000, 
-1.2335907498641756, -2.054687835266365, -1.5310122360713965, 258809000000, 
-1.2333783873384252, -2.059775806049226, -1.5269326724849706, 258843000000, 
-1.2331454063839888, -2.064862830476444, -1.522853220724242, 258877000000, 
-1.2328915808740384, -2.069948875464421, -1.5187737316542522, 258911000000, 
-1.2326170812447284, -2.0750338335671956, -1.5146942118729774, 258945000000, 
-1.2323217880032313, -2.080117635192756, -1.510614873996419, 258979000000, 
-1.2320057537438402, -2.085200197050208, -1.506535544188759, 259013000000, 
-1.2316689806445449, -2.090281434357344, -1.5024560789356505, 259047000000, 
-1.2313114652108452, -2.095361268503156, -1.4983765555912765, 259081000000, 
-1.230933279901251, -2.1004396036050337, -1.4942970610024038, 259115000000, 
-1.2305343989329405, -2.1055163428806187, -1.4902178643010222, 259149000000, 
-1.2301147020820218, -2.1105914123534926, -1.486138355101642, 259183000000, 
-1.2296744429729556, -2.1156647138530205, -1.482058781008806, 259217000000, 
-1.22921337262571, -2.120736169667814, -1.4779792826180274, 259251000000, 
-1.2287317128115725, -2.1258057082848087, -1.4738996729830365, 259285000000, 
-1.2282293557714827, -2.1308732421913965, -1.4698202877905004, 259319000000, 
-1.2277063068926646, -2.1359386908789775, -1.465740940799219, 259353000000, 
-1.2271625959527575, -2.141001971695422, -1.4616614745884626, 259387000000, 
-1.226598227535596, -2.1460629956527444, -1.4575819720934524, 259421000000, 
-1.2260132268208201, -2.1511216768658525, -1.4535024876410638, 259455000000, 
-1.2254076488857284, -2.156177917286829, -1.4494234527290055, 259489000000, 
-1.2247814217426918, -2.1612316334538906, -1.44534364751352, 259523000000, 
-1.2241345645278594, -2.166282747448664, -1.4412643044779225, 259557000000, 
-1.2234670869385265, -2.1713311777078723, -1.4371847992624809, 259591000000, 
-1.2227790690883376, -2.1763768535371857, -1.4331053997170673, 259625000000, 
-1.222070492452415, -2.1814196898548794, -1.4290260119274794, 259659000000, 
-1.2213412929695349, -2.186459595315556, -1.4249466244978868, 259693000000, 
-1.2205915314328637, -2.191496492564746, -1.420867235691659, 259727000000, 
-1.2198212184270438, -2.1965302980534176, -1.4167878087436425, 259761000000, 
-1.2190303468899253, -2.201560901730768, -1.4127083068766817, 259795000000, 
-1.2182190694519115, -2.2065882489724036, -1.408629037807555, 259829000000, 
-1.2173871959502789, -2.211612220681217, -1.4045494089133985, 259863000000, 
-1.2165348904663926, -2.21663276250277, -1.400470055256641, 259897000000, 
-1.215662061431234, -2.221649786450422, -1.3963904337854667, 259931000000, 
-1.2147687898099533, -2.2266631871087474, -1.392310887116582, 259965000000, 
-1.213855134372542, -2.2316729323349827, -1.3882314777414884, 259999000000, 
-1.2129210314147418, -2.2366789091689334, -1.384152082826057, 260033000000, 
-1.211966492802331, -2.2416810382223455, -1.380072660103917, 260067000000, 
-1.2109915444481105, -2.2466792405617064, -1.3759933479430964, 260101000000, 
-1.2099962814304992, -2.2516733915229086, -1.3719138803731816, 260135000000, 
-1.2089805734305765, -2.256663455324889, -1.3678344690230027, 260169000000, 
-1.2079446098353395, -2.261649297975598, -1.3637550499219229, 260203000000, 
-1.206888255076633, -2.266630894357805, -1.3596755655001338, 260237000000, 
-1.2058115807258716, -2.2716081491214646, -1.3555961583490879, 260271000000, 
-1.2047145915535602, -2.2765809577365603, -1.3515167420345853, 260305000000, 
-1.203597370484082, -2.281549255532903, -1.347437228265738, 260339000000, 
-1.2024599067035109, -2.2865129766777024, -1.3433577850247038, 260373000000, 
-1.2013021449721932, -2.2914720145801675, -1.33927843361833, 260407000000, 
-1.2001241535144156, -2.2964262971164087, -1.3351990249212897, 260441000000, 
-1.1989259264108332, -2.3013757104317385, -1.3311195607364357, 260475000000, 
-1.1977075982437482, -2.3063202156541776, -1.327040336486556, 260509000000, 
-1.1964690834505285, -2.3112596654062716, -1.3229605189420361, 260543000000, 
-1.1952104300078097, -2.316194037908399, -1.3188811280576322, 260577000000, 
-1.193931639611289, -2.32112324101475, -1.3148017065678776, 260611000000, 
-1.1926327473915501, -2.326047191468679, -1.3107223052690145, 260645000000, 
-1.1913137914071048, -2.33096577336953, -1.3066427915586523, 260679000000, 
-1.189974842452218, -2.335878975285051, -1.3025633228191056, 260713000000, 
-1.188615844376925, -2.3407866726105633, -1.2984839993028952, 260747000000, 
-1.1872368106002291, -2.3456887857530786, -1.2944048137047026, 260781000000, 
-1.1858378347657685, -2.3505852046724716, -1.2903254416845744, 260815000000, 
-1.184418843339556, -2.355475890315963, -1.2862459135945246, 260849000000, 
-1.1829799867337862, -2.3603607078632662, -1.2821663149060019, 260883000000, 
-1.1815211680487394, -2.36523963654259, -1.2780869417207603, 260917000000, 
-1.1800424500315359, -2.370112581842013, -1.2740076107478724, 260951000000, 
-1.1785438534499684, -2.374979463279757, -1.2699281510221259, 260985000000, 
-1.1770253929043406, -2.379840184625821, -1.2658485992987016, 261019000000, 
-1.1754871582438189, -2.3846946600215255, -1.2617690912999198, 261053000000, 
-1.1739291483452912, -2.389542855888379, -1.2576896918133083, 261087000000, 
-1.1723513135075445, -2.3943846485457505, -1.2536104418014196, 261121000000, 
-1.1707537684252738, -2.39921994404624, -1.2495308507432292, 261155000000, 
-1.1691364657361, -2.40404868560596, -1.2454513609809088, 261189000000, 
-1.1674995126262515, -2.408870756769696, -1.2413717250478953, 261223000000, 
-1.1658429149032479, -2.413686137545563, -1.2372923516002106, 261257000000, 
-1.1641666638179478, -2.418494720501124, -1.2332130500158398, 261291000000, 
-1.1624708095352032, -2.423296432310466, -1.2291336539173838, 261325000000, 
-1.1607553772835357, -2.428091190063742, -1.225054216578644, 261359000000, 
-1.1590204108543236, -2.4328788833838355, -1.2209747992919882, 261393000000, 
-1.1572659882576124, -2.4376595029409676, -1.2168954242996297, 261427000000, 
-1.155492060060619, -2.4424329171393833, -1.2128163162495917, 261461000000, 
-1.1536986581593114, -2.4471990291301333, -1.2087368874817626, 261495000000, 
-1.1518858469899307, -2.4519577895393607, -1.2046575032051599, 261529000000, 
-1.150053613190298, -2.4567090824662348, -1.200577856794889, 261563000000, 
-1.1482020762146927, -2.4614528979437758, -1.1964984291314633, 261597000000, 
-1.1463311477290958, -2.4661891097652666, -1.1924191214756492, 261631000000, 
-1.1444409037894865, -2.470917656993538, -1.1883396675617455, 261665000000, 
-1.1425313721189065, -2.475638461150722, -1.1842601180003556, 261699000000, 
-1.1406025752346642, -2.4803514290275057, -1.180180563788647, 261733000000, 
-1.1386546093372545, -2.4850564954045, -1.1761009932745312, 261767000000, 
-1.136687470599101, -2.4897535929491936, -1.17202177818282, 261801000000, 
-1.1347011366529454, -2.4944425890170954, -1.167942035816934, 261835000000, 
-1.1326957452615083, -2.499123460670888, -1.1638626573732158, 261869000000, 
-1.1306711972927654, -2.503796074006752, -1.1597830322767428, 261903000000, 
-1.1286276913163256, -2.5084604323283837, -1.1557035025488958, 261937000000, 
-1.1265651540241952, -2.5131164099613077, -1.151624240177703, 261971000000, 
-1.1244836181054834, -2.5177639325267065, -1.1475449693134112, 262005000000, 
-1.1223831388602081, -2.522402931103078, -1.1434656046310447, 262039000000, 
-1.120263747887107, -2.527033325701989, -1.1393862423829402, 262073000000, 
-1.118125494316179, -2.531655019840567, -1.135306877704194, 262107000000, 
-1.1159684768311045, -2.5362679788845504, -1.131227801088542, 262141000000, 
-1.113792620159985, -2.5408720696953457, -1.1271482609282253, 262175000000, 
-1.111598003938142, -2.545467248367149, -1.1230689936301799, 262209000000, 
-1.1093846277340138, -2.550053414629884, -1.1189894370634477, 262243000000, 
-1.1071526121665323, -2.5546305283377495, -1.1149099242049205, 262277000000, 
-1.1049019615909366, -2.5591985228673155, -1.1108305431414887, 262311000000, 
-1.10263264082999, -2.563757282025322, -1.1067511132463725, 262345000000, 
-1.1003447311701409, -2.568306751722342, -1.102671583297085, 262379000000, 
-1.0980382682447187, -2.5728468564436864, -1.0985920373396312, 262413000000, 
-1.0957132693499156, -2.5773774891816514, -1.0945124544212852, 262447000000, 
-1.0933699145635565, -2.5818986438237097, -1.0904330799420923, 262481000000, 
-1.0910080444208088, -2.586410152639322, -1.0863533612236376, 262515000000, 
-1.088627845402682, -2.5909120083170722, -1.0822739695565438, 262549000000, 
-1.0862292487457215, -2.595404098402374, -1.0781943543665267, 262583000000, 
-1.0838123549205603, -2.5998863575098814, -1.0741148481198723, 262617000000, 
-1.0813772499877552, -2.6043587621226925, -1.0700355118613416, 262651000000, 
-1.0789239010915708, -2.608821188348071, -1.065956223163191, 262685000000, 
-1.0764523457152502, -2.613273564650208, -1.0618769218598938, 262719000000, 
-1.0739626446201052, -2.6177158272888206, -1.0577976386481764, 262753000000, 
-1.0714548424625083, -2.622147884718825, -1.053718333139833, 262787000000, 
-1.0689290212800022, -2.6265696844498536, -1.0496392347122623, 262821000000, 
-1.0663852127004323, -2.6309811272386545, -1.0455595773605617, 262855000000, 
-1.0638233809808648, -2.6353821384882967, -1.0414802679127144, 262889000000, 
-1.0612436172809712, -2.639772674696605, -1.0374008779442592, 262923000000, 
-1.0586459463426132, -2.644152642721185, -1.0333214569026214, 262957000000, 
-1.0560304705897774, -2.648521995016649, -1.0292419070095182, 262991000000, 
-1.0533972099945244, -2.6528806636269717, -1.0251623985934923, 263025000000, 
-1.0507461385569785, -2.657228533475776, -1.0210829647100488, 263059000000, 
-1.0480773431138475, -2.661565557677439, -1.0170034592162371, 263093000000, 
-1.0453908524410653, -2.665891658959611, -1.0129239389871254, 263127000000, 
-1.0426868111684253, -2.670206760426888, -1.0088446094408623, 263161000000, 
-1.039965142947107, -2.674510773886945, -1.0047647871940346, 263195000000, 
-1.037225960961063, -2.678803649008653, -1.0006851676332331, 263229000000, 
-1.0344692647032956, -2.683085315117072, -0.9966057281058399, 263263000000, 
-1.031695114600656, -2.6873557026594845, -0.9925264247140664, 263297000000, 
-1.02890356859453, -2.6916147304473457, -0.9884469134650875, 263331000000, 
-1.0260947229404858, -2.695862378153744, -0.9843674491208244, 263365000000, 
-1.0232685526687475, -2.7000985234502317, -0.9802882172406416, 263399000000, 
-1.0204251015039816, -2.7043230981426674, -0.9762089701488281, 263433000000, 
-1.0175644264337635, -2.708536017627255, -0.9721296817467703, 263467000000, 
-1.0146866472202383, -2.7127372453131176, -0.9680503778075946, 263501000000, 
-1.011791761518281, -2.7169266914083705, -0.9639708463425464, 263535000000, 
-1.008879777970272, -2.7211042783770765, -0.9598914605385584, 263569000000, 
-1.0059507721224241, -2.72526995731764, -0.9558121383417277, 263603000000, 
-1.003004788520199, -2.7294236569780677, -0.9517327273341537, 263637000000, 
-1.0000418659151404, -2.7335652957933236, -0.9476531804043481, 263671000000, 
-0.9970621108933319, -2.7376948366122256, -0.9435736252101798, 263705000000, 
-0.9940655534068973, -2.7418122096348845, -0.9394941596879979, 263739000000, 
-0.9910521762733364, -2.7459172998711066, -0.9354147132036098, 263773000000, 
-0.9880220408111144, -2.750010029213048, -0.9313352941935197, 263807000000, 
-0.9849753325685051, -2.754090411752256, -0.9272558344793824, 263841000000, 
-0.9819119161236795, -2.7581582716867823, -0.9231761018789497, 263875000000, 
-0.9788320293999018, -2.7622136522035046, -0.9190966398510614, 263909000000, 
-0.9757355635826528, -2.7662564057634387, -0.9150171929646838, 263943000000, 
-0.9726226241373858, -2.770286498340135, -0.910937840876052, 263977000000, 
-0.969493259894839, -2.7743038599842356, -0.9068583992560338, 264011000000, 
-0.9663475317973896, -2.778308418444945, -0.902778891524493, 264045000000, 
-0.9631855426141805, -2.782300156063148, -0.8986994802476483, 264079000000, 
-0.960007268086824, -2.786278933143298, -0.8946204277928477, 264113000000, 
-0.95681281684403, -2.7902447084062922, -0.8905409772006753, 264147000000, 
-0.9536021610830381, -2.7941973847877537, -0.8864614254581779, 264181000000, 
-0.9503754456297218, -2.7981369417324182, -0.8823818685504689, 264215000000, 
-0.9471327180663849, -2.8020633370155634, -0.8783025151587023, 264249000000, 
-0.9438739543684322, -2.8059764432331837, -0.8742232064941127, 264283000000, 
-0.9405992474901916, -2.809876226481112, -0.8701437588657188, 264317000000, 
-0.9373086499211152, -2.8137626212798446, -0.8660642715861713, 264351000000, 
-0.9340022069392907, -2.8176355519630913, -0.8619847756623564, 264385000000, 
-0.9306800285542794, -2.8214949910286027, -0.8579052428816665, 264419000000, 
-0.9273421537109621, -2.8253408679921352, -0.8538257706655251, 264453000000, 
-0.9239885364867889, -2.829173020976984, -0.8497465854775618, 264487000000, 
-0.9206194304443833, -2.832991516309313, -0.8456671778158209, 264521000000, 
-0.917234683479182, -2.8367961724506965, -0.8415873470494997, 264555000000, 
-0.9138345173683206, -2.840587049563245, -0.8375078437802177, 264589000000, 
-0.9104188952403307, -2.844364012235268, -0.8334286566978193, 264623000000, 
-0.9069878704274583, -2.848126999051428, -0.8293492675878595, 264657000000, 
-0.9035415156413142, -2.8518759612047644, -0.8252697562226954, 264691000000, 
-0.9000798844476516, -2.855610833503126, -0.8211903187396313, 264725000000, 
-0.8966030416307345, -2.859331552129683, -0.8171108487177353, 264759000000, 
-0.8931111157711271, -2.863038082265926, -0.8130317430418772, 264793000000, 
-0.8896040639445463, -2.8667303085795752, -0.8089518986930545, 264827000000, 
-0.8860819842665, -2.870408178804014, -0.8048725310169265, 264861000000, 
-0.8825449010935605, -2.8740716414783134, -0.8007929715351162, 264895000000, 
-0.8789929346467189, -2.877720674286565, -0.7967135074133478, 264929000000, 
-0.8754261305556925, -2.8813552073440847, -0.7926340736561187, 264963000000, 
-0.8718444857577686, -2.884975127464577, -0.7885546455802067, 264997000000, 
-0.8682480963691555, -2.8885804095434446, -0.7844752146667343, 265031000000, 
-0.8646370211970417, -2.892170993106992, -0.7803957622356876, 265065000000, 
-0.861011310863575, -2.8957468079933726, -0.776316255339347, 265099000000, 
-0.8573711204460038, -2.8993078486596624, -0.7722370596173695, 265133000000, 
-0.85371633910171, -2.902853929435344, -0.7681574789870498, 265167000000, 
-0.8500472473832454, -2.9063851557718103, -0.764078113318437, 265201000000, 
-0.8463636946285972, -2.9099013141409875, -0.7599986456871415, 265235000000, 
-0.8426658363866029, -2.9134024298350685, -0.7559191272406932, 265269000000, 
-0.8389537724052721, -2.9168884800550994, -0.7518397783267452, 265303000000, 
-0.8352274998425132, -2.92035934478503, -0.747760456510672, 265337000000, 
-0.8314870761234718, -2.923814966837846, -0.7436810371058659, 265371000000, 
-0.8277325783537064, -2.927255303653576, -0.7396015883539984, 265405000000, 
-0.8239641086176139, -2.9306803136374415, -0.7355222176964289, 265439000000, 
-0.8201816625334171, -2.9340898611318744, -0.7314427221102521, 265473000000, 
-0.8163854018800947, -2.9374839974253564, -0.7273630927588194, 265507000000, 
-0.8125752844589295, -2.9408625837273976, -0.7232835272498055, 265541000000, 
-0.8087514082727226, -2.9442256003436267, -0.7192040636248173, 265575000000, 
-0.8049138245771504, -2.947572978244011, -0.7151245353730749, 265609000000, 
-0.8010626459302487, -2.95090470659374, -0.7110449308718784, 265643000000, 
-0.7971979261670545, -2.954220717072128, -0.7069654503425808, 265677000000, 
-0.7933196709076553, -2.957520899014262, -0.7028860705021465, 265711000000, 
-0.789427978618867, -2.960805235669332, -0.6988066390685362, 265745000000, 
-0.7855229130885042, -2.9640736718023937, -0.6947271740344915, 265779000000, 
-0.781604584141849, -2.967326175727473, -0.6906479040209562, 265813000000, 
-0.7776729592402956, -2.9705625848828108, -0.686568472303229, 265847000000, 
-0.7737282804682504, -2.973783024128694, -0.6824889729283784, 265881000000, 
-0.7697704334941593, -2.9769872982663084, -0.6784095025003565, 265915000000, 
-0.7657995371322337, -2.980175402153659, -0.6743302851460119, 265949000000, 
-0.7618156606153202, -2.9833472859242507, -0.6702508696978229, 265983000000, 
-0.7578189214612343, -2.986502942187603, -0.6661713475296037, 266017000000, 
-0.7538093242043113, -2.9896422527462256, -0.662091998620544, 266051000000, 
-0.7497869342245461, -2.992765157279032, -0.6580127976446397, 266085000000, 
-0.7457518625815299, -2.995871642784876, -0.6539333278423267, 266119000000, 
-0.7417041331910297, -2.998961592424217, -0.6498536700606413, 266153000000, 
-0.7376438670305457, -3.00203504370538, -0.6457739700703238, 266187000000, 
-0.7335710725943081, -3.0050918733780057, -0.6416944931922667, 266221000000, 
-0.7294858333662673, -3.0081320610163726, -0.6376150485108008, 266255000000, 
-0.725388216511568, -3.0111555548359648, -0.6335354969804621, 266289000000, 
-0.7212782795533917, -3.014162294741641, -0.6294558910290189, 266323000000, 
-0.7171561355573658, -3.0171522806152216, -0.6253763318945368, 266357000000, 
-0.7130218474343889, -3.020125446902763, -0.6212968723569838, 266391000000, 
-0.7088754285247953, -3.0230816854551015, -0.6172174652627332, 266425000000, 
-0.7047169798368262, -3.0260209799505295, -0.6131381657136036, 266459000000, 
-0.7005466061077686, -3.0289433119295768, -0.6090588498125282, 266493000000, 
-0.6963643037087036, -3.031848539832612, -0.6049792037240517, 266527000000, 
-0.6921702790763055, -3.034736762651729, -0.6008998557676606, 266561000000, 
-0.6879644322328866, -3.0376077757872033, -0.5968204228045231, 266595000000, 
-0.6837469454337732, -3.040461671526135, -0.5927409200287853, 266629000000, 
-0.6795178707960295, -3.04329836579431, -0.5886615753814564, 266663000000, 
-0.6752772239119482, -3.046117749329503, -0.5845822784010518, 266697000000, 
-0.6710251039224983, -3.0489198140758274, -0.5805028675231978, 266731000000, 
-0.6667615800861364, -3.0517045094044963, -0.5764233981044209, 266765000000, 
-0.6624867121601193, -3.0544717767967096, -0.5723438930013236, 266799000000, 
-0.6582006125014953, -3.0572216195697237, -0.5682643452322302, 266833000000, 
-0.6539033489761397, -3.059953971603984, -0.564184846826083, 266867000000, 
-0.6495949394771822, -3.062668725046021, -0.5601054006933489, 266901000000, 
-0.6452754862189443, -3.0653658675759425, -0.5560260317817987, 266935000000, 
-0.6409450920903226, -3.068045388395764, -0.5519466065043315, 266969000000, 
-0.6366037642826008, -3.070707143557295, -0.5478668425019066, 267003000000, 
-0.6322517022806855, -3.0733512276804245, -0.5437874274532049, 267037000000, 
-0.6278888270637691, -3.0759774777110453, -0.5397077349665118, 267071000000, 
-0.6235152990013525, -3.0785859566822706, -0.5356282301230313, 267105000000, 
-0.6191311856881097, -3.0811765967759284, -0.5315488653537265, 267139000000, 
-0.6147365080613262, -3.0837492927309835, -0.5274694549114903, 267173000000, 
-0.6103313655108689, -3.08630404515262, -0.5233900158145535, 267207000000, 
-0.6059158304215763, -3.0888408109620866, -0.5193106021496248, 267241000000, 
-0.6014899650352366, -3.09135953886041, -0.5152311342410746, 267275000000, 
-0.5970538808370046, -3.0938602404654527, -0.51115162265213, 267309000000, 
-0.5926076600097833, -3.0963428442899015, -0.5070724326058955, 267343000000, 
-0.5881513034376641, -3.098807227970567, -0.5029929530586295, 267377000000, 
-0.5836849934825409, -3.101253439480413, -0.49891352925965793, 267411000000, 
-0.5792086890442328, -3.103681381160178, -0.49483374374730793, 267445000000, 
-0.5747225631148999, -3.10609110185125, -0.49075435976151954, 267479000000, 
-0.570226629076683, -3.1084824791733263, -0.48667510295079325, 267513000000, 
-0.5657209580329806, -3.1108554710862015, -0.4825956165268912, 267547000000, 
-0.5612056356166275, -3.1132100557554803, -0.47851610816574586, 267581000000, 
-0.5566807342579315, -3.1155461909800444, -0.47443666058920897, 267615000000, 
-0.5521463752538034, -3.1178638897482474, -0.47035739432066365, 267649000000, 
-0.5476025584314318, -3.1201629732721012, -0.46627777532342074, 267683000000, 
-0.543049471216534, -3.122443607147461, -0.4621982542654264, 267717000000, 
-0.5384870806996291, -3.1247055585895547, -0.4581187691765564, 267751000000, 
-0.5339154844725431, -3.12694888329123, -0.4540391716959294, 267785000000, 
-0.5293347899519306, -3.1291735869175095, -0.4499596887004492, 267819000000, 
-0.5247450774687026, -3.1313796110350496, -0.4458802519189293, 267853000000, 
-0.5201463747790134, -3.133566853983528, -0.44180080534566357, 267887000000, 
-0.5155387810081616, -3.1357353245534543, -0.43772134594667916, 267921000000, 
-0.510922372174082, -3.137884985386236, -0.4336418652188295, 267955000000, 
-0.5062971976977828, -3.140015778408539, -0.42956232558061364, 267989000000, 
-0.5016634633105279, -3.142127771378298, -0.42548316455757057, 268023000000, 
-0.49702112201189974, -3.1442208118223323, -0.42140347508212184, 268057000000, 
-0.4923702792585055, -3.146294852663439, -0.41732382185384054, 268091000000, 
-0.48771100266121004, -3.1483499116729456, -0.4132443318047471, 268125000000, 
-0.4830433617645097, -3.1503859516796107, -0.4091649878958581, 268159000000, 
-0.4783674908990938, -3.1524029836352794, -0.4050854954435652, 268193000000, 
-0.47368341711723, -3.1544008991231474, -0.40100605944085116, 268227000000, 
-0.4689912146386882, -3.1563796641657094, -0.39692674066358574, 268261000000, 
-0.4642909771055125, -3.1583392548909672, -0.3928474615223389, 268295000000, 
-0.45958279379350236, -3.160279700133029, -0.38876794339188697, 268329000000, 
-0.4548667370863082, -3.162200838508652, -0.3846885165212157, 268363000000, 
-0.4501429096938169, -3.164102795522669, -0.3806091050761272, 268397000000, 
-0.4454113451277703, -3.1659854154561726, -0.3765295704944031, 268431000000, 
-0.44067213445231446, -3.1678487187545206, -0.37245008570240107, 268465000000, 
-0.4359253425908712, -3.169692663628467, -0.36837062229157636, 268499000000, 
-0.43117107752872674, -3.171517279099051, -0.36429104978565, 268533000000, 
-0.42640942813320876, -3.1733225104706047, -0.3602115159312296, 268567000000, 
-0.42164042860015194, -3.175108260240076, -0.3561320724938093, 268601000000, 
-0.4168641774068592, -3.176874544840107, -0.3520525763500464, 268635000000, 
-0.4120807607635581, -3.1786213409869624, -0.34797308105332264, 268669000000, 
-0.40729029000972616, -3.180348601547268, -0.34389360753816056, 268703000000, 
-0.4024927912989816, -3.1820563205905597, -0.3398138411473352, 268737000000, 
-0.3976883965827674, -3.183744447521256, -0.33573442276698306, 268771000000, 
-0.3928771344826965, -3.1854129472509776, -0.3316548985631826, 268805000000, 
-0.38805909549200823, -3.1870617994118673, -0.3275754845357405, 268839000000, 
-0.38323434652367727, -3.188690988411897, -0.3234960067284377, 268873000000, 
-0.3784030269096588, -3.1903005335148524, -0.3194165374932786, 268907000000, 
-0.37356517021423935, -3.1918903326780206, -0.31533721726536973, 268941000000, 
-0.36872086254070074, -3.1934603210070454, -0.3112580619470589, 268975000000, 
-0.36387021146301823, -3.1950106087427677, -0.3071787542789832, 269009000000, 
-0.35901323974616445, -3.1965409907787143, -0.3030990563979618, 269043000000, 
-0.3541501387049403, -3.1980516764384617, -0.2990196005390357, 269077000000, 
-0.34928087759716825, -3.199542433466582, -0.29494029150570134, 269111000000, 
-0.3444055695373539, -3.201013314721253, -0.29086093142062786, 269145000000, 
-0.3395242956545886, -3.202464293935994, -0.28678141636900634, 269179000000, 
-0.33463712352284186, -3.203895338054929, -0.28270184654127134, 269213000000, 
-0.3297441566443673, -3.205306484815613, -0.2786222815825118, 269247000000, 
-0.3248454944078617, -3.206697684149759, -0.2745427543850484, 269281000000, 
-0.3199411766221882, -3.208068842098941, -0.27046324631649354, 269315000000, 
-0.3150312896878489, -3.2094199383347024, -0.2663837884352796, 269349000000, 
-0.31011600983610815, -3.2107510695054806, -0.26230436168710125, 269383000000, 
-0.3051952933876078, -3.2120621105858653, -0.25822440897112403, 269417000000, 
-0.30026929113665213, -3.2133530751475776, -0.25414487024925553, 269451000000, 
-0.29533804948334463, -3.2146239094127584, -0.2500656016802749, 269485000000, 
-0.29040165844792737, -3.215874613057625, -0.24598613983971, 269519000000, 
-0.2854601971374158, -3.2171051613001045, -0.24190657224847037, 269553000000, 
-0.2805137272970184, -3.218315548199098, -0.2378271211175408, 269587000000, 
-0.27556241602033665, -3.219505818852957, -0.23374798175518754, 269621000000, 
-0.2706062791737281, -3.220675774639382, -0.22966862502594457, 269655000000, 
-0.2656454032857295, -3.221825595383818, -0.22558906425586434, 269689000000, 
-0.26067989133953706, -3.2229550645149345, -0.22150976242123957, 269723000000, 
-0.25570980233983387, -3.224064348486614, -0.2174302202514421, 269757000000, 
-0.2507352509596612, -3.2251533727099133, -0.21335085780143365, 269791000000, 
-0.24575628054061485, -3.226222047415958, -0.20927156450725845, 269825000000, 
-0.24077298653974896, -3.2272704023525662, -0.2051921213118164, 269859000000, 
-0.23578545200751602, -3.228298417124908, -0.20111259972767723, 269893000000, 
-0.2307937452227997, -3.229306065308643, -0.1970330533564766, 269927000000, 
-0.22579796320182258, -3.2302933922383392, -0.19295346136136415, 269961000000, 
-0.22079823220159436, -3.231260346009476, -0.18887413928790878, 269995000000, 
-0.21579456796354776, -3.2322068191701194, -0.18479452107782374, 270029000000, 
-0.2107871591843969, -3.2331329036354486, -0.18071498794141336, 270063000000, 
-0.2057759644922134, -3.234038581742821, -0.1766352114283513, 270097000000, 
-0.2007611488796819, -3.2349237414464325, -0.17255581376388643, 270131000000, 
-0.19574275258858123, -3.2357884413192615, -0.16847623583195706, 270165000000, 
-0.19072084971954975, -3.236632646929953, -0.16439673634143592, 270199000000, 
-0.18569553370568756, -3.2374564098219327, -0.16031724461974095, 270233000000, 
-0.18066692427057177, -3.2382596893735682, -0.15623781083219918, 270267000000, 
-0.17563506479528745, -3.239042401340444, -0.15215847353726106, 270301000000, 
-0.17060004880026997, -3.2398045827861006, -0.14807913576213658, 270335000000, 
-0.1655619609002487, -3.240546219653325, -0.1439997501758263, 270369000000, 
-0.1605208689072465, -3.2412672910076696, -0.13992031802605942, 270403000000, 
-0.15547686222227744, -3.241967848504568, -0.13584087859955027, 270437000000, 
-0.15043006732839084, -3.242647851151017, -0.1317615066207417, 270471000000, 
-0.14538055586390738, -3.243307147458131, -0.12768235353157792, 270505000000, 
-0.14032840314133066, -3.2439459697680153, -0.12360294326174967, 270539000000, 
-0.13527368202379217, -3.2445641357183823, -0.11952322442338834, 270573000000, 
-0.13021651331754816, -3.2451616323350407, -0.11544375901126562, 270607000000, 
-0.12515693688730237, -3.2457384985595805, -0.11136422625570852, 270641000000, 
-0.12009502790881464, -3.2462947021485706, -0.10728471993501656, 270675000000, 
-0.11503087167612835, -3.2468302967756055, -0.10320510216767256, 270709000000, 
-0.10996460376969373, -3.2473452431979406, -0.09912554572306796, 270743000000, 
-0.10489626579910417, -3.247839459532075, -0.09504610042466018, 270777000000, 
-0.09982594871789441, -3.248312987228683, -0.09096661750386562, 270811000000, 
-0.09475373728558407, -3.2487658175013103, -0.08688707791738669, 270845000000, 
-0.08967969910807361, -3.2491979360921497, -0.08280752684944849, 270879000000, 
-0.08460395949512131, -3.249609436975323, -0.07872831301462763, 270913000000, 
-0.07952657896647543, -3.250000140745865, -0.07464871826080945, 270947000000, 
-0.07444770639127955, -3.2503701802352944, -0.07056924272865565, 270981000000, 
-0.06936733316823762, -3.250719516285801, -0.06648978195591977, 271015000000, 
-0.06428559349276719, -3.2510480937031865, -0.06241039905470304, 271049000000, 
-0.05920254962158903, -3.251355946477091, -0.05833102536503978, 271083000000, 
-0.054118287096839246, -3.251643064861193, -0.054251674725743625, 271117000000, 
-0.04903287119586705, -3.2519094341281716, -0.05017223580352188, 271151000000, 
-0.043946401751809, -3.2521551132831585, -0.046092745333062575, 271185000000, 
-0.03885899286417762, -3.2523800667580405, -0.04201334557165601, 271219000000, 
-0.03377070032461717, -3.2525842144361805, -0.037933986664612576, 271253000000, 
-0.028681612410110434, -3.252767599093674, -0.03385454557101267, 271287000000, 
-0.02359181446514797, -3.252930212344502, -0.029775040228880213, 271321000000, 
-0.01850135222934129, -3.253072028081267, -0.025695492335078788, 271355000000, 
-0.013410434405557859, -3.253193167543895, -0.021616319598403003, 271389000000, 
-0.008319033481828497, -3.2532934928171735, -0.01753658460733955, 271423000000, 
-0.003227309428974705, -3.253372975950259, -0.013456972980656743, 271457000000, 
0.0018647299154420892, -3.2534317540409075, -0.009377392341447664, 271491000000, 
0.006956946606638078, -3.2534697064817673, -0.005297885910609431, 271525000000, 
0.012049282229536893, -3.253486878028012, -0.0012184400087487865, 271559000000, 
0.017141651486503335, -3.2534832694895655, 0.002861007474807577, 271593000000, 
0.02223398863991154, -3.2534588754246467, 0.00694053309445025, 271627000000, 
0.02732618426175926, -3.2534137651915374, 0.011020052136868326, 271661000000, 
0.032418143158952875, -3.253347912772438, 0.015099442320403396, 271695000000, 
0.037509797146204074, -3.2532612468100384, 0.019178769634393918, 271729000000, 
0.0426010613946562, -3.2531538185954183, 0.023258143524549895, 271763000000, 
0.04769186470470963, -3.2530256022969146, 0.02733753667689046, 271797000000, 
0.05278204378486034, -3.252876705438657, 0.03141669282322817, 271831000000, 
0.057871592991279516, -3.252707045691827, 0.035496315223034355, 271865000000, 
0.06296038409295623, -3.252516551759951, 0.03957575662050865, 271899000000, 
0.06804837307316161, -3.2523053607771812, 0.04365529223055581, 271933000000, 
0.07313544762145997, -3.252073449053929, 0.04773476645548328, 271967000000, 
0.07822153831236119, -3.2518207291961683, 0.05181412393883893, 272001000000, 
0.08330656166509182, -3.2515472521341566, 0.05589356692583472, 272035000000, 
0.08839043437435679, -3.2512530179118766, 0.05997310899067353, 272069000000, 
0.09347308177322528, -3.2509380217566686, 0.06405268222685889, 272103000000, 
0.09855440158943952, -3.2506023355189173, 0.06813225698452319, 272137000000, 
0.10363430863238296, -3.250245936464022, 0.07221176507213903, 272171000000, 
0.10871272385247352, -3.2498687577715617, 0.07629121539406915, 272205000000, 
0.11378956015330258, -3.2494708485740182, 0.08037056122242688, 272239000000, 
0.11886472113163904, -3.249052279833638, 0.08444994125447339, 272273000000, 
0.12393811979496841, -3.24861292693279, 0.0885296495075474, 272307000000, 
0.12900965897237418, -3.248152980492164, 0.09260899289266891, 272341000000, 
0.13407928861380364, -3.247672283518792, 0.09668860687667803, 272375000000, 
0.13914692152331823, -3.2471709778682754, 0.10076802969146927, 272409000000, 
0.14421247144256524, -3.2466490366152803, 0.10484731335507974, 272443000000, 
0.14927585299232637, -3.246106393592525, 0.10892665050217802, 272477000000, 
0.15433698686071265, -3.245543105712453, 0.11300602862210432, 272511000000, 
0.15939578957424191, -3.244959178353117, 0.11708539744372601, 272545000000, 
0.1644521631031876, -3.2443546100754985, 0.1211648402911529, 272579000000, 
0.16950603835411648, -3.243729473647773, 0.1252443435073431, 272613000000, 
0.17455731960430562, -3.243083743605528, 0.1293235440928562, 272647000000, 
0.1796059104876985, -3.2424173330074852, 0.1334030648183837, 272681000000, 
0.1846517340352288, -3.241730370038952, 0.1374825405180656, 272715000000, 
0.1896946865422833, -3.2410228543750397, 0.14156228392788323, 272749000000, 
0.19473471776059495, -3.240294699225828, 0.1456416711100433, 272783000000, 
0.1997717473111066, -3.239545984744301, 0.14972128112546662, 272817000000, 
0.20480567333251884, -3.238776704237594, 0.15380084187443455, 272851000000, 
0.20983642928973506, -3.237986939099899, 0.15788040674834414, 272885000000, 
0.21486393401799864, -3.2371766756565243, 0.16195992268972356, 272919000000, 
0.2198880926947815, -3.236345855452138, 0.16603934428976577, 272953000000, 
0.22490882902606338, -3.2354945440336795, 0.1701187519933564, 272987000000, 
0.22992605980077926, -3.2346227558071523, 0.17419818418901595, 273021000000, 
0.23493968155780054, -3.2337304988047717, 0.17827763813321326, 273055000000, 
0.2399496310991659, -3.2328178555477893, 0.18235707177476224, 273089000000, 
0.24495582245072486, -3.2318848112434244, 0.18643617502216747, 273123000000, 
0.24995814408654982, -3.23093128741577, 0.19051557266231633, 273157000000, 
0.2549565401437623, -3.2299574201389425, 0.1945949019265883, 273191000000, 
0.25995087590877347, -3.2289632057750834, 0.1986743376941251, 273225000000, 
