x, y, th, stamp, 
-1.9999395236965387, -0.5000009981405318, 1.858913633877689e-06, 50559000000, 
-1.999939532592366, -0.500000998071388, 1.8596593039048832e-06, 50593000000, 
-1.9999395495103867, -0.5000009981501049, 1.8603302161723908e-06, 50627000000, 
-1.9999395620883653, -0.5000009981701301, 1.8610644331976885e-06, 50661000000, 
-1.9999395926654902, -0.5000009981410877, 1.861574331953091e-06, 50695000000, 
-1.9999396080975773, -0.5000009981004118, 1.8622363794662184e-06, 50729000000, 
-1.9999396129540055, -0.5000009981023366, 1.8630765863433954e-06, 50763000000, 
-1.9987850584533808, -0.5000010012479977, 2.982868830990969e-06, 50797000000, 
-1.9964748056234445, -0.5000010049906614, 3.5554979744763613e-06, 50831000000, 
-1.9930092415154241, -0.5000010110871288, 3.140729034694278e-06, 50865000000, 
-1.9885600956039473, -0.49999936406022255, 0.0011435268809971613, 50899000000, 
-1.9835481401230315, -0.49998019843152525, 0.00826337018674053, 50933000000, 
-1.9784766750560805, -0.499905597541768, 0.02200987937295303, 50967000000, 
-1.9734013981681302, -0.49976505358926704, 0.032857362864905974, 51001000000, 
-1.9683218582187332, -0.49957822738900026, 0.04094457844722394, 51035000000, 
-1.9632478934414785, -0.4993457675857876, 0.05131712856840398, 51069000000, 
-1.9581783850515482, -0.49905718028638557, 0.06263785194904094, 51103000000, 
-1.95310914884011, -0.49871450034548703, 0.07247083254384956, 51137000000, 
-1.948042657356223, -0.4983231190518109, 0.08214840245084257, 51171000000, 
-1.9429815872955498, -0.4978807581079555, 0.09267833758486743, 51205000000, 
-1.9379249250398358, -0.4973850936139988, 0.10308273059025501, 51239000000, 
-1.9328723665854695, -0.49683802754754924, 0.1130502119694891, 51273000000, 
-1.9278254613812233, -0.4962404847911458, 0.12319344619901501, 51307000000, 
-1.9227849625448865, -0.4955913079622154, 0.13353248844692303, 51341000000, 
-1.9177507851139979, -0.4948903681509459, 0.1437268196837242, 51375000000, 
-1.9127234633785513, -0.49413844583584593, 0.15384924132944477, 51409000000, 
-1.9077038524128556, -0.493335553371699, 0.16406856537751566, 51443000000, 
-1.9026923954921164, -0.4924813946321543, 0.17430347061696838, 51477000000, 
-1.8976894732881857, -0.4915761734382763, 0.18448071579804456, 51511000000, 
-1.8926958249802477, -0.4906200847783955, 0.19465975997797158, 51545000000, 
-1.8877129745513765, -0.48961360554119726, 0.20487030698439135, 51579000000, 
-1.8827410913134623, -0.4885563069847329, 0.2150726830911305, 51613000000, 
-1.8777813166315096, -0.48744878312390033, 0.22526011107734284, 51647000000, 
-1.8728342395382094, -0.4862911434409465, 0.23545700194272043, 51681000000, 
-1.8679000909754548, -0.4850831566276576, 0.2456622864095256, 51715000000, 
-1.8629795976946515, -0.48382539434372956, 0.25586365310468384, 51749000000, 
-1.8580725424185147, -0.48251730831100714, 0.26606466497273523, 51783000000, 
-1.8531795130949908, -0.4811594245706094, 0.27626931449100406, 51817000000, 
-1.8483004920978927, -0.479751529065886, 0.28647279106211726, 51851000000, 
-1.8434357458327806, -0.47829369262449645, 0.29666882743309997, 51885000000, 
-1.8385857674068007, -0.47678617985046, 0.30685978651404855, 51919000000, 
-1.833751098458299, -0.475229161997027, 0.3170551635243814, 51953000000, 
-1.8289322609607763, -0.4736227746905745, 0.32725283009871264, 51987000000, 
-1.8241297788896957, -0.4719671813069452, 0.33744800560069466, 52021000000, 
-1.8193440174897466, -0.4702625633524206, 0.3476434350846782, 52055000000, 
-1.8145753810476513, -0.4685090800676624, 0.3578451095905383, 52089000000, 
-1.8098245379128313, -0.4667068940767914, 0.3680480769620035, 52123000000, 
-1.8050919431484314, -0.4648561984377926, 0.37824726907977885, 52157000000, 
-1.8003780729762549, -0.4629572038408916, 0.3884465969260679, 52191000000, 
-1.7956834097649783, -0.4610101078440758, 0.39864788104420884, 52225000000, 
-1.7910084279545917, -0.4590151120745955, 0.4088485322150898, 52259000000, 
-1.7863536018769484, -0.45697243193790704, 0.41904820376706664, 52293000000, 
-1.781719458289358, -0.4548822684807201, 0.42924675943912294, 52327000000, 
-1.7771068320217847, -0.45274503315866954, 0.43943981587079445, 52361000000, 
-1.7725164684040582, -0.4505611586937734, 0.4496350778228562, 52395000000, 
-1.7679491836085932, -0.44833076690552615, 0.4598326130967932, 52429000000, 
-1.7634056257057682, -0.4460544280903785, 0.4700293942699028, 52463000000, 
-1.7588863152798513, -0.4437324026273268, 0.4802267284586799, 52497000000, 
-1.7543917277538903, -0.44136465143031134, 0.4904273350134676, 52531000000, 
-1.7499222219544297, -0.4389512534905667, 0.5006314743364128, 52565000000, 
-1.7454779621541936, -0.43649286188219677, 0.5108361611469289, 52599000000, 
-1.741059252651979, -0.43398915052773573, 0.5210424193486378, 52633000000, 
-1.736666265492315, -0.4314403405377957, 0.5312474638444628, 52667000000, 
-1.732299187585985, -0.42884647954779265, 0.5414517125923882, 52701000000, 
-1.7279583821636562, -0.4262079150611061, 0.5516460129569851, 52735000000, 
-1.7236442976069641, -0.423524973699457, 0.5618408817550622, 52769000000, 
-1.71935740307275, -0.4207979271784773, 0.5720418115086262, 52803000000, 
-1.7150981371500253, -0.4180270491629163, 0.5822415314970963, 52837000000, 
-1.7108669374933618, -0.41521263693914845, 0.5924387337365403, 52871000000, 
-1.706664249069687, -0.4123549923844638, 0.6026376427896859, 52905000000, 
-1.702490532194917, -0.40945441580147274, 0.6128368380349797, 52939000000, 
-1.6983464221440447, -0.40651127545269067, 0.623030748378796, 52973000000, 
-1.6942325232074287, -0.40352616764432336, 0.6332252199143921, 53007000000, 
-1.690149498789101, -0.4004994294000555, 0.643423928352664, 53041000000, 
-1.6860978791245058, -0.39743156550114134, 0.6536210953782379, 53075000000, 
-1.6820782113895874, -0.3943228651489028, 0.6638184861482983, 53109000000, 
-1.6780910320595925, -0.3911735439762822, 0.6740176502452095, 53143000000, 
-1.674136490335267, -0.38798433704074087, 0.6842195437959835, 53177000000, 
-1.670215183482751, -0.3847549611997218, 0.6944210050758342, 53211000000, 
-1.6663272627349346, -0.38148587958447405, 0.7046247108051019, 53245000000, 
-1.6624729967364225, -0.3781772782453289, 0.7148280609567801, 53279000000, 
-1.6586526000451922, -0.3748294585378723, 0.7250305707520326, 53313000000, 
-1.654866382688064, -0.37144255067747844, 0.7352315511790121, 53347000000, 
-1.6511146081775474, -0.36801682697195637, 0.7454318801602087, 53381000000, 
-1.6473976116240425, -0.3645526801180311, 0.7556288136550424, 53415000000, 
-1.6437157724792872, -0.36105049355225155, 0.7658260683758766, 53449000000, 
-1.6400695500112288, -0.35751063372443287, 0.7760233706756505, 53483000000, 
-1.6364593906748126, -0.3539336458436744, 0.7862193725488426, 53517000000, 
-1.6328857640149252, -0.3503200399776049, 0.7964162088963461, 53551000000, 
-1.6293492536543543, -0.3466701458904181, 0.8066133979146606, 53585000000, 
-1.6258502779592139, -0.3429845028227649, 0.8168113518601494, 53619000000, 
-1.622389288057321, -0.33926358661324013, 0.8270087690481186, 53653000000, 
-1.6189665226114358, -0.3355080607633443, 0.8372075910480047, 53687000000, 
-1.6156438932875232, -0.33176940094696344, 0.8475562391984158, 53721000000, 
-1.6138853833225093, -0.3296808435996821, 0.8607750871955456, 53755000000, 
-1.6124647602420856, -0.3284693374464397, 0.8765128526182326, 53789000000, 
-1.6110196271290127, -0.32779569422284627, 0.8937872446242092, 53823000000, 
-1.6095228046768832, -0.3267767022904917, 0.9125302772909696, 53857000000, 
-1.6077924021261694, -0.32566669810366294, 0.932792098572177, 53891000000, 
-1.6059822040895602, -0.3243752058133892, 0.9543765358101846, 53925000000, 
-1.6040398039735786, -0.3229742303420857, 0.9772658821817383, 53959000000, 
-1.6022337033693708, -0.3216352387200752, 1.0013621128894794, 53993000000, 
-1.6003755904036063, -0.3206137214398661, 1.0263001568198444, 54027000000, 
-1.5984414229483133, -0.3190067581007888, 1.0516361439505715, 54061000000, 
-1.5964994392077174, -0.3173961111511032, 1.076904025202405, 54095000000, 
-1.594586769070382, -0.3156190793060357, 1.1022287114825984, 54129000000, 
-1.592749885484219, -0.3140870585651136, 1.1279979722112297, 54163000000, 
-1.5909337457617645, -0.3127766847388204, 1.15493418691165, 54197000000, 
-1.589049825268006, -0.3112451955609387, 1.184727149148714, 54231000000, 
-1.5872465808251763, -0.30944380469143756, 1.2185583296991518, 54265000000, 
-1.5855435077875961, -0.30743084865834835, 1.2546877876063904, 54299000000, 
-1.584186909493707, -0.30524205110130065, 1.292227544045253, 54333000000, 
-1.583757434008032, -0.3031925972913946, 1.3307275770693687, 54367000000, 
-1.5854283774019147, -0.3025629268764242, 1.3689799082800147, 54401000000, 
-1.5877176850167254, -0.302693836285731, 1.4068943221883519, 54435000000, 
-1.5904092565786068, -0.3034500090864989, 1.4446739964053001, 54469000000, 
-1.5934486134683983, -0.3048079893763421, 1.4823871634750496, 54503000000, 
-1.5966707280430725, -0.3065638887770035, 1.520103017174185, 54537000000, 
-1.599985628213233, -0.3086407479088155, 1.5578640181983694, 54571000000, 
-1.6033005016840927, -0.31093329724625607, 1.595690986432224, 54605000000, 
-1.606504275706216, -0.3133277039202542, 1.6335915132739116, 54639000000, 
-1.609549070246907, -0.31577756670610174, 1.671552240429194, 54673000000, 
-1.6123122633011808, -0.31815552704001654, 1.7095591974349853, 54707000000, 
-1.6146410813785692, -0.3202979846644264, 1.7475892665465322, 54741000000, 
-1.6164909295515157, -0.3221812119964285, 1.785593781307546, 54775000000, 
-1.6177294831468434, -0.3236945218772258, 1.8235362086770377, 54809000000, 
-1.6182897145241855, -0.325019190633932, 1.861371308584289, 54843000000, 
-1.6185854445790233, -0.326415822789363, 1.8989887938188232, 54877000000, 
-1.6187605143530663, -0.327920739044891, 1.9363309338388823, 54911000000, 
-1.6187202691196838, -0.32962319356867725, 1.973422010593614, 54945000000, 
-1.6191630714161416, -0.33206237587683046, 2.0102925689539877, 54979000000, 
-1.6202962269949657, -0.3347140754808082, 2.0470111891374376, 55013000000, 
-1.6226585637757, -0.3362785009704694, 2.083281491720778, 55047000000, 
-1.6233337420520095, -0.3394393420175903, 2.119170387094747, 55081000000, 
-1.6248577194031548, -0.3413062508515123, 2.154319344555113, 55115000000, 
-1.628212927879099, -0.3375546679021875, 2.187762500814509, 55149000000, 
-1.6319699079168906, -0.3326641139175147, 2.2204589772878713, 55183000000, 
-1.635917123277509, -0.32754468582113777, 2.2521965216391915, 55217000000, 
-1.633878546038126, -0.3290022183360535, 2.2817144302918844, 55251000000, 
-1.6342288189781422, -0.32826420769215703, 2.308499682256506, 55285000000, 
-1.6316259341395445, -0.33144420341964875, 2.3333983877071303, 55319000000, 
-1.6333141377418408, -0.3299329858326021, 2.3549499482915004, 55353000000, 
-1.6311601124530866, -0.3330941306020357, 2.3750195150699462, 55387000000, 
-1.6330869258983114, -0.3316008325282798, 2.391986395084393, 55421000000, 
-1.6318493600548634, -0.3338714687889426, 2.407467440918475, 55455000000, 
-1.6335234938149599, -0.3328952013281661, 2.419824115654528, 55489000000, 
-1.6334942998375532, -0.3339813976615279, 2.430820359081261, 55523000000, 
-1.634638388917826, -0.33394324915112394, 2.4388469848977667, 55557000000, 
-1.6359896539121987, -0.33356519947813895, 2.4451796789430653, 55591000000, 
-1.6361609404580748, -0.3344845086633413, 2.4491168722898884, 55625000000, 
-1.636562626890679, -0.33425918833673685, 2.4511457344591947, 55659000000, 
-1.637647921038653, -0.3336946384060714, 2.4511437523664505, 55693000000, 
-1.638324528368265, -0.33404600211948415, 2.4492822653884465, 55727000000, 
-1.6399298640796522, -0.3331247689456005, 2.4453935088161742, 55761000000, 
-1.6411973629553764, -0.33322881274931165, 2.4397299425215855, 55795000000, 
-1.6426508415586298, -0.3329277065633256, 2.4320809301549455, 55829000000, 
-1.644402702881583, -0.33238738815532914, 2.422682583063386, 55863000000, 
-1.6464328453108723, -0.33168131261443756, 2.411428706324932, 55897000000, 
-1.6485635059737813, -0.330750060255122, 2.398420115888925, 55931000000, 
-1.6507711360765338, -0.3295892997987585, 2.383840235039731, 55965000000, 
-1.653093276873469, -0.32879968892978956, 2.3685572564954143, 55999000000, 
-1.6555333450129348, -0.3281953909908761, 2.3538192566238076, 56033000000, 
-1.6578134652876582, -0.32649299120606845, 2.3395272527723, 56067000000, 
-1.660377121201222, -0.3258995075362173, 2.3257483094333575, 56101000000, 
-1.6628344982211902, -0.32481561074423676, 2.3124449389298256, 56135000000, 
-1.665276528018136, -0.3234231480845918, 2.2995061540206203, 56169000000, 
-1.6674535451302577, -0.3223311509609364, 2.2857989004167374, 56203000000, 
-1.6693449033258134, -0.3212522876062021, 2.2661555265428572, 56237000000, 
-1.6708336452859096, -0.3199108017008774, 2.244480966621934, 56271000000, 
-1.6718096375717302, -0.31893205878336356, 2.223988915093738, 56305000000, 
-1.6733582474522057, -0.3180997846611081, 2.2040841960296245, 56339000000, 
-1.6724081520014342, -0.3184872167112923, 2.184934871962696, 56373000000, 
-1.6701589701175503, -0.31962570164892395, 2.16621245147435, 56407000000, 
-1.6679679182752631, -0.32084909513025156, 2.1477385693077085, 56441000000, 
-1.6658345456508925, -0.32214567146048684, 2.1294738264639266, 56475000000, 
-1.6637580395635834, -0.3235043772409153, 2.111381124594291, 56509000000, 
-1.6617372872992688, -0.32491508571225297, 2.0934261383988617, 56543000000, 
-1.659770900956851, -0.3263683380918808, 2.0755766016904005, 56577000000, 
-1.6578572480371816, -0.3278554975389526, 2.0578025381553524, 56611000000, 
-1.655994467206365, -0.329368579001, 2.0400757482420198, 56645000000, 
-1.654180498535434, -0.3309003322368092, 2.0223699208442207, 56679000000, 
-1.6524131012371528, -0.33244412866699496, 2.004660305485779, 56713000000, 
-1.6506898874360891, -0.33399399910710553, 1.9869237951562304, 56747000000, 
-1.6490083461472307, -0.3355445530842527, 1.9691387582562294, 56781000000, 
-1.647365879908858, -0.337090985336748, 1.9512851320633213, 56815000000, 
-1.6457598322504514, -0.3386290108407839, 1.933344368469444, 56849000000, 
-1.644187521866664, -0.3401548493990786, 1.9152995322721131, 56883000000, 
-1.6426462666752686, -0.3416651681462607, 1.897135299925144, 56917000000, 
-1.6411334087281717, -0.34315705333349117, 1.8788380317714934, 56951000000, 
-1.6396463283363478, -0.3446279595516465, 1.8603957652779566, 56985000000, 
-1.638182455510295, -0.34607567854955007, 1.841798230406887, 57019000000, 
-1.6367392718146896, -0.3474982986304089, 1.8230367994591314, 57053000000, 
-1.63531430925153, -0.34889417915341353, 1.8041044344628816, 57087000000, 
-1.6339051429322653, -0.3502619234835994, 1.7849955867365879, 57121000000, 
-1.6325093830919335, -0.35160036386561644, 1.7657060918890237, 57155000000, 
-1.6311246653555544, -0.3529085478518329, 1.7462330408144422, 57189000000, 
-1.6297486434838504, -0.35418573281051535, 1.7265746578685963, 57223000000, 
-1.6283789841436382, -0.3554313814036093, 1.706730179893356, 57257000000, 
-1.6270133662006734, -0.3566451605925088, 1.6866997570291768, 57291000000, 
-1.6256494836843831, -0.3578269392424259, 1.666484372512727, 57325000000, 
-1.624285072719169, -0.35897679215886585, 1.6460857097455808, 57359000000, 
-1.6229180142272455, -0.36009515595898106, 1.6255064425983567, 57393000000, 
-1.6215460307237186, -0.36118240262199924, 1.60474977463523, 57427000000, 
-1.6201668757563004, -0.36223904460844447, 1.583819765699471, 57461000000, 
-1.6187784752133259, -0.36326585721851334, 1.5627212681207459, 57495000000, 
-1.6173788376957023, -0.3642637568549977, 1.5414599641463382, 57529000000, 
-1.6159660212384699, -0.36523370397649213, 1.5200423880910772, 57563000000, 
-1.6145381567886619, -0.3661766826698426, 1.49847593057142, 57597000000, 
-1.6130936591744514, -0.3670941635662815, 1.476768819110683, 57631000000, 
-1.6116309377568732, -0.3679875129173645, 1.454930072755225, 57665000000, 
-1.6101484995489903, -0.3688581724188502, 1.4329694472021923, 57699000000, 
-1.608644955928852, -0.36970767716496705, 1.410897312269094, 57733000000, 
-1.607119027349629, -0.370537667378094, 1.3887245537916237, 57767000000, 
-1.6055695459791333, -0.37134989607822383, 1.366462423757865, 57801000000, 
-1.6039954646047, -0.372146244498962, 1.3441224108469954, 57835000000, 
-1.6023958663054145, -0.37292873390382086, 1.3217160915808388, 57869000000, 
-1.6007699796611996, -0.373699539900409, 1.2992550050950726, 57903000000, 
-1.5991171956814205, -0.37446100247261327, 1.27675053064989, 57937000000, 
-1.5974370889033978, -0.3752156352942134, 1.2542137906214823, 57971000000, 
-1.595729439915311, -0.3759661308676567, 1.2316555647390026, 58005000000, 
-1.5939942605175805, -0.37671536421527096, 1.2090862237067737, 58039000000, 
-1.5922318197216445, -0.3774663939624881, 1.1865156694183863, 58073000000, 
-1.590442671370797, -0.37822246318165215, 1.1639532810401585, 58107000000, 
-1.5886276824689949, -0.3789869999690845, 1.1414078557524352, 58141000000, 
-1.5867880629753321, -0.37976361946460135, 1.1188875408528844, 58175000000, 
-1.584925396820824, -0.3805561272802835, 1.0963997502948188, 58209000000, 
-1.5830416748932745, -0.38136852492043405, 1.073951064966142, 58243000000, 
-1.5809826668932097, -0.3812214247750611, 1.0514865793100578, 58277000000, 
-1.5781673114396721, -0.3778782423198093, 1.028613607520948, 58311000000, 
-1.5753366368942934, -0.37459100581537635, 1.005657750085589, 58345000000, 
-1.57248353469197, -0.37131975162485237, 0.9828388754960945, 58379000000, 
-1.5696113039714614, -0.36807003944890265, 0.9600501681296785, 58413000000, 
-1.5667192501163427, -0.36485212162968883, 0.9372762011083359, 58447000000, 
-1.5661210820807392, -0.36524157846138944, 0.9167801272437685, 58481000000, 
-1.5661015824724096, -0.3663516643817231, 0.9040735596056495, 58515000000, 
-1.564182097494054, -0.36477348711696767, 0.9058197904294658, 58549000000, 
-1.5608841239554314, -0.36260383519105954, 0.9162026688100816, 58583000000, 
-1.558339919768582, -0.3615476838036391, 0.9261316904913887, 58617000000, 
-1.557837498539685, -0.36174570914729937, 0.9352715596303723, 58651000000, 
-1.5588160425700144, -0.36286133301928025, 0.9439902399666241, 58685000000, 
-1.5597348884443927, -0.3640280341911639, 0.9521718715975636, 58719000000, 
-1.560589632348273, -0.3652399111774371, 0.9597956746941109, 58753000000, 
-1.561376283939873, -0.3664913686628926, 0.9668363165954813, 58787000000, 
-1.5620913871624758, -0.3677772784070469, 0.97326427773694, 58821000000, 
-1.5627318221932947, -0.36909287906814015, 0.979045365541277, 58855000000, 
-1.5632948911230606, -0.3704338049288643, 0.9841408881378189, 58889000000, 
-1.5637781936860216, -0.37179601833407877, 0.9885071899209595, 58923000000, 
-1.5641796725408375, -0.37317580693003527, 0.9920956962276704, 58957000000, 
-1.5644975372114567, -0.37456972973863856, 0.9948525183768845, 58991000000, 
-1.5647302896440283, -0.3759745938080157, 0.9967184519645025, 59025000000, 
-1.5648766803249248, -0.37738740445172264, 0.9976286976953868, 59059000000, 
-1.5649357255142402, -0.37880532947608575, 0.9975128949972424, 59093000000, 
-1.5649066850302382, -0.3802256513252168, 0.9962950075183484, 59127000000, 
-1.5647890768526493, -0.38164572657961254, 0.9938934759926068, 59161000000, 
-1.564582669405896, -0.3830629421460992, 0.9902213349063348, 59195000000, 
-1.564287496071979, -0.3844746769988453, 0.9851865930881276, 59229000000, 
-1.563903857243574, -0.385878265733188, 0.9786926973542294, 59263000000, 
-1.563432336098426, -0.387270967268307, 0.9706393139864028, 59297000000, 
-1.5628738079764872, -0.3886499374269116, 0.9609233489732935, 59331000000, 
-1.5622294590226855, -0.39001220569210393, 0.9494404144913372, 59365000000, 
-1.5615008027320907, -0.39135465530577945, 0.9360867470862196, 59399000000, 
-1.5606897040411354, -0.39267400543066366, 0.9207617749025756, 59433000000, 
-1.559798404785698, -0.393966794441353, 0.9033713918385314, 59467000000, 
-1.5588295565652956, -0.3952293626121373, 0.8838321031399399, 59501000000, 
-1.5577862576691108, -0.39645783345259555, 0.8620760779689152, 59535000000, 
-1.557436084169886, -0.3985118642015289, 0.8387908552376763, 59569000000, 
-1.557352372912073, -0.4009337012455567, 0.8153077075275352, 59603000000, 
-1.5572227538986596, -0.4033635047707837, 0.7917296024987498, 59637000000, 
-1.5570504392133473, -0.40579428257379524, 0.7681579477193059, 59671000000, 
-1.556838283239999, -0.40822013055357065, 0.7446865060420904, 59705000000, 
-1.5565889318088997, -0.41063581334547333, 0.7214050797715698, 59739000000, 
-1.5563047514176347, -0.413036945886113, 0.698395253685856, 59773000000, 
-1.5559879247972401, -0.4154197344853306, 0.675732371943565, 59807000000, 
-1.555640417388764, -0.4177810577710249, 0.6534831282467652, 59841000000, 
-1.5552640339944015, -0.4201183076214003, 0.6317066636090459, 59875000000, 
-1.554860398858953, -0.42242941879702023, 0.6104533081439969, 59909000000, 
-1.5544309832243997, -0.4247127691253403, 0.5897652909793835, 59943000000, 
-1.5539770886768052, -0.42696718216993323, 0.5696762409186774, 59977000000, 
-1.5534998561597777, -0.4291918601135323, 0.5502118038529542, 60011000000, 
-1.553000251665075, -0.43138637078665715, 0.5313896798575016, 60045000000, 
-1.5524790676373472, -0.4335505971190381, 0.5132203003722915, 60079000000, 
-1.5519369144264759, -0.4356847147748256, 0.4957072434685841, 60113000000, 
-1.551374222964952, -0.4377891502746342, 0.4788480036984201, 60147000000, 
-1.5507912450326324, -0.43986455444311795, 0.46263463396521376, 60181000000, 
-1.5501880617445458, -0.441911767089281, 0.44705455481873874, 60215000000, 
-1.5495645924797812, -0.4439317912852522, 0.4320912711123623, 60249000000, 
-1.5489206087639562, -0.44592576532092676, 0.41772513021392715, 60283000000, 
-1.548255748216686, -0.44789494170820876, 0.40393398457082696, 60317000000, 
-1.5475695298812735, -0.4498406671897108, 0.3906938199940323, 60351000000, 
-1.5468613678183023, -0.4517643680591493, 0.3779792842308484, 60385000000, 
-1.5461305830829903, -0.4536675373827137, 0.36576414945380914, 60419000000, 
-1.545376412439082, -0.4555517256062026, 0.35402168581262167, 60453000000, 
-1.5445980139492004, -0.457418532342683, 0.3427249708868993, 60487000000, 
-1.5437944691153451, -0.4592695994582878, 0.33184713513202624, 60521000000, 
-1.5429647822264385, -0.461106604012465, 0.32136156395518706, 60555000000, 
-1.5421078775769137, -0.46293125079139386, 0.31124206521108577, 60589000000, 
-1.5412225956453325, -0.46474526370628794, 0.30146301718074564, 60623000000, 
-1.5403076893429737, -0.4665503759998821, 0.2919995051013189, 60657000000, 
-1.5393618213007831, -0.4683483192390374, 0.28282745330448356, 60691000000, 
-1.5383835633225915, -0.47014081139806696, 0.27392375690816984, 60725000000, 
-1.5373713997106113, -0.4719295443739576, 0.26526641663089073, 60759000000, 
-1.5363237315035727, -0.4737161719452252, 0.2568346625435703, 60793000000, 
-1.5352388853315468, -0.4755022982796002, 0.24860907731560716, 60827000000, 
-1.5341151246312466, -0.47728946776497794, 0.24057170677978773, 60861000000, 
-1.5329506627976852, -0.47907915649371735, 0.2327061546355021, 60895000000, 
-1.5317436774296667, -0.4808727654999973, 0.22499765845598818, 60929000000, 
-1.5304923230603822, -0.48267161551654697, 0.21743314337138397, 60963000000, 
-1.5291947478166894, -0.4844769431040654, 0.21000126429325086, 60997000000, 
-1.5278491058359442, -0.486289897342938, 0.20269242490189257, 61031000000, 
-1.526453519541837, -0.48811153903103793, 0.19549876828709026, 61065000000, 
-1.5250978613020558, -0.4899572299556401, 0.18842960815346838, 61099000000, 
-1.5251717407560466, -0.49197724226834066, 0.18251949724430871, 61133000000, 
-1.525200096683908, -0.4938618485449471, 0.17827276813104162, 61167000000, 
-1.5251875494726423, -0.4956046721450991, 0.1756050543281255, 61201000000, 
-1.5251382007668046, -0.4971996320738771, 0.1744374400730891, 61235000000, 
-1.5250559877667722, -0.49864197104527114, 0.17468959223900338, 61269000000, 
-1.5249447022521407, -0.4999273299050615, 0.17628619278461957, 61303000000, 
-1.524807982447384, -0.5010522811549465, 0.17915310550153063, 61337000000, 
-1.5246493339726315, -0.5020137782405998, 0.1832206890803649, 61371000000, 
-1.5244721414679259, -0.5028094516715302, 0.18842155031147328, 61405000000, 
-1.5242796935568892, -0.5034372861069623, 0.1946921398464145, 61439000000, 
-1.5240752048967499, -0.5038957890954877, 0.20197133791403515, 61473000000, 
-1.5238618416999807, -0.504183806567887, 0.21020112091120416, 61507000000, 
-1.5236427454686632, -0.5043006237304688, 0.21932560428406733, 61541000000, 
-1.52342105478296, -0.504245864288214, 0.22929122538351504, 61575000000, 
-1.5231999252258452, -0.5040195559826427, 0.24004605719731806, 61609000000, 
-1.5229825455993384, -0.5036220820175488, 0.25153975570043546, 61643000000, 
-1.5227721528573566, -0.5030542314661887, 0.2637230468265483, 61677000000, 
-1.5225720440271964, -0.5023171876975477, 0.2765475703302469, 61711000000, 
-1.5223855880729686, -0.5014125789740546, 0.2899654823531213, 61745000000, 
-1.522216236289785, -0.5003424989721678, 0.3039292609547177, 61779000000, 
-1.5220675335903184, -0.49910956963660297, 0.3183913868069082, 61813000000, 
-1.5219431292765253, -0.4977169930863162, 0.3333041406994024, 61847000000, 
-1.5218467885772522, -0.49616863426297875, 0.34861933856308497, 61881000000, 
-1.5217824033702356, -0.4944691027802475, 0.3642881356465615, 61915000000, 
-1.521754002386946, -0.4926238572366163, 0.3802608020441077, 61949000000, 
-1.5217657593091092, -0.4906393126963335, 0.3964865406835061, 61983000000, 
-1.521821998563211, -0.48852296390220584, 0.41291329358214957, 62017000000, 
-1.5219271975726982, -0.48628351239081535, 0.4294875728038244, 62051000000, 
-1.5220859853020743, -0.4839310044962996, 0.44615428383213473, 62085000000, 
-1.5223031364142188, -0.48147697353631336, 0.46285655679128634, 62119000000, 
-1.5225835610724388, -0.4789345906354233, 0.4795355632396937, 62153000000, 
-1.5229322900559612, -0.4763188208658872, 0.49613032089423603, 62187000000, 
-1.5233544551031557, -0.4736465875674547, 0.512577468110996, 62221000000, 
-1.5238552639259664, -0.47093694267928865, 0.5288110022605801, 62255000000, 
-1.525876406490588, -0.46322727043263345, 0.5450087385886874, 62289000000, 
-1.5274964491129226, -0.4553672226356495, 0.5612004098156895, 62323000000, 
-1.5287517951277019, -0.4471367429314757, 0.5772483155630214, 62357000000, 
-1.5293227869106216, -0.438753823137226, 0.592731439300787, 62391000000, 
-1.5290108167150958, -0.4301931363825022, 0.6076704692833323, 62425000000, 
-1.5275148640605898, -0.42160540091259974, 0.6220915619582561, 62459000000, 
-1.524581060886618, -0.41329995759860433, 0.6360234529247707, 62493000000, 
-1.520177266859469, -0.4056914839918286, 0.6494977033942789, 62527000000, 
-1.5145702620207935, -0.3990953696973646, 0.6625484480743024, 62561000000, 
-1.5081682751946575, -0.3935776674040195, 0.6752109100240155, 62595000000, 
-1.5013206624102333, -0.3890138442084028, 0.687519212053434, 62629000000, 
-1.494253443614447, -0.3852185553399097, 0.6995047119676668, 62663000000, 
-1.4870948961447292, -0.3820202310735043, 0.7111952818115634, 62697000000, 
-1.4799140338298078, -0.37928191799977384, 0.7226152092257377, 62731000000, 
-1.4727471922602775, -0.3768995737156681, 0.7337853664484668, 62765000000, 
-1.4656131630623181, -0.3747949409788906, 0.7447234594144732, 62799000000, 
-1.458521323373388, -0.37290875369080967, 0.7554442790999729, 62833000000, 
-1.4514759668250363, -0.37119550344224284, 0.7659599266590872, 62867000000, 
-1.4444786349689334, -0.36961967177912897, 0.7762800032917581, 62901000000, 
-1.4375293921470502, -0.36815307557294885, 0.7864117624458423, 62935000000, 
-1.4306275337007481, -0.36677300041206445, 0.7963602234047807, 62969000000, 
-1.4237719853349209, -0.36546087952881423, 0.8061282444877863, 63003000000, 
-1.4169615322202516, -0.36420135153530486, 0.8157165523630149, 63037000000, 
-1.4101949527167716, -0.36298158129595937, 0.8251237222212487, 63071000000, 
-1.403471095431508, -0.36179075699161006, 0.8343461021766959, 63105000000, 
-1.3967889205774002, -0.3606197024969687, 0.8433776739672627, 63139000000, 
-1.3901475211554686, -0.35946057438640727, 0.8522098404851887, 63173000000, 
-1.3835631313032326, -0.35831497548368785, 0.8609539092947432, 63207000000, 
-1.3770132651075386, -0.35718320940009873, 0.8695606001424672, 63241000000, 
-1.3708224719370004, -0.35601926156371105, 0.8779780354561199, 63275000000, 
-1.3640481253115209, -0.35491274929556926, 0.8862973975504942, 63309000000, 
-1.357746208697382, -0.35376351737868156, 0.8944451393528102, 63343000000, 
-1.3512523390997109, -0.3526280972993474, 0.9024667928762509, 63377000000, 
-1.3449264897769853, -0.3514723689836296, 0.9103658511123132, 63411000000, 
-1.3386420674858206, -0.35030718463195537, 0.9181246510084938, 63445000000, 
-1.3324036700113058, -0.34913156075268115, 0.925757591899807, 63479000000, 
-1.326471483214417, -0.34789797649151016, 0.9332944451367907, 63513000000, 
-1.3201386628040428, -0.34673881422902747, 0.9407214169280953, 63547000000, 
-1.3140816719015158, -0.34552187552161806, 0.9480731501440299, 63581000000, 
-1.3081707765085948, -0.34426512039186496, 0.9553503611192085, 63615000000, 
-1.302142312562027, -0.34301235472544317, 0.9625251697290241, 63649000000, 
-1.296844568922376, -0.34162554015148267, 0.9696273638057834, 63683000000, 
-1.296446153221677, -0.339660123816149, 0.9768286342228049, 63717000000, 
-1.2954220289748117, -0.33820675279162393, 0.9839506924573292, 63751000000, 
-1.291940405328941, -0.3392468416860502, 0.9914797777904665, 63785000000, 
-1.288721163927684, -0.34022279747922984, 0.9995965253116046, 63819000000, 
-1.2861781712271658, -0.3405038119022559, 1.0087418108572617, 63853000000, 
-1.2836780256734295, -0.34081864220046565, 1.019299779953656, 63887000000, 
-1.2813213725880703, -0.3410594278344676, 1.031694975058228, 63921000000, 
-1.2791854803423321, -0.3411124653326824, 1.0465691487298232, 63955000000, 
-1.2769918630710921, -0.3412486151290587, 1.0647646239448418, 63989000000, 
-1.275042469781445, -0.34116657261661787, 1.0880093074066222, 64023000000, 
-1.2731807506307289, -0.3410185731216387, 1.1187841628517068, 64057000000, 
-1.2714796951689775, -0.340731892459507, 1.1614885267581279, 64091000000, 
-1.2698845703579538, -0.34035943657975853, 1.2244867758606297, 64125000000, 
-1.268374951018495, -0.3399102700582736, 1.3246446503726725, 64159000000, 
-1.2670622570362566, -0.3393927439765353, 1.5027421559767609, 64193000000, 
-1.2661719346395985, -0.33883095318251527, 1.8494669015821306, 64227000000, 
-1.2654738554450138, -0.3382889050673916, 2.520152020574598, 64261000000, 
-1.26492969334977, -0.3380450043119213, -3.038823471682423, 64295000000, 
-1.2642438689781381, -0.3383068565432235, -2.6559950870178994, 64329000000, 
-1.2638012779913577, -0.3389475827421517, -2.4600664651168764, 64363000000, 
-1.2637812352837265, -0.33966474772366123, -2.3389155887242428, 64397000000, 
-1.263828832822757, -0.34038048545113153, -2.250754057847462, 64431000000, 
-1.2637639219351888, -0.3410608041684361, -2.1794078859931942, 64465000000, 
-1.263600374594188, -0.34169686473049427, -2.11789370338956, 64499000000, 
-1.2633720777692379, -0.34230750821172773, -2.061927523726736, 64533000000, 
-1.2630747540161456, -0.3428746532810623, -2.0090674424978894, 64567000000, 
-1.2626110647658713, -0.34387109989738107, -1.9582062967662999, 64601000000, 
-1.261500903209348, -0.3466489824325703, -1.9122416158184967, 64635000000, 
-1.2605433714083518, -0.3492315117188139, -1.8711346396526518, 64669000000, 
-1.2595228268601668, -0.35163651245585165, -1.8336736597571128, 64703000000, 
-1.2584493859479404, -0.3538099954091683, -1.7990196351225585, 64737000000, 
-1.2573696758652306, -0.3558064412510005, -1.767176984304961, 64771000000, 
-1.2563931433867148, -0.35758669810685845, -1.737944450831907, 64805000000, 
-1.255469304339399, -0.3591277797803709, -1.7105912364269114, 64839000000, 
-1.2547880711930393, -0.36049934514295506, -1.6841383871496054, 64873000000, 
-1.2544002357804926, -0.3617171199001049, -1.657021973007014, 64907000000, 
-1.254236235917675, -0.3628343016185475, -1.6275431687400892, 64941000000, 
-1.2541608767093773, -0.36397888325466377, -1.5941991782861318, 64975000000, 
-1.2541457229408168, -0.36517302643032085, -1.5566538618007602, 65009000000, 
-1.2541849915034935, -0.3664153753494763, -1.514627554614812, 65043000000, 
-1.2542720794776465, -0.3677039691707761, -1.4678234144010296, 65077000000, 
-1.2522030958939325, -0.368198111148119, -1.4159127069585495, 65111000000, 
-1.2523764722095065, -0.3684290918447225, -1.3629275001425574, 65145000000, 
-1.2526832134017143, -0.3686960456142787, -1.3099756177594934, 65179000000, 
-1.2529618102692925, -0.36899861901334213, -1.2569012244217426, 65213000000, 
-1.2532119738157677, -0.36933614052288527, -1.2035649913213136, 65247000000, 
-1.25343344682271, -0.3697078832378132, -1.1498167210895267, 65281000000, 
-1.2536260024400874, -0.37011306059307064, -1.0954970049042894, 65315000000, 
-1.2537894418179392, -0.3705508214825186, -1.0404391336405905, 65349000000, 
-1.2539235919410434, -0.3710202452558988, -0.98447139456634, 65383000000, 
-1.2540283038637963, -0.3715203366821159, -0.9274199152276404, 65417000000, 
-1.2541034513842724, -0.3720500210610615, -0.8691122305382977, 65451000000, 
-1.2541489303571816, -0.3726081394188454, -0.8093817639079782, 65485000000, 
-1.2541646587398467, -0.3731934437075965, -0.7480734015927424, 65519000000, 
-1.2541505775313142, -0.3738045917414364, -0.6850503038477852, 65553000000, 
-1.254106652670319, -0.3744401415769288, -0.6202020084853402, 65587000000, 
-1.2540328779570067, -0.37509854495632233, -0.5534537354393771, 65621000000, 
-1.2539292789708776, -0.3757781394737304, -0.48477657425687753, 65655000000, 
-1.2537959179232645, -0.3764771391572064, -0.41419793789316595, 65689000000, 
-1.2536328993054933, -0.377193623289049, -0.34181131669088693, 65723000000, 
-1.2534403761574278, -0.37792552343855695, -0.26778403096967845, 65757000000, 
-1.2532185567488563, -0.37867060882328846, -0.19236146249252742, 65791000000, 
-1.252967711516953, -0.37942647010138947, -0.11586627748096992, 65825000000, 
-1.2526881799492857, -0.3801905024715442, -0.038691472096698716, 65859000000, 
-1.252380377324277, -0.38095988834882716, 0.03871313231831676, 65893000000, 
-1.252044801250884, -0.3817315801042876, 0.11586029093862048, 65927000000, 
-1.2516820379496714, -0.38250228362652094, 0.19224890444666284, 65961000000, 
-1.2512927683685986, -0.3832684431462742, 0.2673891520885173, 65995000000, 
-1.2515174155639348, -0.3842133069591349, 0.33919417536409613, 66029000000, 
-1.2521345058230962, -0.38527224057330844, 0.403858115042698, 66063000000, 
-1.2527531639722391, -0.38632822586231597, 0.4617499779434777, 66097000000, 
-1.2533738555697806, -0.3873782039040415, 0.5134033314335479, 66131000000, 
-1.2539970789320671, -0.38841942553197084, 0.5593978077643688, 66165000000, 
-1.254623358007304, -0.38944943243607194, 0.6003103120584068, 66199000000, 
-1.2552532324242527, -0.39046604314748495, 0.6366864515541245, 66233000000, 
-1.2558872476566798, -0.391467332372696, 0.6690257405928751, 66267000000, 
-1.2565259470051748, -0.39245161358121006, 0.6977760006421563, 66301000000, 
-1.2571698650985879, -0.39341741808922165, 0.7233331022290879, 66335000000, 
-1.2578195235789538, -0.39436347675041933, 0.7460438016649914, 66369000000, 
-1.258475428599868, -0.3952887007910039, 0.7662099949585687, 66403000000, 
-1.2591380700199986, -0.3961921655131331, 0.7840935530191827, 66437000000, 
-1.2598079216953681, -0.39707309499575655, 0.7999211366265456, 66471000000, 
-1.260485442319502, -0.39793084981996224, 0.8138887601337976, 66505000000, 
-1.2611710761560206, -0.39876491652972473, 0.8261659346922675, 66539000000, 
-1.261865253081975, -0.3995748996256595, 0.8368993716312405, 66573000000, 
-1.2625683874990339, -0.40036051496118064, 0.8462162266985979, 66607000000, 
-1.2632808758152732, -0.4011215845891209, 0.854226923872416, 66641000000, 
-1.2640030924416061, -0.401858032084434, 0.8610275833890819, 66675000000, 
-1.2647353843982558, -0.4025698781429004, 0.8667021011802285, 66709000000, 
-1.2654780648316242, -0.4032572358230419, 0.8713239143489936, 66743000000, 
-1.2662314058086352, -0.4039203053846425, 0.8749574967628437, 66777000000, 
-1.266995630831747, -0.40455936857099206, 0.8776596204931425, 66811000000, 
-1.2677709074546213, -0.40517478261327117, 0.8794804228633066, 66845000000, 
-1.2685573403130486, -0.4057669742272303, 0.8804643131181428, 66879000000, 
-1.2693549647219045, -0.40633643410747616, 0.8806507532910713, 66913000000, 
-1.2701637408461963, -0.40688371235485854, 0.8800749424757732, 66947000000, 
-1.270983548276284, -0.40740941529081204, 0.8787684312203471, 66981000000, 
-1.2718141807177934, -0.40791420392756533, 0.8767596865972379, 67015000000, 
-1.2726553404084042, -0.408398794217825, 0.874074623764547, 67049000000, 
-1.2735066318569184, -0.4088639589617107, 0.8707371132473393, 67083000000, 
-1.274367554529204, -0.40931053106133863, 0.8667694678906815, 67117000000, 
-1.2752374942065317, -0.40973940762307837, 0.8621929079786658, 67151000000, 
-1.2761157128732563, -0.4101515543136356, 0.8570279993553457, 67185000000, 
-1.277001337152302, -0.41054800934490515, 0.8512950568150691, 67219000000, 
-1.277893345456503, -0.4109298865412961, 0.8450145046125351, 67253000000, 
-1.278790554151265, -0.41129837709537004, 0.8382071870935592, 67287000000, 
-1.2796916030986176, -0.4116547498459045, 0.8308946254159508, 67321000000, 
-1.28059494097192, -0.4120003501689394, 0.8230992203419246, 67355000000, 
-1.28149881068548, -0.41233659783176885, 0.8148444057657823, 67389000000, 
-1.2824012351887544, -0.41266498437274574, 0.8061547620616238, 67423000000, 
-1.2833000037441655, -0.412987070707456, 0.7970561018710279, 67457000000, 
-1.2841926586691848, -0.41330448569225536, 0.7875755428245752, 67491000000, 
-1.2850764824015573, -0.4136189262906088, 0.7777415815125749, 67525000000, 
-1.2859484846691638, -0.4139321597865441, 0.7675841805579511, 67559000000, 
-1.2868053895306413, -0.4142460281955005, 0.7571348761136069, 67593000000, 
-1.2876436221109502, -0.4145624546693196, 0.7464269070001922, 67627000000, 
-1.2881329608796166, -0.4145852651670059, 0.7357252073060969, 67661000000, 
-1.2882119250327222, -0.4142415500243715, 0.7261947942830271, 67695000000, 
-1.2883031432854573, -0.413913702754644, 0.7179362899017814, 67729000000, 
-1.288404483481995, -0.41360344337351623, 0.7108888128992535, 67763000000, 
-1.2885139351655626, -0.4133123170926532, 0.7049915729293093, 67797000000, 
-1.2886295955655134, -0.41304169316785105, 0.7001845430080579, 67831000000, 
-1.2887496631374054, -0.41279277787265195, 0.696409004247542, 67865000000, 
-1.2888724349222511, -0.41256662219224827, 0.6936078561668646, 67899000000, 
-1.2889963023766227, -0.4123641314319338, 0.6917258387563875, 67933000000, 
-1.2891197491778599, -0.412186071080563, 0.6907096198655276, 67967000000, 
-1.2892413479188989, -0.4120330732134261, 0.6905078368378623, 68001000000, 
-1.2893597573956164, -0.4119056402763733, 0.6910710734074419, 68035000000, 
-1.2894737187541412, -0.41180414886434985, 0.6923518228880672, 68069000000, 
-1.2895820513864555, -0.41172885177083174, 0.6943044277591166, 68103000000, 
-1.289683647737551, -0.4116798799100179, 0.6968850213607584, 68137000000, 
-1.2897774676329035, -0.41165724315702956, 0.7000514632870636, 68171000000, 
-1.2898625318900991, -0.41166083104905854, 0.7037632784647239, 68205000000, 
-1.2899379157526984, -0.4116904127666548, 0.7079815916267796, 68239000000, 
-1.287892032740964, -0.4090358832674481, 0.7122793292117224, 68273000000, 
-1.2851892378805188, -0.40577831061610614, 0.7166380864834129, 68307000000, 
-1.2824885513347402, -0.4025369050084808, 0.7211252805658531, 68341000000, 
-1.27983800672346, -0.3993647028215509, 0.7257533838072159, 68375000000, 
-1.2771274968273254, -0.3961600416904009, 0.7305034117940423, 68409000000, 
-1.2744814371999793, -0.39304888969502955, 0.7353774795950606, 68443000000, 
-1.271949138009283, -0.3900986410761077, 0.7403741549694673, 68477000000, 
-1.2692572930464563, -0.38700922444420377, 0.7454541878196842, 68511000000, 
-1.2666483871059881, -0.3840506254359858, 0.7506577646733932, 68545000000, 
-1.263889969176183, -0.3809680596285425, 0.7559412625678963, 68579000000, 
-1.2612015231337435, -0.37801531531035026, 0.7614367587893677, 68613000000, 
-1.2584935955739245, -0.37508841115413055, 0.7670936749714005, 68647000000, 
-1.255762428474439, -0.37218077970428765, 0.7728678363705919, 68681000000, 
-1.2530070094913353, -0.3692863732755348, 0.7787298509185309, 68715000000, 
-1.2502292466960179, -0.3664012619626441, 0.784650456830375, 68749000000, 
-1.2475678404742685, -0.3636711324562019, 0.7906709661688656, 68783000000, 
-1.2448528640271883, -0.36096292118852413, 0.7976099397888541, 68817000000, 
-1.2419809836271654, -0.3581369032595114, 0.8049174269759187, 68851000000, 
-1.2392165232193828, -0.35543107390749057, 0.8120979834092257, 68885000000, 
-1.2364199272860183, -0.3527461570756029, 0.8190944125420218, 68919000000, 
-1.2336010137578886, -0.3500477334031184, 0.8258606323696615, 68953000000, 
-1.2307568544535337, -0.34734770543301086, 0.8323556925094447, 68987000000, 
-1.2278881144101705, -0.34464390923749877, 0.8385356971927757, 69021000000, 
-1.2249960820271966, -0.34193317679136703, 0.8443544943113196, 69055000000, 
-1.2225583978637542, -0.33962243441341866, 0.849597140341955, 69089000000, 
-1.2220317786405983, -0.33886369794337545, 0.8544588551188905, 69123000000, 
-1.2224606413968422, -0.33892800694767355, 0.858995173178153, 69157000000, 
-1.2228649623432037, -0.3390375239705176, 0.863053851355847, 69191000000, 
-1.2232392275281387, -0.33918708498445305, 0.8666012940425781, 69225000000, 
-1.223578589039501, -0.3393717176374939, 0.8696032217363412, 69259000000, 
-1.2238788367512308, -0.3395866175950585, 0.872024887261671, 69293000000, 
-1.2241363783408552, -0.33982713420839916, 0.8738313095690879, 69327000000, 
-1.2243482276815554, -0.34008875647148584, 0.8749875523325191, 69361000000, 
-1.2245119896287124, -0.3403670989528566, 0.8754590199121923, 69395000000, 
-1.2246258509115318, -0.3406578887855562, 0.8752117959328088, 69429000000, 
-1.2246885702087074, -0.34095695356856637, 0.874213009055197, 69463000000, 
-1.2247084158996573, -0.34127113206895593, 0.8724202546833464, 69497000000, 
-1.2252398448921495, -0.3422487979668538, 0.8701944088904919, 69531000000, 
-1.2257705450603607, -0.3432703045682679, 0.8679461008987578, 69565000000, 
-1.2262855613825823, -0.3443063262303031, 0.865719208540709, 69599000000, 
-1.226786106083852, -0.34534747728384807, 0.863556146886462, 69633000000, 
-1.22727339254677, -0.34638518698971343, 0.86149707580376, 69667000000, 
-1.2277486327399265, -0.34741165331634455, 0.8595799288064278, 69701000000, 
-1.228213039349149, -0.34841979077010693, 0.8578404870925043, 69735000000, 
-1.2286678292675297, -0.3494031829365409, 0.8563124385478581, 69769000000, 
-1.2291142285104246, -0.35035603395927706, 0.8550274504679222, 69803000000, 
-1.229553475894267, -0.3512731251345929, 0.8540152141697533, 69837000000, 
-1.2299868251671398, -0.3521497729771255, 0.8533034771578865, 69871000000, 
-1.2304155440589903, -0.35298179197365187, 0.852918038922221, 69905000000, 
-1.230840910434904, -0.3537654594411342, 0.8528827242031839, 69939000000, 
-1.231264205312943, -0.35449748390740526, 0.8532193260587502, 69973000000, 
-1.2316867036938295, -0.35517497515476704, 0.8539475349482952, 70007000000, 
-1.2321096639670184, -0.3557954165184714, 0.8550848573528557, 70041000000, 
-1.2325343172820376, -0.3563566383085847, 0.8566465405878447, 70075000000, 
-1.2329618579826047, -0.35685679280303256, 0.8586455109563449, 70109000000, 
-1.2333934362911039, -0.35729433041146846, 0.8610923374586603, 70143000000, 
-1.2338301539369325, -0.3576679776109568, 0.8639952247503565, 70177000000, 
-1.2342730631476817, -0.3579767168022831, 0.8673600391961822, 70211000000, 
-1.2347231688486888, -0.3582197687795199, 0.8711903646082518, 70245000000, 
-1.235181433553131, -0.35839657815951464, 0.8754875828736585, 70279000000, 
-1.2356487741974085, -0.3585068613732356, 0.8802505737121861, 70313000000, 
-1.236126104426706, -0.35855031133963716, 0.8854778024097905, 70347000000, 
-1.2366142881833564, -0.3585271809869814, 0.8911634377357961, 70381000000, 
-1.237114201347285, -0.35843766226701346, 0.8973014164682527, 70415000000, 
-1.2376266789186723, -0.3582822057729389, 0.9038835105646094, 70449000000, 
-1.2381525488447676, -0.3580614996425494, 0.9108997857770849, 70483000000, 
-1.2386926187374299, -0.3577764618627783, 0.9183385666028325, 70517000000, 
-1.2392476698396253, -0.35742822621137926, 0.9261864932784328, 70551000000, 
-1.23981844517724, -0.3570181745022971, 0.9344284517685286, 70585000000, 
-1.2404056400729828, -0.35654794449837274, 0.9430475956197691, 70619000000, 
-1.2410098889727734, -0.35601945037342614, 0.9520253016513829, 70653000000, 
-1.2416317549329279, -0.3554348963698921, 0.961341193975542, 70687000000, 
-1.2422717181813459, -0.3547967987855003, 0.9709731480415782, 70721000000, 
-1.2429301673459099, -0.3541080054215649, 0.98089734818087, 70755000000, 
-1.2436073907924179, -0.353371721484191, 0.9910883457838419, 70789000000, 
-1.2443035696310654, -0.35259153578214586, 1.0015191535066341, 70823000000, 
-1.2450187702203537, -0.35177145239855173, 1.0121613402480847, 70857000000, 
-1.2457529364986046, -0.3509159240849083, 1.0229851404865307, 70891000000, 
-1.2465058803911417, -0.350029890031523, 1.033959553764848, 70925000000, 
-1.2472772702498203, -0.34911881537923645, 1.0450524384407254, 70959000000, 
-1.2480666162888323, -0.3481887334725614, 1.056230585117533, 70993000000, 
-1.2488732532405873, -0.3472462887774219, 1.0674597723023689, 71027000000, 
-1.2496963200534752, -0.34629878052643015, 1.0787047980872424, 71061000000, 
-1.250534737314228, -0.34535420545290346, 1.08992949145368, 71095000000, 
-1.251387182853973, -0.3444212993036205, 1.1010967019397966, 71129000000, 
-1.2522520664384833, -0.34350957591923326, 1.112168270619564, 71163000000, 
-1.253127504178144, -0.34262936347199374, 1.1231049812436318, 71197000000, 
-1.2540112934023895, -0.3417918368969563, 1.1338664907607219, 71231000000, 
-1.2549008884565398, -0.34100904588729664, 1.1444112345538382, 71265000000, 
-1.2557933778736574, -0.34029393729445456, 1.154696300444364, 71299000000, 
-1.256676969374824, -0.3396531837323024, 1.1646682678216775, 71333000000, 
-1.257426086939301, -0.3389927034394776, 1.1741137661714882, 71367000000, 
-1.2580197989547823, -0.33825234680439603, 1.1829774033734022, 71401000000, 
-1.2587044035348396, -0.33768940649869505, 1.1913177167233335, 71435000000, 
-1.2583502390819024, -0.3352711436906072, 1.1995435556034402, 71469000000, 
-1.2567819093672425, -0.33047199582869097, 1.2077112471067508, 71503000000, 
-1.2549523878161242, -0.32535657349127484, 1.215310231435353, 71537000000, 
-1.2533089170776854, -0.32036817345829444, 1.2224808287541507, 71571000000, 
-1.2519801626871383, -0.3176268491279353, 1.2293610925001244, 71605000000, 
-1.252183724202011, -0.3208241213910711, 1.2359403120038306, 71639000000, 
-1.2522894737597379, -0.32408792498735717, 1.2420841640139217, 71673000000, 
-1.2518124630973846, -0.32670325809112766, 1.248035209867374, 71707000000, 
-1.2513057484573311, -0.3288277232270426, 1.2538214329920068, 71741000000, 
-1.250815686334785, -0.3304939327831708, 1.259557156268645, 71775000000, 
-1.2503192785745576, -0.3318109830624761, 1.265290048974278, 71809000000, 
-1.2497938306794996, -0.3326431180993295, 1.2710981804527783, 71843000000, 
-1.2492839375326354, -0.3331584723204291, 1.2770103114631777, 71877000000, 
-1.2487167313386163, -0.3331800976006569, 1.2830394762532233, 71911000000, 
-1.2480545830635001, -0.3327468894134041, 1.2892048042437263, 71945000000, 
-1.2471482420658113, -0.33145873891026917, 1.2953388892380024, 71979000000, 
-1.2459579963996001, -0.3283794580750945, 1.3009784432189109, 72013000000, 
-1.2448384477507617, -0.3238389438711715, 1.3059444694220057, 72047000000, 
-1.2437371178448922, -0.32002320444959265, 1.3108264562137535, 72081000000, 
-1.2426279485622282, -0.31619040681871297, 1.3155059300583212, 72115000000, 
-1.241513304549227, -0.3123368889750168, 1.3199170903029118, 72149000000, 
-1.240405583298684, -0.3084719884927247, 1.3239879631603282, 72183000000, 
-1.2393445229174718, -0.3047624985856484, 1.3269674760772485, 72217000000, 
-1.2392752326436431, -0.304592772552388, 1.3284248041781224, 72251000000, 
-1.2387221379778497, -0.3053444672044869, 1.3292406659383365, 72285000000, 
-1.2382671631409563, -0.304995139454456, 1.3296222559603204, 72319000000, 
-1.2378234166812978, -0.30473754800946523, 1.3296569146658226, 72353000000, 
-1.2375380858003442, -0.3048544256157901, 1.3292591494386492, 72387000000, 
-1.2374575659185632, -0.30548788158620044, 1.328461657676617, 72421000000, 
-1.2375693593093844, -0.3065804429710534, 1.3275017970704537, 72455000000, 
-1.2377656314580345, -0.3078648821312185, 1.3264759468712943, 72489000000, 
-1.2379779232903203, -0.30922271395591766, 1.325441440727554, 72523000000, 
-1.238210547141218, -0.31064132041838366, 1.3244582375555323, 72557000000, 
-1.238467504475346, -0.31210911544052894, 1.3235856773429302, 72591000000, 
-1.2387525408202915, -0.3136154338170071, 1.3228834374649385, 72625000000, 
-1.2390691238327658, -0.315150549125711, 1.3224114080968885, 72659000000, 
-1.2394204877132073, -0.3167055822111123, 1.3222304348587535, 72693000000, 
-1.239809626519267, -0.31827249077844205, 1.3224023444471193, 72727000000, 
-1.2402393293605385, -0.31984399277406816, 1.3229905376523323, 72761000000, 
-1.2407121808791841, -0.32141354021485047, 1.3240601073440155, 72795000000, 
-1.2412305866170201, -0.32297525441330444, 1.3256783125162004, 72829000000, 
-1.241796774495217, -0.32452389218054906, 1.3279147325114062, 72863000000, 
-1.2424128103031733, -0.3260547902846476, 1.3308416325884098, 72897000000, 
-1.243080596864606, -0.32756382886135954, 1.3345341072072594, 72931000000, 
-1.2438018809780063, -0.32904738311496556, 1.3390703366134578, 72965000000, 
-1.2445782496628939, -0.3305022868110486, 1.344531678433049, 72999000000, 
-1.2454111310003961, -0.3319257900514879, 1.3510028005420374, 73033000000, 
-1.2463017883950402, -0.3333155248271993, 1.358571670564434, 73067000000, 
-1.2472513177466402, -0.33466946854277785, 1.3673295176737947, 73101000000, 
-1.2482606405710026, -0.3359859132423009, 1.377370630992028, 73135000000, 
-1.249330498606085, -0.3372634351188121, 1.3887920405280714, 73169000000, 
-1.2504614452397718, -0.33850086867394774, 1.4016929622551986, 73203000000, 
-1.2516538366350423, -0.3396972824911422, 1.4161739958214703, 73237000000, 
-1.2528055196074623, -0.3405802276102817, 1.431321786791309, 73271000000, 
-1.253897176320603, -0.3414223044994237, 1.4460663592002048, 73305000000, 
-1.2549321810328795, -0.3422602746958911, 1.4603553002216705, 73339000000, 
-1.2559077420327258, -0.3430925710947644, 1.474130075366513, 73373000000, 
-1.2568211663802171, -0.3439177475296112, 1.4873289058733918, 73407000000, 
-1.2576702203681012, -0.3447345964781018, 1.4998925175929354, 73441000000, 
-1.258452794936398, -0.34554203342167733, 1.511759525901681, 73475000000, 
-1.2591671060445948, -0.34633915619542976, 1.522869774856228, 73509000000, 
-1.2598114953363424, -0.3471251760131873, 1.5331614730608973, 73543000000, 
-1.2603845408966208, -0.3478994443197939, 1.5425730682932175, 73577000000, 
-1.2608849384750096, -0.348661409858222, 1.5510414076971646, 73611000000, 
-1.261311561995787, -0.3494106278893649, 1.5585027056412684, 73645000000, 
-1.2616633919379259, -0.35014673205669583, 1.564891277937875, 73679000000, 
-1.2619395469674641, -0.35086943471748044, 1.5701399285971265, 73713000000, 
-1.262139239220848, -0.35157850783020034, 1.57417898796102, 73747000000, 
-1.262261789045478, -0.35227377963158124, 1.5769363253623192, 73781000000, 
-1.2623065958456763, -0.3529551216359435, 1.5783365588400387, 73815000000, 
-1.2622731437932133, -0.3536224445822551, 1.5783008650143509, 73849000000, 
-1.262160983162202, -0.354275689793849, 1.5767463505660697, 73883000000, 
-1.2619697332630604, -0.3549148255881785, 1.573585852223741, 73917000000, 
-1.2616990730962026, -0.3555398414752513, 1.5687275779792975, 73951000000, 
-1.2613487466066682, -0.3561507449746991, 1.5620751488993365, 73985000000, 
-1.2609185629984712, -0.356747557110011, 1.5535277352058938, 74019000000, 
-1.260408407606115, -0.3573303089337458, 1.5429806747044916, 74053000000, 
-1.2598182516982663, -0.3578990369764911, 1.5303264467010929, 74087000000, 
-1.259148169797244, -0.35845377880614443, 1.5154562967710008, 74121000000, 
-1.2583983572403281, -0.3589945676832158, 1.4982624980333312, 74155000000, 
-1.2575691524599366, -0.35952142703211704, 1.4786414842334366, 74189000000, 
-1.2566871908499067, -0.360140482515301, 1.456876135086462, 74223000000, 
-1.2558689310912305, -0.36091311724448094, 1.435792867393749, 74257000000, 
-1.2551188656903765, -0.3616655374126179, 1.4160440437537876, 74291000000, 
-1.2544383196621123, -0.3623978175913867, 1.3977015250849651, 74325000000, 
-1.2538284508479582, -0.36311011740009835, 1.3808296427241638, 74359000000, 
-1.2532902709764402, -0.3638026730243639, 1.365486292811759, 74393000000, 
-1.2528246554143536, -0.36447578645586587, 1.3517239614104197, 74427000000, 
-1.25243236165763, -0.3651298132375325, 1.339591094282776, 74461000000, 
-1.2521140426343322, -0.365765153108221, 1.3291334264952124, 74495000000, 
-1.2518702650674158, -0.3663822408613391, 1.3203954911781344, 74529000000, 
-1.2517015242994152, -0.36698153980873105, 1.313422062249435, 74563000000, 
-1.251608260711795, -0.36756353627352023, 1.3082596427401079, 74597000000, 
-1.2515908723012712, -0.368128736204362, 1.3049578412369924, 74631000000, 
-1.2516497259702102, -0.3686776627817613, 1.303570689982821, 74665000000, 
-1.2517851643231215, -0.3692108553080456, 1.304157802155292, 74699000000, 
-1.2519975095588858, -0.36972886848159414, 1.3067853883913951, 74733000000, 
-1.252287062982739, -0.3702322719779418, 1.311527058265715, 74767000000, 
-1.2526541015546742, -0.3707216496990316, 1.3184643974227694, 74801000000, 
-1.2530988712109896, -0.37119759859785145, 1.3276872456749176, 74835000000, 
-1.2536215783267814, -0.37166072678768514, 1.3392936249641045, 74869000000, 
-1.254222379609778, -0.3721116510332857, 1.3533892096306397, 74903000000, 
-1.2549013714632222, -0.37255099368276906, 1.3700862238902392, 74937000000, 
-1.255658579002495, -0.37297937934091263, 1.3895015960608683, 74971000000, 
-1.2564939450974193, -0.3733974315566392, 1.411754175007819, 75005000000, 
-1.257407319106372, -0.37380576988096437, 1.4369607712326233, 75039000000, 
-1.2583984449249301, -0.3742050075578857, 1.4652307787748224, 75073000000, 
-1.2594669474996292, -0.37459575005574053, 1.496659148478834, 75107000000, 
-1.2606111752910663, -0.37496962824017804, 1.5312933454881281, 75141000000, 
-1.2617215731953688, -0.3750421088176287, 1.565841103010543, 75175000000, 
-1.2627552008944731, -0.3751171142691132, 1.598249838371916, 75209000000, 
-1.2637112299246138, -0.3751943542374489, 1.6284407756908459, 75243000000, 
-1.2645889788136964, -0.3752735735122895, 1.6563582086724642, 75277000000, 
-1.2653878779403864, -0.37535452822518706, 1.6819648705608128, 75311000000, 
-1.2661074539040973, -0.3754369857429576, 1.7052377058017414, 75345000000, 
-1.266747308612379, -0.3755207242272923, 1.726163513115939, 75379000000, 
-1.267307108491646, -0.37560553230970384, 1.7447351055426, 75413000000, 
-1.2677865716425185, -0.37569120826824604, 1.7609476688788608, 75447000000, 
-1.2681854611596883, -0.37577755904057925, 1.7747956291265305, 75481000000, 
-1.2685035773190372, -0.3758643988037419, 1.7862697871560371, 75515000000, 
-1.26874075354798, -0.3759515375775594, 1.7953548665025716, 75549000000, 
-1.2688968476571572, -0.3760388026185147, 1.8020271954346339, 75583000000, 
-1.2689718143239241, -0.3761260254417296, 1.8062550899703493, 75617000000, 
-1.2689653471653253, -0.3762130337696538, 1.8079861582460814, 75651000000, 
-1.2688775772641485, -0.3762996680454362, 1.8071675128078042, 75685000000, 
-1.2687084005524694, -0.3763857447117178, 1.803723818082642, 75719000000, 
-1.2684576321267562, -0.3764710851900628, 1.797560866004849, 75753000000, 
-1.2681253795371, -0.3765555102616282, 1.7885769788722266, 75787000000, 
-1.2677115040476223, -0.376638842780251, 1.7766456259934942, 75821000000, 
-1.267216095440536, -0.376720901252679, 1.7616313710351341, 75855000000, 
-1.2666391283986245, -0.3768015049973557, 1.7433801635951156, 75889000000, 
-1.2659807471758222, -0.3768804693893761, 1.7217317970719141, 75923000000, 
-1.2652410773562746, -0.3769576083231811, 1.696518324841608, 75957000000, 
-1.2644204021299636, -0.3770327299125612, 1.6675773739852973, 75991000000, 
-1.2635190639680767, -0.37710563659555957, 1.634758827260611, 76025000000, 
-1.262537577582141, -0.37717612083773683, 1.5979424356385254, 76059000000, 
-1.261517561681835, -0.3774367929616768, 1.5588933730136927, 76093000000, 
-1.2605692170951752, -0.3777918440712621, 1.5223299328688429, 76127000000, 
-1.2596990957351801, -0.3781503671256208, 1.4885613662723929, 76161000000, 
-1.2589078609633653, -0.37851291035061874, 1.4576483892361185, 76195000000, 
-1.2581960445285496, -0.3788800322325843, 1.429620574938511, 76229000000, 
-1.2575640592427357, -0.37925229777067826, 1.404484537552211, 76263000000, 
-1.2570122222798834, -0.3796302747862288, 1.38223221293547, 76297000000, 
-1.2565407712625278, -0.38001453137564034, 1.3628482274210723, 76331000000, 
-1.2561498855094946, -0.38040563462730864, 1.3463167724329073, 76365000000, 
-1.2558397016659422, -0.3808041505726421, 1.3326275555715872, 76399000000, 
-1.2556103300957326, -0.38121064522288634, 1.32178121317216, 76433000000, 
-1.2554618657317518, -0.3816256862997449, 1.3137940702645639, 76467000000, 
-1.2553943969759367, -0.3820498452824109, 1.3087025803574936, 76501000000, 
-1.255408008740578, -0.38248369920295006, 1.3065674482160161, 76535000000, 
-1.255502782755383, -0.3829278318113183, 1.3074777185703763, 76569000000, 
-1.2556787934329563, -0.38338283365963116, 1.3115548679450904, 76603000000, 
-1.2559361014395303, -0.38384930090190267, 1.3189570524223753, 76637000000, 
-1.256274744865668, -0.3843278326770607, 1.3298834807850595, 76671000000, 
-1.2566947297036353, -0.3848190271822851, 1.344578844356855, 76705000000, 
-1.2571960198742167, -0.3853234766294526, 1.363337476402698, 76739000000, 
-1.2577785278198836, -0.38584176143847665, 1.3865066543622477, 76773000000, 
-1.2584421055672095, -0.38637444403125115, 1.4144879486031983, 76807000000, 
-1.2591865363570787, -0.3869220626161265, 1.4477348561855294, 76841000000, 
-1.2600115261202265, -0.38748512525154954, 1.486743978665481, 76875000000, 
-1.2609166940995797, -0.3880641043780747, 1.5320358304133725, 76909000000, 
-1.2619015614671416, -0.388659431830698, 1.5841201501373494, 76943000000, 
-1.2629655369197987, -0.3892714941904537, 1.6434399948768736, 76977000000, 
-1.264036406710841, -0.3896107821320356, 1.704664043895857, 77011000000, 
-1.2650257875426254, -0.3899520251582618, 1.7633161598553384, 77045000000, 
-1.265932593459188, -0.39030396022015895, 1.8191303337201525, 77079000000, 
-1.2667561778834904, -0.3906665841725708, 1.8719180466920011, 77113000000, 
-1.2674959914100175, -0.39103991105943076, 1.92157459441617, 77147000000, 
-1.2681515568702317, -0.39142397104104354, 1.96806470650995, 77181000000, 
-1.2687224571635638, -0.3918188097425675, 2.011407322553905, 77215000000, 
-1.2692083201963777, -0.3922244872887241, 2.051660114391212, 77249000000, 
-1.2696088118887632, -0.39264107715189417, 2.0889054629963137, 77283000000, 
-1.269923628167993, -0.39306866450054145, 2.1232376986878125, 77317000000, 
-1.2701524917712668, -0.39350734412111904, 2.154751979710137, 77351000000, 
-1.2702951475328181, -0.3939572177516803, 2.1835340098854563, 77385000000, 
-1.2703513604677197, -0.3944183910365314, 2.209650219418412, 77419000000, 
-1.2703209132036615, -0.39489097013433105, 2.233137180586187, 77453000000, 
-1.2702036048689347, -0.3953750581148224, 2.2539889792262766, 77487000000, 
-1.2699992501783908, -0.39587075125765603, 2.272140257005017, 77521000000, 
-1.2697076803605032, -0.3963781353375628, 2.2874414919945467, 77555000000, 
-1.2693287455826572, -0.39689728193101537, 2.299620299282407, 77589000000, 
-1.2688623201048617, -0.3974282447071551, 2.3082173645298028, 77623000000, 
-1.2683083099802126, -0.39797105559484264, 2.3124742133339735, 77657000000, 
-1.2676666646019665, -0.3985257207317189, 2.311124388440359, 77691000000, 
-1.2669373910138328, -0.3990922159117084, 2.3019755682932415, 77725000000, 
-1.2661205713094092, -0.3996704813379222, 2.2809950154612775, 77759000000, 
-1.2652163831263146, -0.40026041554871955, 2.2400646794241568, 77793000000, 
-1.2642251224005339, -0.40086186830619175, 2.1605851006436536, 77827000000, 
-1.2631472278956744, -0.40147463237576625, 1.9915989545241908, 77861000000, 
-1.2619831005105457, -0.4021586679787307, 1.5739011013419577, 77895000000, 
-1.2608288839934523, -0.4031064212052599, 0.7566158667760416, 77929000000, 
-1.2597587281777123, -0.4040992063360703, 0.10201771983158262, 77963000000, 
-1.2590509237940273, -0.40506416730412476, -0.1738558489487103, 77997000000, 
-1.2584325638107567, -0.40590772498312405, -0.2913059274275966, 78031000000, 
-1.257908261233335, -0.4066256111850995, -0.34670977240573203, 78065000000, 
-1.2574818779123869, -0.40721444259296735, -0.3717307738423167, 78099000000, 
-1.257156606704056, -0.40767164555516083, -0.3786688670573475, 78133000000, 
-1.256935009126928, -0.4079954162796809, -0.3728309624256417, 78167000000, 
-1.2568189655939708, -0.40818479338846436, -0.3564509842285713, 78201000000, 
-1.2568101643651244, -0.4082390528415152, -0.33005815538483313, 78235000000, 
-1.2569092037760592, -0.4081588881609952, -0.29309804126455646, 78269000000, 
-1.2571165121309433, -0.40794522741636774, -0.24397807747199812, 78303000000, 
-1.257431905879268, -0.40759980900349896, -0.18005483973314318, 78337000000, 
-1.2578546701078885, -0.40712509541398034, -0.0974725725365623, 78371000000, 
-1.2583835206532572, -0.40652432443688125, 0.008904669064070178, 78405000000, 
-1.2590165807591711, -0.40580153080712444, 0.14504136922315602, 78439000000, 
-1.2595024930565988, -0.40499968481100673, 0.3033117778802982, 78473000000, 
-1.2600450554423919, -0.4042425447489821, 0.46996701967802645, 78507000000, 
-1.2606675210797025, -0.40353348140193507, 0.6439869138246046, 78541000000, 
-1.2613695894950967, -0.40287209972016214, 0.8232892325943817, 78575000000, 
-1.2621508916860706, -0.4022579932253613, 1.0046436956388116, 78609000000, 
-1.2630109804652598, -0.4016907422058897, 1.183985168113071, 78643000000, 
-1.2639493286883097, -0.4011699153019727, 1.3570931926874779, 78677000000, 
-1.2649653202483715, -0.4006950692624033, 1.5203695618159327, 78711000000, 
-1.2660582430303875, -0.40026575096438544, 1.6713752699463564, 78745000000, 
-1.2672220662943077, -0.3997392018612631, 1.8052299366835607, 78779000000, 
-1.2683369911816227, -0.39908599429243163, 1.9086121922333266, 78813000000, 
-1.2693677351579622, -0.3984384562702852, 1.9866018938702696, 78847000000, 
-1.2703138996924328, -0.3977960940679505, 2.0451613455823563, 78881000000, 
-1.2711752050696665, -0.39715837249808034, 2.0888540580858934, 78915000000, 
-1.2719514631450035, -0.39652471860148986, 2.1210140249357563, 78949000000, 
-1.2726425605173124, -0.39589452825342214, 2.1440410193286015, 78983000000, 
-1.2732484424133195, -0.39526717241933595, 2.159659398384477, 79017000000, 
-1.2737691033999368, -0.3946420031186729, 2.1691120601462326, 79051000000, 
-1.2742045799148627, -0.39401835878102753, 2.1732977397445725, 79085000000, 
-1.274554946738272, -0.3933955689337602, 2.172866736125884, 79119000000, 
-1.2748203138189347, -0.39277295802210144, 2.16828753733932, 79153000000, 
-1.2750008247468951, -0.3921498485463637, 2.159893773560677, 79187000000, 
-1.2750966547866043, -0.3915255635488086, 2.1479178160930594, 79221000000, 
-1.2751080094711913, -0.3908994287716932, 2.1325155099417406, 79255000000, 
-1.2750351230247667, -0.39027077468366955, 2.1137850168374053, 79289000000, 
-1.2748782577374107, -0.38963893872026456, 2.091781947726743, 79323000000, 
-1.274637704428142, -0.3890032679362914, 2.06653228787633, 79357000000, 
-1.2743137850970436, -0.3883631222940502, 2.0380442629966695, 79391000000, 
-1.2739068580401682, -0.3877178786259041, 2.006319937916924, 79425000000, 
-1.27341732652659, -0.3870669353774862, 1.9713671245572402, 79459000000, 
-1.2728456505359342, -0.38640971789550954, 1.9332118189653231, 79493000000, 
-1.2721923618359414, -0.3857456841666136, 1.8919111229432848, 79527000000, 
-1.2714580822583363, -0.38507433087196163, 1.8475662100163506, 79561000000, 
-1.27064354446283, -0.38439519955023854, 1.800334458700408, 79595000000, 
-1.2697678886882038, -0.38395265155774483, 1.7542346863806826, 79629000000, 
-1.268964057328538, -0.38356363943427846, 1.7139240934530533, 79663000000, 
-1.2682397054995282, -0.3831977896631657, 1.6791154752544524, 79697000000, 
-1.2675949603195638, -0.38285537524073265, 1.649461175884241, 79731000000, 
-1.2670301142630898, -0.38253671691664753, 1.624619753934453, 79765000000, 
-1.2665451918392143, -0.38224203340909885, 1.604254956773399, 79799000000, 
-1.2661402982993708, -0.38197156075941213, 1.5880632245921333, 79833000000, 
-1.2658153794914755, -0.3817254699933547, 1.575768945214321, 79867000000, 
-1.2655704241960715, -0.3815039363628763, 1.5671353994558461, 79901000000, 
-1.2654053315092746, -0.38130709562390525, 1.5619589556567441, 79935000000, 
-1.265320027866483, -0.3811350854909147, 1.5600722794605497, 79969000000, 
-1.2653143918796415, -0.3809880233041895, 1.5613388565185573, 80003000000, 
-1.265388355055621, -0.38086603189014945, 1.5656540021635168, 80037000000, 
-1.2655417192211718, -0.38076920986185026, 1.5729350362482784, 80071000000, 
-1.265774310267888, -0.3806976732356142, 1.58312391969418, 80105000000, 
-1.266086174707411, -0.38065161854672713, 1.5961913644677808, 80139000000, 
-1.2664769310279385, -0.3806310989180023, 1.6121084619726223, 80173000000, 
-1.2669464273917506, -0.3806362571714954, 1.6308682355878406, 80207000000, 
-1.2674944006861786, -0.38066721562578476, 1.6524684790325999, 80241000000, 
-1.2681205277898695, -0.38072408860159596, 1.6769090377042617, 80275000000, 
-1.2688244208271633, -0.38080697923964263, 1.7041864648018707, 80309000000, 
-1.2696056137171807, -0.3809159741217896, 1.7342877353668518, 80343000000, 
-1.2704635558993869, -0.3810511401261746, 1.767183740677643, 80377000000, 
-1.2713976002148761, -0.38121252068819655, 1.8028222087114483, 80411000000, 
-1.2724069932800413, -0.38140013383731675, 1.841120705100903, 80445000000, 
-1.2734763592232918, -0.38132526696805974, 1.8783422137716328, 80479000000, 
-1.2744702758014113, -0.38122194831841605, 1.9117198383056169, 80513000000, 
-1.2753864501766536, -0.38109774091475834, 1.941365404042394, 80547000000, 
-1.2762246823704662, -0.38095213640637937, 1.9674075394981099, 80581000000, 
-1.2769848676085631, -0.38078463612321284, 1.9899880501597278, 80615000000, 
-1.2776669707286499, -0.38059474730969417, 2.009252074704181, 80649000000, 
-1.278271013284606, -0.3803819834202489, 2.0253412394817936, 80683000000, 
-1.2787970584514068, -0.38014586345473717, 2.0383887831149017, 80717000000, 
-1.2792452050293066, -0.3798859137222527, 2.0485166396175654, 80751000000, 
-1.279615581520967, -0.37960166893440034, 2.055833742336152, 80785000000, 
-1.279908346000431, -0.3792926744443911, 2.060435449728494, 80819000000, 
-1.2801236860197074, -0.3789584877375703, 2.0624036371613754, 80853000000, 
-1.2802618212797476, -0.37859868024230814, 2.061807386961416, 80887000000, 
-1.2803230054932722, -0.37821283845273557, 2.0587040308145546, 80921000000, 
-1.2803075289347357, -0.3778005651687277, 2.0531405290953266, 80955000000, 
-1.2802157198504456, -0.37736148049612317, 2.045155080854876, 80989000000, 
-1.2800479460114964, -0.37689522333421016, 2.034778991522071, 81023000000, 
-1.2798046159534442, -0.37640145337898995, 2.022038774458635, 81057000000, 
-1.2794861812844058, -0.3758798542561041, 2.0069585321088943, 81091000000, 
-1.2790931404106112, -0.37533013790886904, 1.9895626228477468, 81125000000, 
-1.2786260449490372, -0.3747520506187417, 1.969878640781307, 81159000000, 
-1.2780855093023882, -0.3741453806553667, 1.9479406883888981, 81193000000, 
-1.27747222416012, -0.3735099676236433, 1.9237929017763067, 81227000000, 
-1.2767869739924353, -0.37284571329992966, 1.8974931246619628, 81261000000, 
-1.2760248135207846, -0.37236433112997197, 1.8710942959186618, 81295000000, 
-1.2753242677232968, -0.3719493745911164, 1.8477284868861759, 81329000000, 
-1.274702677478454, -0.3715507587818315, 1.8273285655900753, 81363000000, 
-1.2741603697754005, -0.371168697082514, 1.8097970582907525, 81397000000, 
-1.2736975881290722, -0.37080337383420253, 1.7950300977079856, 81431000000, 
-1.27331450448047, -0.37045494965046205, 1.782922110244475, 81465000000, 
-1.2730112233017326, -0.37012356351627385, 1.7733690724896334, 81499000000, 
-1.2727877890056898, -0.36980933492921864, 1.7662708680538057, 81533000000, 
-1.2726441895637541, -0.36951236481082944, 1.7615327240582437, 81567000000, 
-1.272580362495348, -0.3692327370853654, 1.7590660790095465, 81601000000, 
-1.2725961988097538, -0.3689705202736115, 1.7587888983797308, 81635000000, 
-1.2726915478986311, -0.36872577006835583, 1.7606256437795653, 81669000000, 
-1.272866220325695, -0.3684985323073394, 1.7645069044669839, 81703000000, 
-1.2731199897561698, -0.36828884658206373, 1.770368801240599, 81737000000, 
-1.2734525919640756, -0.3680967498255532, 1.778152163211668, 81771000000, 
-1.2738637215101194, -0.3679222797134124, 1.787801537796272, 81805000000, 
-1.2743530250066968, -0.36776547729223297, 1.7992640387608874, 81839000000, 
-1.274920091598246, -0.3676263886439619, 1.812488077025509, 81873000000, 
-1.2755644404553121, -0.36750506529386845, 1.8274219946646229, 81907000000, 
-1.2762855061129803, -0.367401563421256, 1.8440126506293975, 81941000000, 
-1.277082621960068, -0.3673159419760827, 1.8622039975923173, 81975000000, 
-1.277955002643302, -0.3672482600584666, 1.881935707220665, 82009000000, 
-1.2789017256400985, -0.3671985739413612, 1.9031418959446895, 82043000000, 
-1.2799217122733397, -0.3671669342011793, 1.9257500105083987, 82077000000, 
-1.2810402595472081, -0.36697526705111905, 1.948716730881619, 82111000000, 
-1.2821366376572385, -0.3666416670771656, 1.9693242287044865, 82145000000, 
-1.2831679133913023, -0.36626394626847336, 1.9875201524903379, 82179000000, 
-1.2841341905211678, -0.3658415142325359, 2.0034055714475563, 82213000000, 
-1.2850356981585767, -0.36537383424385805, 2.017084710212633, 82247000000, 
-1.2858727688229716, -0.36486041707185773, 2.028662143154519, 82281000000, 
-1.2866458266324612, -0.36430082267540187, 2.0382409459427655, 82315000000, 
-1.287355371023975, -0.36369465963672304, 2.045921306639179, 82349000000, 
-1.2880019683528916, -0.36304158964850813, 2.0517997684009033, 82383000000, 
-1.2885862430461807, -0.36234133157461285, 2.0559687927120436, 82417000000, 
-1.289108875079111, -0.36159366919815483, 2.0585167076941797, 82451000000, 
-1.289570598686336, -0.3607984592154704, 2.0595278447941827, 82485000000, 
-1.2899722055636278, -0.35995564169811295, 2.0590828776476915, 82519000000, 
-1.290314549067893, -0.35906525084695373, 2.0572592372328575, 82553000000, 
-1.2905985506787794, -0.35812742729441394, 2.054131597378249, 82587000000, 
-1.2908252063208943, -0.35714243072680113, 2.0497723530033936, 82621000000, 
-1.2909955930669317, -0.3561106537438979, 2.0442520846099144, 82655000000, 
-1.2911108749399254, -0.3550326365061015, 2.03763996854092, 82689000000, 
-1.291172308460479, -0.35390908305572366, 2.0300041360692034, 82723000000, 
-1.2911812477793574, -0.3527408794082553, 2.021411969032031, 82757000000, 
-1.2911391504582796, -0.35152911426238265, 2.011930344982584, 82791000000, 
-1.291047584511379, -0.3502751026164299, 2.001625835866139, 82825000000, 
-1.2909082379034975, -0.34898041288844317, 1.9905648754961098, 82859000000, 
-1.290691280959018, -0.34778641116717374, 1.979302281356338, 82893000000, 
-1.2905075852824737, -0.3466820004248167, 1.9695768487384286, 82927000000, 
-1.2904051318029273, -0.3455775274162412, 1.9614420257546923, 82961000000, 
-1.290383514305752, -0.34447345702343407, 1.9548014635846216, 82995000000, 
-1.290441872255962, -0.3433703030596588, 1.9495575172883326, 83029000000, 
-1.2905793586777337, -0.34226862776227235, 1.9456184566085364, 83063000000, 
-1.2907947774627913, -0.3411690807754807, 1.9428938869112014, 83097000000, 
-1.2910868378175673, -0.3400723937731599, 1.941298409492079, 83131000000, 
-1.2914539360267439, -0.3389794127994744, 1.9407489502777293, 83165000000, 
-1.2918942875703445, -0.33789109418937746, 1.941166537985533, 83199000000, 
-1.2924057911831421, -0.3368085312147939, 1.9424747099270883, 83233000000, 
-1.2929860920663931, -0.335732955096852, 1.9446003413373154, 83267000000, 
-1.2936324932284642, -0.33466575976131197, 1.947472694174922, 83301000000, 
-1.2943419793221342, -0.33360851032622607, 1.951023790753078, 83335000000, 
-1.2951111536224211, -0.33256296907220534, 1.9551878476294142, 83369000000, 
-1.2959362370583942, -0.33153111146351266, 1.9599014250354259, 83403000000, 
-1.2968130162812754, -0.3305151539519275, 1.965103070811549, 83437000000, 
-1.2977368244530925, -0.32951757516292995, 1.970733337888674, 83471000000, 
-1.2987024912941938, -0.3285411438224943, 1.9767345202774564, 83505000000, 
-1.2997043096742646, -0.3275889414260391, 1.9830505757192993, 83539000000, 
-1.30073598393037, -0.3266643876813312, 1.9896268889545725, 83573000000, 
-1.3017905870320656, -0.3257712612713973, 1.9964101273791, 83607000000, 
-1.3028605081863303, -0.3249137208052841, 2.003348009897058, 83641000000, 
-1.303937406649534, -0.3240963216104268, 2.0103891242554783, 83675000000, 
-1.3050634265370087, -0.32318755704790936, 2.0173319014435735, 83709000000, 
-1.3061978745546914, -0.3221463218881438, 2.023504100488454, 83743000000, 
-1.3072764093530231, -0.3211010574728132, 2.028908338263346, 83777000000, 
-1.3082978741308622, -0.3200601557529677, 2.033624149973462, 83811000000, 
-1.3092611206415004, -0.31903283699299284, 2.037728937592941, 83845000000, 
-1.3101649973544993, -0.31802917915580364, 2.041298129165399, 83879000000, 
-1.3110083423870584, -0.31706015552136835, 2.0444054472590003, 83913000000, 
-1.3117827030985987, -0.3161303351799511, 2.047127125734685, 83947000000, 
-1.3124899026335035, -0.31525522348823287, 2.049542984362046, 83981000000, 
-1.3127935161943471, -0.31475430313993397, 2.0516085240707387, 84015000000, 
-1.3126346182040654, -0.3151058598300447, 2.0528236457715434, 84049000000, 
-1.3124983422002054, -0.31538001913001407, 2.0530130980220536, 84083000000, 
-1.312620699711321, -0.3155860448776807, 2.05145098346158, 84117000000, 
-1.3129301715197337, -0.315489905718214, 2.0467832241707655, 84151000000, 
-1.3132681510899633, -0.31528135979499594, 2.039185236653342, 84185000000, 
-1.313927706221403, -0.3149582980381096, 2.029160357970832, 84219000000, 
-1.3138519916455365, -0.3172359961406716, 2.0164599601905846, 84253000000, 
-1.3130494740799754, -0.3190964623783748, 2.000531940277923, 84287000000, 
-1.3123746644141576, -0.32087511791456874, 1.9807902135328406, 84321000000, 
-1.3132059821337532, -0.32040364993311804, 1.9487004050091634, 84355000000, 
-1.3139153561496266, -0.31882701029189586, 1.9055277277898912, 84389000000, 
-1.3145647033346097, -0.3180053823334621, 1.8626638605956176, 84423000000, 
-1.3151613138652662, -0.3171489453611347, 1.820175524313289, 84457000000, 
-1.3156998760927971, -0.31625946092499485, 1.7780511236628407, 84491000000, 
-1.3161750279792948, -0.31533935210456204, 1.736278297903648, 84525000000, 
-1.3165817697521176, -0.31439148712718606, 1.6948418915949233, 84559000000, 
-1.3169156208031203, -0.3134191624292209, 1.6537237098366744, 84593000000, 
-1.3171726800781538, -0.31242605672901147, 1.6129026674289486, 84627000000, 
-1.3173496682401207, -0.31141617400066124, 1.572355031236113, 84661000000, 
-1.3174439621069611, -0.3103937767458684, 1.5320547236280706, 84695000000, 
-1.3174536210872374, -0.30936331072407225, 1.4919736829224575, 84729000000, 
-1.3173774072998778, -0.3083293217108003, 1.4520822837718586, 84763000000, 
-1.3172147867159993, -0.30729636434770535, 1.4123498095156255, 84797000000, 
-1.3169659238425009, -0.3062689123697836, 1.372744935192641, 84831000000, 
-1.316702304192292, -0.30540016401294473, 1.333258349052261, 84865000000, 
-1.3170108878608808, -0.3056863618369534, 1.296842240102705, 84899000000, 
-1.317857275847416, -0.30788950166377976, 1.2633495066258023, 84933000000, 
-1.3173570736414444, -0.31055083038454057, 1.2308450996084337, 84967000000, 
-1.3154769119982375, -0.31478424143476724, 1.1981590670816222, 85001000000, 
-1.3137473028446316, -0.319184942834735, 1.1650741322191907, 85035000000, 
-1.3121638292969242, -0.32373446425960944, 1.1314445116903669, 85069000000, 
-1.3107203918327117, -0.3284165621733767, 1.0971248485306366, 85103000000, 
-1.3094112979865624, -0.33321614429480956, 1.061974357703096, 85137000000, 
-1.308231346224869, -0.33811920581912547, 1.0258567757590416, 85171000000, 
-1.3071758862904228, -0.3431127373502109, 0.9886407569620936, 85205000000, 
-1.3062408703248372, -0.3481846214621661, 0.9502007525214853, 85239000000, 
-1.3054229047347878, -0.3533235200992185, 0.9104184671640149, 85273000000, 
-1.3047192967288161, -0.3585187498382311, 0.8691849361706985, 85307000000, 
-1.3041281001715772, -0.3637601455905407, 0.8264032883382718, 85341000000, 
-1.3036481553429338, -0.3690379119807177, 0.7819921939093966, 85375000000, 
-1.303279123824505, -0.3743424636269786, 0.7358899700572918, 85409000000, 
-1.3012185844881987, -0.37809338759868794, 0.6884844978047365, 85443000000, 
-1.297632363453943, -0.38056943563740053, 0.6405682723391158, 85477000000, 
-1.294116183547813, -0.3831895183637925, 0.592117468381076, 85511000000, 
-1.2906717157118444, -0.38594029316968564, 0.5432445438327358, 85545000000, 
-1.2873000380304815, -0.38880931566513255, 0.49407115295236126, 85579000000, 
-1.2840017446252059, -0.3917853558670301, 0.4447229057707714, 85613000000, 
-1.2807769860875788, -0.394858082406274, 0.3953292406571075, 85647000000, 
-1.2776255883347933, -0.3980182386269846, 0.34601899607082953, 85681000000, 
-1.2745470832188943, -0.40125743587001933, 0.2969190973675039, 85715000000, 
-1.2715408073184522, -0.4045682312704526, 0.24815095257356412, 85749000000, 
-1.26860592874995, -0.4079439865406153, 0.1998288730602739, 85783000000, 
-1.2657415271198225, -0.4113788872206237, 0.15205746848538013, 85817000000, 
-1.2629466198660142, -0.4148678391597752, 0.10493045651201945, 85851000000, 
-1.2602202276217047, -0.41840645343383204, 0.058529166117811074, 85885000000, 
-1.2575614022189132, -0.4219909638345385, 0.012922055315098867, 85919000000, 
-1.2549692824588712, -0.4256181921121093, -0.031835747207344584, 85953000000, 
-1.2524431252665003, -0.4292854769968353, -0.0757022045784696, 85987000000, 
-1.249982356211672, -0.4329906284658455, -0.11864802531517495, 86021000000, 
-1.24758660441133, -0.43673186290693367, -0.16065589192561866, 86055000000, 
-1.2452557503783683, -0.44050775115294777, -0.2017196190497111, 86089000000, 
-1.242989963680464, -0.44431715645450837, -0.24184310516327343, 86123000000, 
-1.2407897481560664, -0.4481591786112371, -0.28103929096186514, 86157000000, 
-1.2386559793766716, -0.4520330928645301, -0.31932907067287347, 86191000000, 
-1.2365899449547861, -0.4559382917947606, -0.3567402805941399, 86225000000, 
-1.2345933777718017, -0.45987422513717335, -0.39330674378321345, 86259000000, 
-1.2326684886211126, -0.46384034194764323, -0.42906743863846314, 86293000000, 
-1.2308179925268556, -0.4678360332874917, -0.4640657791741049, 86327000000, 
-1.2290451334817047, -0.47186057769556133, -0.4983490370466652, 86361000000, 
-1.227353705266016, -0.4759130885079884, -0.5319678899696041, 86395000000, 
-1.2257480724597067, -0.47999246314341165, -0.56497609928975, 86429000000, 
-1.2242331913217641, -0.4840973324413149, -0.5974302930783039, 86463000000, 
-1.2228146334640062, -0.4882260078248288, -0.6293898388386826, 86497000000, 
-1.2214986117102349, -0.4923764229925623, -0.6609167770027071, 86531000000, 
-1.2202920083368396, -0.49654606681165475, -0.6920757936599283, 86565000000, 
-1.219202402815838, -0.5007319046274628, -0.7229342105779164, 86599000000, 
-1.2182380960077623, -0.504930286629226, -0.7535619827537782, 86633000000, 
-1.217408126004168, -0.5091368441671095, -0.7840317031837162, 86667000000, 
-1.216722271501915, -0.5133463774045204, -0.8144186294887549, 86701000000, 
-1.2147126307231702, -0.5179684105562116, -0.8447041961643197, 86735000000, 
-1.207319725610266, -0.5245157150382462, -0.8745731635027004, 86769000000, 
-1.2003124430246075, -0.5312256816325338, -0.9044382075098388, 86803000000, 
-1.1935617214177943, -0.5381531507457132, -0.9344888289387524, 86837000000, 
-1.1870757148954574, -0.5452783098858617, -0.9647980112477723, 86871000000, 
-1.1808890858472563, -0.552562057072139, -0.9954071887609383, 86905000000, 
-1.1749808807865598, -0.560025099859662, -1.0263865272830448, 86939000000, 
-1.1693934352617315, -0.567616364334541, -1.0577861232605805, 86973000000, 
-1.1640708455881865, -0.5753883647121503, -1.0896422195363804, 87007000000, 
-1.1590962800696782, -0.5832431595753632, -1.1220048477202293, 87041000000, 
-1.1544045037824144, -0.5912486908215703, -1.1548916204307278, 87075000000, 
-1.1500477690850683, -0.5993353486196149, -1.1883324558057256, 87109000000, 
-1.1460378721132096, -0.6074612616833501, -1.2223428255305704, 87143000000, 
-1.1424160372087682, -0.6155756963997987, -1.2569386434664935, 87177000000, 
-1.1391196311317717, -0.6237587864879056, -1.292132340298389, 87211000000, 
-1.136149618145863, -0.6320034036087149, -1.3279382626201324, 87245000000, 
-1.1335114931542043, -0.6402998974049797, -1.3643601274871964, 87279000000, 
-1.1312118640186895, -0.6486389129658539, -1.401388947686737, 87313000000, 
-1.1292577107101929, -0.6570108879770571, -1.439006136498069, 87347000000, 
-1.1276567502564498, -0.6654063099938656, -1.4771812089268077, 87381000000, 
-1.126427260232107, -0.6736599982119172, -1.5158038610469071, 87415000000, 
-1.1257844760219329, -0.6762342186281861, -1.5449105517754145, 87449000000, 
-1.1250684070126553, -0.6790238308134368, -1.5730210351886946, 87483000000, 
-1.1243270409932942, -0.6819288224664646, -1.601070310935903, 87517000000, 
-1.1235372890072288, -0.6848239457555556, -1.628950971050557, 87551000000, 
-1.1227205305961299, -0.687748854568477, -1.656606445648512, 87585000000, 
-1.1218850903939481, -0.6907024383699386, -1.6839955093931431, 87619000000, 
-1.1209975546730766, -0.6936053936874927, -1.7110718188177705, 87653000000, 
-1.1200413678437962, -0.6964261974297264, -1.7377958453687539, 87687000000, 
-1.1190767833773216, -0.6992709921845347, -1.7641476685443724, 87721000000, 
-1.1181311989179668, -0.7021639028838916, -1.7901332701461774, 87755000000, 
-1.1172175712599104, -0.7051038921603774, -1.81572802591684, 87789000000, 
-1.1162884093725431, -0.7080139191248902, -1.840919008997709, 87823000000, 
-1.1153915737168398, -0.7109405404500765, -1.865705615004295, 87857000000, 
-1.1145313759880078, -0.7138767378285366, -1.8900807964713702, 87891000000, 
-1.1137121836214623, -0.716815673347874, -1.9140473509969307, 87925000000, 
-1.1129291975596398, -0.7197432204809981, -1.937599199689408, 87959000000, 
-1.1122053253394153, -0.7226704900269966, -1.9607452441212847, 87993000000, 
-1.1115431991875557, -0.7255898101616, -1.9834873609050836, 88027000000, 
-1.1109482858480229, -0.7284969819193285, -2.0058319307113184, 88061000000, 
-1.1104257642472084, -0.731387598012448, -2.027786878393202, 88095000000, 
-1.1099805978552917, -0.7342569819489028, -2.0493613712234593, 88129000000, 
-1.109617508345073, -0.7371001739160474, -2.070565796407975, 88163000000, 
-1.1093409484542416, -0.7399119187710596, -2.0914117091147317, 88197000000, 
-1.109155081220996, -0.742686651279831, -2.111911741684967, 88231000000, 
-1.1090637599722408, -0.7454184812102284, -2.1320794937132685, 88265000000, 
-1.1090705050354626, -0.748101181157788, -2.1519294133899485, 88299000000, 
-1.1091784754498648, -0.7507281792198218, -2.171476674184735, 88333000000, 
-1.1093904353636392, -0.7532925581767992, -2.1907370480981103, 88367000000, 
-1.109708719064205, -0.7557870355177729, -2.2097267722161464, 88401000000, 
-1.1101352858426168, -0.7582040508488714, -2.2284620781879236, 88435000000, 
-1.1106713538090567, -0.7605358723419687, -2.2469595381647123, 88469000000, 
-1.1113177142414952, -0.7627742875561021, -2.2652362921251092, 88503000000, 
-1.1120744666999565, -0.7649109205623766, -2.283309668688531, 88537000000, 
-1.1129410295537654, -0.7669372157052938, -2.301197156460917, 88571000000, 
-1.1139160917191329, -0.7688445021868017, -2.3189164067781296, 88605000000, 
-1.1149975673160475, -0.7706240714181033, -2.336485270945469, 88639000000, 
-1.1161825555792837, -0.7722672675056108, -2.3539218726502726, 88673000000, 
-1.1173025889151162, -0.7734821749707226, -2.3712147402538983, 88707000000, 
-1.1189178122822567, -0.7751768973778914, -2.3883326254790838, 88741000000, 
-1.1204642614332787, -0.7764504975504615, -2.4053134466416646, 88775000000, 
-1.1221383993023242, -0.7776167696181998, -2.4221551845201392, 88809000000, 
-1.123759186499046, -0.7784887709323183, -2.438847734078739, 88843000000, 
-1.1253541633314181, -0.7791465098203406, -2.455380007671166, 88877000000, 
-1.1247849001705859, -0.7773589426876653, -2.471726543342259, 88911000000, 
-1.1240774385565357, -0.7754324639747098, -2.4880704843266512, 88945000000, 
-1.1233869640095442, -0.7735442452293594, -2.5044323632184957, 88979000000, 
-1.1227170283529024, -0.7716935884939988, -2.5208240273324716, 89013000000, 
-1.122070846299019, -0.7698795975072131, -2.537255799118367, 89047000000, 
-1.1214513295117632, -0.7681012106392302, -2.5537365347360783, 89081000000, 
-1.1208611123995424, -0.7663572242591749, -2.570273660410991, 89115000000, 
-1.12030258266587, -0.7646463152452894, -2.58687322159741, 89149000000, 
-1.1197779056236772, -0.7629670570868725, -2.6035399270835407, 89183000000, 
-1.119289048556957, -0.761317933776078, -2.620277209525013, 89217000000, 
-1.1188377986291538, -0.7596973490209233, -2.6370872906490774, 89251000000, 
-1.1184257405229758, -0.758103638855539, -2.6539712652640524, 89285000000, 
-1.1180541505091168, -0.7565350945541344, -2.670929189897884, 89319000000, 
-1.1177245278768313, -0.7549898783009776, -2.687960162005277, 89353000000, 
-1.1174381002647262, -0.7534661149017248, -2.705062440000791, 89387000000, 
-1.1171958878055672, -0.7519618839555002, -2.7222335410078795, 89421000000, 
-1.1169987614168775, -0.750475212843735, -2.7394703325979344, 89455000000, 
-1.1168474409676805, -0.7490040826810787, -2.7567691186669, 89489000000, 
-1.1167425101988402, -0.747546437954445, -2.774125713914884, 89523000000, 
-1.1166845925912248, -0.7461002332851743, -2.79153550514509, 89557000000, 
-1.1166737581544433, -0.7446633399462987, -2.8089935089719233, 89591000000, 
-1.1167100896355595, -0.7432336250874012, -2.8264943940426246, 89625000000, 
-1.1167935546505603, -0.7418089631530548, -2.8440325409031533, 89659000000, 
-1.116923969580486, -0.7403872331464108, -2.8616020592986535, 89693000000, 
-1.1171010038540365, -0.7389663275619817, -2.87919684331234, 89727000000, 
-1.1173241720533034, -0.7375441581481689, -2.8968106107132865, 89761000000, 
-1.11759282993009, -0.7361186621665855, -2.9144369725198787, 89795000000, 
-1.1179061612285501, -0.7346878068622359, -2.932069501455447, 89829000000, 
-1.1182631651119561, -0.733249594369228, -2.949701822281304, 89863000000, 
-1.1186626371148627, -0.7318020663807049, -2.967327703203244, 89897000000, 
-1.1191031499522646, -0.7303433100745792, -2.9849411573545055, 89931000000, 
-1.1195830305694152, -0.7288714653113517, -3.0025365398499417, 89965000000, 
-1.1201003374711116, -0.7273847340049521, -3.0201086433369975, 89999000000, 
-1.120652836284045, -0.7258813917267818, -3.0376527839021477, 90033000000, 
-1.1231359363330555, -0.7246162840391352, -3.055108471213951, 90067000000, 
-1.1277535436877526, -0.7237572733617703, -3.0718975413470564, 90101000000, 
-1.1324419874439138, -0.7229091522853817, -3.088299324312815, 90135000000, 
-1.1371697870653283, -0.7220426629637374, -3.1046098094563193, 90169000000, 
-1.141895458653987, -0.7211801368989366, -3.120880059184864, 90203000000, 
-1.1466571059345487, -0.7203231302152375, -3.1370784417767705, 90237000000, 
-1.1514241158987537, -0.7194813230261405, 3.129930711020216, 90271000000, 
-1.1561837257352603, -0.7186498580143535, 3.1137638357139297, 90305000000, 
-1.1609352778710096, -0.7178285859106627, 3.0976062594309455, 90339000000, 
-1.1656786743050322, -0.7170179796433531, 3.081458902206813, 90373000000, 
-1.1704137017151763, -0.7162182150645638, 3.065322344929021, 90407000000, 
-1.1751400255368345, -0.7154291619087478, 3.0491969561557273, 90441000000, 
-1.1798572493649553, -0.7146504731854084, 3.033083075514492, 90475000000, 
-1.1845649562235183, -0.7138816445716658, 3.016981111352904, 90509000000, 
-1.189262723214652, -0.7131220443375273, 3.000891586096867, 90543000000, 
-1.1939501322817585, -0.7123709295899913, 2.984815155942806, 90577000000, 
-1.1986267734409644, -0.7116274575532539, 2.9687526217914395, 90611000000, 
-1.2032922460859279, -0.7108906951799003, 2.952704936762773, 90645000000, 
-1.2079461603970434, -0.7101596290611247, 2.9366732122536248, 90679000000, 
-1.2125881378899748, -0.7094331740404607, 2.920658724207115, 90713000000, 
-1.2172178109936311, -0.7087101791436019, 2.9046629202553627, 90747000000, 
-1.2218348220165376, -0.7079894309125834, 2.8886874298959593, 90781000000, 
-1.2264388215600746, -0.7072696557632204, 2.8727340752636064, 90815000000, 
-1.231029467019823, -0.7065495228095103, 2.8568048839959266, 90849000000, 
-1.2356064211433808, -0.7058276476561142, 2.8409021031591286, 90883000000, 
-1.2401693503606697, -0.7051025971237236, 2.825028212613255, 90917000000, 
-1.2447179226952088, -0.7043728950227348, 2.809185936718802, 90951000000, 
-1.2492518051496937, -0.703637029338874, 2.793378253412729, 90985000000, 
-1.2537706606295511, -0.702893460896517, 2.7776084002618084, 91019000000, 
-1.2582741446823935, -0.7021406326459383, 2.7618798778963396, 91053000000, 
-1.2627619024747816, -0.7013769780627599, 2.7461964521240954, 91087000000, 
-1.2672335663606935, -0.7006009277137053, 2.7305621568838583, 91121000000, 
-1.2716887541784563, -0.6998109142686556, 2.7149813008280135, 91155000000, 
-1.2761270682487285, -0.6990053766818423, 2.6994584805220483, 91189000000, 
-1.2805480950000798, -0.6981827637541407, 2.6839986029119633, 91223000000, 
-1.2849514051330433, -0.6973415368346381, 2.6686069188691612, 91257000000, 
-1.2893365541970283, -0.6964801716097818, 2.653289068396378, 91291000000, 
-1.2937030834039813, -0.6955971594738113, 2.6380511366439587, 91325000000, 
-1.2980505203988268, -0.6946910091998983, 2.622899718460716, 91359000000, 
-1.3023783794893242, -0.6937602490802409, 2.607841988028709, 91393000000, 
-1.3066861606368831, -0.6928034288547039, 2.5928857694599, 91427000000, 
-1.310973346663543, -0.691819120872766, 2.5780396042946956, 91461000000, 
-1.3152114726332766, -0.6908145616112705, 2.5632581880606655, 91495000000, 
-1.319435968944751, -0.6897912634869019, 2.548537650834119, 91529000000, 
-1.3234532049983019, -0.6887767020000738, 2.533959124590007, 91563000000, 
-1.3277876543559144, -0.6876560711128522, 2.5194450713733954, 91597000000, 
-1.3319263354411388, -0.6865492014244646, 2.5050442507275403, 91631000000, 
-1.3360144555855533, -0.685412499911718, 2.4907577325905175, 91665000000, 
-1.3399230345549904, -0.6842805969339129, 2.47658752024096, 91699000000, 
-1.3441105016577568, -0.6830530756612139, 2.462513306675256, 91733000000, 
-1.348100664332883, -0.6818266301453072, 2.448577777894873, 91767000000, 
-1.3519985284130311, -0.680576972124521, 2.4347627045022264, 91801000000, 
-1.3557929550168821, -0.6793131692640618, 2.4210704098455054, 91835000000, 
-1.3596341314154343, -0.6780032500739354, 2.40750368795749, 91869000000, 
-1.3635542321033942, -0.6766364945120228, 2.39406357714835, 91903000000, 
-1.3674566176809997, -0.6752373818075268, 2.3807471766333106, 91937000000, 
-1.3711640979120083, -0.673852445811496, 2.367556698896072, 91971000000, 
-1.374894532697611, -0.6723866245886455, 2.354481013119871, 92005000000, 
-1.3785155543581482, -0.6709221348447505, 2.3415079123545977, 92039000000, 
-1.381990479481972, -0.669482368354729, 2.328611968826846, 92073000000, 
-1.38559835082645, -0.667943084763166, 2.3157627806633485, 92107000000, 
-1.3890977096941186, -0.666410987340256, 2.3029689581614505, 92141000000, 
-1.39248503804686, -0.6648949920541467, 2.290229737401799, 92175000000, 
-1.3940951697735993, -0.6637183501652737, 2.2775797698391953, 92209000000, 
-1.3938017518732435, -0.6632899923934803, 2.265277840469678, 92243000000, 
-1.393483862658465, -0.6628532304907392, 2.2533622862183686, 92277000000, 
-1.3931414395574395, -0.6624083936034142, 2.2418671838630453, 92311000000, 
-1.3927742921960669, -0.6619558885413384, 2.2308304565758394, 92345000000, 
-1.3923822192957473, -0.6614961986828227, 2.220294483117266, 92379000000, 
-1.3919650154794694, -0.6610298867818368, 2.2103068782066297, 92413000000, 
-1.3915224778285502, -0.6605575965184567, 2.2009214442302407, 92447000000, 
-1.3910544116506338, -0.660080053403808, 2.192199331595444, 92481000000, 
-1.3905606351789648, -0.6595980665291383, 2.1842104331506786, 92515000000, 
-1.3900409831334701, -0.6591125320497044, 2.177035060347487, 92549000000, 
-1.3894953094266707, -0.6586244395301092, 2.1707659517316378, 92583000000, 
-1.3889234895224907, -0.6581348815087399, 2.165510692343843, 92617000000, 
-1.3883254231701374, -0.6576450664245673, 2.1613946427150745, 92651000000, 
-1.387701038277402, -0.6571563342659476, 2.158564516713094, 92685000000, 
-1.387050296640124, -0.6566701740006636, 2.1571927883129236, 92719000000, 
-1.3863732020356578, -0.6561882413498098, 2.157483166557589, 92753000000, 
-1.3856698109097714, -0.6557123754529465, 2.1596774424447047, 92787000000, 
-1.384940245535911, -0.6552446129928586, 2.1640640906377118, 92821000000, 
-1.3841847092042658, -0.654787198783488, 2.1709890884244443, 92855000000, 
-1.383403502731433, -0.6543425923264726, 2.180869485452212, 92889000000, 
-1.382597041447632, -0.6539134705608163, 2.1942102782684176, 92923000000, 
-1.3817658718225596, -0.6535027276675486, 2.211625037985118, 92957000000, 
-1.3809106870543197, -0.6531134733692551, 2.2338603383474025, 92991000000, 
-1.3800323412258868, -0.6527490314583245, 2.261823009989622, 93025000000, 
-1.3791318619933177, -0.6524129403063592, 2.2966069856566182, 93059000000, 
-1.3782104621333118, -0.6521089567501552, 2.3395119282532564, 93093000000, 
-1.3772695505850643, -0.6518410640950534, 2.3920373246050306, 93127000000, 
-1.3763684701761199, -0.651566522700177, 2.455783329206968, 93161000000, 
-1.3773755609230596, -0.6497155705093591, 2.5281468204918807, 93195000000, 
-1.3783709335941763, -0.6478064542713339, 2.607724492599045, 93229000000, 
-1.379356658574682, -0.6458435997762783, 2.6946446158674293, 93263000000, 
-1.3803345586763005, -0.6438310936816464, 2.7887077487952383, 93297000000, 
-1.3813063582116258, -0.6417726067483362, 2.8892785909609264, 93331000000, 
-1.3822736712949215, -0.6396714220267374, 2.9952164999375115, 93365000000, 
-1.3832379923966782, -0.6375304664896175, 3.104884748672535, 93399000000, 
-1.3842006792206647, -0.6353523421178393, -3.0669182594103366, 93433000000, 
-1.3851629361104414, -0.6331393591713499, -2.9560028137703487, 93467000000, 
-1.3861257931674993, -0.6308935701591342, -2.8476382281337833, 93501000000, 
-1.3870900870516087, -0.6286168057985035, -2.743579131982392, 93535000000, 
-1.3880564416325398, -0.6263107120579107, -2.6451077787790513, 93569000000, 
-1.389025252481278, -0.6239767882634967, -2.552999779804888, 93603000000, 
-1.3918217006993885, -0.6228910973395667, -2.471438743596986, 93637000000, 
-1.3948624338206592, -0.6219120620913711, -2.402468374976265, 93671000000, 
-1.3979011984694387, -0.6208837090794582, -2.3445058176590776, 93705000000, 
-1.4009364142626233, -0.619821532524449, -2.2959964850619374, 93739000000, 
-1.4039671896232666, -0.6187398249884737, -2.2554943600579507, 93773000000, 
-1.40699329462406, -0.6176512587105207, -2.221716978120305, 93807000000, 
-1.4100150892959469, -0.6165673298043944, -2.1935750550510265, 93841000000, 
-1.4130334718487618, -0.6154981250926576, -2.17015202569325, 93875000000, 
-1.4160498135137993, -0.6144526149278056, -2.1506877156520705, 93909000000, 
-1.4190658866567367, -0.6134385337421551, -2.1345496546158826, 93943000000, 
-1.4220837995180118, -0.6124625773962199, -2.1212128013946163, 93977000000, 
-1.42510591652095, -0.6115303528144025, -2.110237594363413, 94011000000, 
-1.428134793437143, -0.6106465143174148, -2.101254351866798, 94045000000, 
-1.4311731002442605, -0.6098147517194485, -2.093948417272986, 94079000000, 
-1.4342235610217478, -0.6090378853097878, -2.0880492377584923, 94113000000, 
-1.4372888851580616, -0.608317870986426, -2.083320402168852, 94147000000, 
-1.4403717134283511, -0.60765586390349, -2.0795519010156402, 94181000000, 
-1.4434745573763015, -0.6070522263183827, -2.0765530265797865, 94215000000, 
-1.4465997489404552, -0.6065065655163524, -2.0741463456040847, 94249000000, 
-1.4497493836331425, -0.6060177362706235, -2.0721618313587804, 94283000000, 
-1.4529252688502252, -0.6055838575505261, -2.070431154537618, 94317000000, 
-1.456128865253049, -0.6052023064754314, -2.068781444742062, 94351000000, 
-1.4593612290963494, -0.6048697183511544, -2.0670281474942667, 94385000000, 
-1.4626229473506367, -0.604581972220839, -2.0649661164249027, 94419000000, 
-1.4659140709457004, -0.6043341786569398, -2.0623579234306564, 94453000000, 
-1.4692340409526112, -0.6041206585522573, -2.058917657710121, 94487000000, 
-1.4725816112714571, -0.6039349226380265, -2.0542875324355316, 94521000000, 
-1.4759547647709685, -0.6037696457803808, -2.0480027278774173, 94555000000, 
-1.4793506250055333, -0.6036166418400337, -2.039436531561907, 94589000000, 
-1.4827653601933093, -0.6034668362582782, -2.0277113231671438, 94623000000, 
-1.4861940852982234, -0.6033102402667279, -2.01154743219977, 94657000000, 
-1.4896307569174545, -0.6031359257196721, -1.98899396469283, 94691000000, 
-1.4930680644703058, -0.6029320035832437, -1.9569214229203984, 94725000000, 
-1.4964973180886467, -0.6026856066435922, -1.9100020852939568, 94759000000, 
-1.4999083353074494, -0.6023828791767013, -1.8385142930799183, 94793000000, 
-1.503289328473083, -0.6020089752012329, -1.7233290468418128, 94827000000, 
-1.5068093948972887, -0.603400610493286, -1.5320131135126343, 94861000000, 
-1.5103542023815835, -0.6054112432807356, -1.2100164956744093, 94895000000, 
-1.5138565999585691, -0.6073684052364157, -0.6963223812452445, 94929000000, 
-1.5171699245960713, -0.6092831330956046, -0.1421749931136224, 94963000000, 
-1.5181516592338216, -0.6115758829586487, 0.22000411655733135, 94997000000, 
-1.5191499265078952, -0.6138649342653187, 0.4217738682806193, 95031000000, 
-1.5201610943606227, -0.6161478939724915, 0.5417561916897853, 95065000000, 
-1.5211823761544925, -0.6184224737697658, 0.6197838840476657, 95099000000, 
-1.5222114300415224, -0.620686592339451, 0.6744518028308246, 95133000000, 
-1.5232461766500098, -0.6229383246622006, 0.7150658106687191, 95167000000, 
-1.5242849192529375, -0.6251758691813382, 0.7466719560200182, 95201000000, 
-1.5253262344112677, -0.6273975073958125, 0.772210375109278, 95235000000, 
-1.5263690326404278, -0.6296015606395913, 0.7934927293722854, 95269000000, 
-1.5274124882066524, -0.6317863533656223, 0.8116909350581455, 95303000000, 
-1.5284560631183834, -0.6339501682450952, 0.8275904255900246, 95337000000, 
-1.5294994574577943, -0.6360912123832884, 0.8417351219570386, 95371000000, 
-1.53054261188376, -0.6382075761949679, 0.8545100785294458, 95405000000, 
-1.531585670131467, -0.6402972036112642, 0.8661939124276343, 95439000000, 
-1.5326289713941164, -0.6423578571822295, 0.8769907618160985, 95473000000, 
-1.5336730226775954, -0.644387092510939, 0.8870521673303328, 95507000000, 
-1.5347184894548467, -0.6463822291151837, 0.8964910491946704, 95541000000, 
-1.5357661776578886, -0.6483403276030055, 0.9053917973707223, 95575000000, 
-1.5368170273468205, -0.6502581637978698, 0.9138169183053233, 95609000000, 
-1.537872103104091, -0.6521322062102174, 0.9218119967134742, 95643000000, 
-1.5389325911670586, -0.653958590677661, 0.9294090330262649, 95677000000, 
-1.539999794497796, -0.6557330964608231, 0.9366289992382426, 95711000000, 
-1.54005392425725, -0.6560639154502952, 0.9427918109967431, 95745000000, 
-1.5397003787168975, -0.6558161811586235, 0.9464495233439173, 95779000000, 
-1.5393673371239556, -0.6555765977185577, 0.9478409713723729, 95813000000, 
-1.5390553697936178, -0.6553429484167261, 0.9472249081139067, 95847000000, 
-1.5387648406549357, -0.6551131556235937, 0.944828149159215, 95881000000, 
-1.5384960377414107, -0.6548851959861993, 0.9408452663755218, 95915000000, 
-1.5382490843514576, -0.6546571587477072, 0.9354468607718152, 95949000000, 
-1.5380240180292255, -0.654427200330017, 0.9287806687930432, 95983000000, 
-1.5378207401021708, -0.6541935773325585, 0.9209767702866397, 96017000000, 
-1.5376390623763176, -0.6539546209770073, 0.9121489791710986, 96051000000, 
-1.5374786784379584, -0.6537087548458802, 0.9023981589068657, 96085000000, 
-1.5373391910028635, -0.6534544794654077, 0.8918134786381662, 96119000000, 
-1.5372200953233104, -0.6531903802802483, 0.8804745427302845, 96153000000, 
-1.5371207947678864, -0.6529151167847723, 0.8684523937682166, 96187000000, 
-1.537040590708871, -0.6526274241171593, 0.8558108908017845, 96221000000, 
-1.5369786907351612, -0.6523261040799093, 0.8426074645423771, 96255000000, 
-1.536934201750749, -0.6520100229547102, 0.8288940206480395, 96289000000, 
-1.5369061333936103, -0.6516781037388643, 0.8147174972518411, 96323000000, 
-1.535167859490465, -0.649939188660887, 0.8003284390918788, 96357000000, 
-1.530056138115324, -0.646089594120597, 0.786079889274239, 96391000000, 
-1.5249224922138105, -0.6422905924510752, 0.7716931298630709, 96425000000, 
-1.5198797929314525, -0.6386528209710814, 0.7571372772683038, 96459000000, 
-1.5147049561604249, -0.6349422281192183, 0.7424402544441697, 96493000000, 
-1.509608274066065, -0.6313662458700638, 0.7275773595591207, 96527000000, 
-1.5045154171116555, -0.6278403983413824, 0.7125684958038274, 96561000000, 
-1.499438974451389, -0.6243642201903924, 0.6973917622127808, 96595000000, 
-1.494335982779897, -0.6209131446397639, 0.6820009036369112, 96629000000, 
-1.4892356886653082, -0.6174995784479429, 0.6664554867428735, 96663000000, 
-1.4841273128276, -0.6141171198134932, 0.6507741482388973, 96697000000, 
-1.479020968985121, -0.6107688070532102, 0.6349785045033163, 96731000000, 
-1.4739029993810793, -0.607446296819346, 0.6190916598417211, 96765000000, 
-1.4687758083167093, -0.6041487367727357, 0.6031364595952823, 96799000000, 
-1.4636533949215043, -0.6008816926396633, 0.587132708973186, 96833000000, 
-1.4585182406092398, -0.5976357346393301, 0.5711029400198324, 96867000000, 
-1.4533802339249644, -0.5944142033512899, 0.5550670073119076, 96901000000, 
-1.4482359944159855, -0.5912160248060985, 0.5390464916201299, 96935000000, 
-1.4430805364466421, -0.5880356540137528, 0.5230622124275575, 96969000000, 
-1.4382800498581585, -0.5852472534572732, 0.507149014755371, 97003000000, 
-1.4332730211701101, -0.5821678269781343, 0.4916950631951056, 97037000000, 
-1.4304209831688293, -0.5813228554764334, 0.4766518728634525, 97071000000, 
-1.4297839446925782, -0.5825996600819205, 0.4614925668242551, 97105000000, 
-1.4291971340658003, -0.5838651558102042, 0.4464324488156921, 97139000000, 
-1.428654536342318, -0.5851129925461769, 0.4314921790378898, 97173000000, 
-1.428150467870445, -0.5863375356595235, 0.4166931579797913, 97207000000, 
-1.4276794847337484, -0.5875337482021425, 0.4020574807957887, 97241000000, 
-1.4272363783398343, -0.5886971553710223, 0.38760786765005817, 97275000000, 
-1.426816170753002, -0.5898238120597545, 0.37336758754112037, 97309000000, 
-1.4264141085487163, -0.5909102695000683, 0.3593603915930886, 97343000000, 
-1.426025657260169, -0.5919535441693877, 0.3456104491391215, 97377000000, 
-1.4256464956979522, -0.5929510866778333, 0.33214229691779623, 97411000000, 
-1.425272511252687, -0.5939007525983045, 0.318980795376582, 97445000000, 
-1.4248997955363185, -0.5948007740954555, 0.30615109595687007, 97479000000, 
-1.4245246407119787, -0.595649733765611, 0.29367861137467716, 97513000000, 
-1.4241435358335155, -0.5964465403247443, 0.2815889867331443, 97547000000, 
-1.4237531631218963, -0.5971904072792558, 0.26990806145808394, 97581000000, 
-1.4233503935970373, -0.5978808346432263, 0.25866181617128536, 97615000000, 
-1.4229322819534813, -0.5985175945589004, 0.2478762945913676, 97649000000, 
-1.4224960604234866, -0.5991007209365481, 0.23757749460876137, 97683000000, 
-1.422039131791655, -0.5996305035471324, 0.22779122198596063, 97717000000, 
-1.4215590617773486, -0.6001074864152396, 0.21854290464652762, 97751000000, 
-1.421053571340191, -0.6005324703973617, 0.20985736701272384, 97785000000, 
-1.4205205295401224, -0.6009065193715503, 0.20175856824447602, 97819000000, 
-1.419957947763249, -0.6012309694153837, 0.19426931024201663, 97853000000, 
-1.4193639760938506, -0.6015074400727575, 0.18741092434773354, 97887000000, 
-1.4187369025898475, -0.601737846841178, 0.18120294650992871, 97921000000, 
-1.4180751560402132, -0.6019244139781178, 0.17566279133644844, 97955000000, 
-1.4173773125945386, -0.6020696869282879, 0.17080543406806226, 97989000000, 
-1.4166421063865755, -0.602176543876998, 0.16664310748985944, 98023000000, 
-1.415868444030772, -0.6022482062852753, 0.16318501733074853, 98057000000, 
-1.4150554226305216, -0.6022882485894421, 0.1604370760138278, 98091000000, 
-1.4142023507706658, -0.6023006076031193, 0.15840165063271397, 98125000000, 
-1.4152041199160035, -0.6026011573445078, 0.15654661697897249, 98159000000, 
-1.4163527709257446, -0.6029290565747798, 0.15416636331681155, 98193000000, 
-1.4174621724538499, -0.6032597204933395, 0.15123595069528697, 98227000000, 
-1.4185305605778888, -0.6035974542239422, 0.14774127571123447, 98261000000, 
-1.4195565209546777, -0.6039462368237396, 0.14367205484167053, 98295000000, 
-1.4205389599851848, -0.6043097411682842, 0.13902158401839818, 98329000000, 
-1.42147707532953, -0.6046913644442062, 0.13378638683594643, 98363000000, 
-1.4223703365573543, -0.605094255189131, 0.12796588894779698, 98397000000, 
-1.4232184678243307, -0.6055213431425366, 0.12156206018933971, 98431000000, 
-1.424021437253704, -0.6059753628007596, 0.1145791120090498, 98465000000, 
-1.4247794474009359, -0.6064588739822343, 0.10702321955922897, 98499000000, 
-1.42549292866688, -0.6069742744479669, 0.09890231573889943, 98533000000, 
-1.4261625319585856, -0.607523807279458, 0.09022593231048162, 98567000000, 
-1.4267891215359136, -0.6081095613140256, 0.08100510413832096, 98601000000, 
-1.42737376618947, -0.6087334674944134, 0.07125231003940517, 98635000000, 
-1.4279177298562014, -0.6093972914046603, 0.0609814469986915, 98669000000, 
-1.428422461401747, -0.6101026246450395, 0.050207812287209275, 98703000000, 
-1.4288895850568093, -0.6108508758368293, 0.03894808413361991, 98737000000, 
-1.429320892134658, -0.6116432629687819, 0.027220282958598314, 98771000000, 
-1.4297183354483713, -0.6124808072786899, 0.015043708202408345, 98805000000, 
-1.4300840270488313, -0.6133643290145252, 0.002438844618311357, 98839000000, 
-1.43042024000303, -0.614294444289515, -0.01057275802775833, 98873000000, 
-1.4307294141386462, -0.6152715622321665, -0.02396862690090494, 98907000000, 
-1.4310141654703108, -0.6162958810433559, -0.03772551885942954, 98941000000, 
-1.4312772984197497, -0.6173673817712418, -0.051819573666500515, 98975000000, 
-1.4315218198144193, -0.6184858185845092, -0.0662264561763094, 99009000000, 
-1.4317509534398107, -0.6196507047963887, -0.08092147913728882, 99043000000, 
-1.4319681541015992, -0.6208612942182903, -0.09587970079570163, 99077000000, 
-1.4321771203593896, -0.6221165579693878, -0.1110759961016302, 99111000000, 
-1.432381805535153, -0.6234151572204967, -0.12648510394051082, 99145000000, 
-1.432586427003573, -0.6247554126982797, -0.1420816565313565, 99179000000, 
-1.4327954742047666, -0.6261352718806595, -0.15784019910876648, 99213000000, 
-1.433013716088007, -0.6275522748129247, -0.1737352088452599, 99247000000, 
-1.433246208823141, -0.6290035192718804, -0.18974112089222891, 99281000000, 
-1.433498304506583, -0.630485625735855, -0.20583236709932293, 99315000000, 
-1.4337756612946255, -0.6319947022813347, -0.2219834294469846, 99349000000, 
-1.4340842549208654, -0.6335263092457053, -0.23816890632138887, 99383000000, 
-1.4344303909964844, -0.6350754232988863, -0.2543635859106016, 99417000000, 
-1.4348207169211327, -0.636636400532769, -0.27054251793396805, 99451000000, 
-1.4352622317595936, -0.6382029383060407, -0.28668107298870427, 99485000000, 
-1.4357622921347544, -0.6397680358805178, -0.3027549783160505, 99519000000, 
-1.4363286121131602, -0.6413239543008792, -0.31874031968094907, 99553000000, 
-1.4329956119786644, -0.6428945271341452, -0.33488887621720786, 99587000000, 
-1.4293789938082602, -0.644508966280836, -0.3508932905154542, 99621000000, 
-1.4257386296214454, -0.6461705101319598, -0.36676721825088704, 99655000000, 
-1.4221976905244087, -0.6478468622589961, -0.3824528053915039, 99689000000, 
-1.4186473200958678, -0.6495619550964126, -0.39793099127694487, 99723000000, 
-1.4151036616965562, -0.6513036628317378, -0.41317705190027837, 99757000000, 
-1.411592810316, -0.6530703355443181, -0.4281641774020726, 99791000000, 
-1.4081157828734778, -0.654861162318004, -0.4428654910657737, 99825000000, 
-1.4046730323641854, -0.6566755768988451, -0.4572520545821704, 99859000000, 
-1.4012650910144182, -0.658512923724989, -0.4712925328623176, 99893000000, 
-1.3978924806587765, -0.6603725268763324, -0.4849529913302707, 99927000000, 
-1.394555702670477, -0.6622536971362586, -0.4981966580647187, 99961000000, 
-1.3912552471328676, -0.6641557225947808, -0.5109836884268624, 99995000000, 
-1.3880354754875708, -0.6660594713483885, -0.523264805417649, 100029000000, 
-1.3848712718881349, -0.6679763544307639, -0.5350768618325912, 100063000000, 
-1.3820169215590654, -0.6697131225525289, -0.5464176078108969, 100097000000, 
-1.3802633645933295, -0.6707320236656886, -0.5572624258855989, 100131000000, 
-1.3805515187742678, -0.6702797017284569, -0.5673039162112333, 100165000000, 
-1.380849098605809, -0.669831766114081, -0.5766984123319745, 100199000000, 
-1.381156651030675, -0.6693867901715748, -0.5853938799666396, 100233000000, 
-1.3814748147425353, -0.6689431079531103, -0.5933337670452467, 100267000000, 
-1.3818040813889927, -0.6684989715467409, -0.6004564394684604, 100301000000, 
-1.3821447893509176, -0.6680525633827579, -0.6066945452065082, 100335000000, 
-1.3820981616838317, -0.6678827997577215, -0.6119916011819058, 100369000000, 
-1.3807465083250656, -0.668661993553227, -0.6169684612033597, 100403000000, 
-1.3793781994560246, -0.6694960037980855, -0.6220079934737555, 100437000000, 
-1.3779938777063596, -0.6703792650570021, -0.6271654727225224, 100471000000, 
-1.3765942176719654, -0.671306609685283, -0.6324955042751266, 100505000000, 
-1.3751797772691323, -0.6722732082462334, -0.6380562685097335, 100539000000, 
-1.3737510446514551, -0.6732746589682914, -0.6439074349423006, 100573000000, 
-1.3723084154510075, -0.6743068943266021, -0.6501132592378817, 100607000000, 
-1.3708522326374832, -0.67536622855413, -0.6567417255119714, 100641000000, 
-1.3693827782014978, -0.6764492941713757, -0.6638669919778084, 100675000000, 
-1.3679003104654894, -0.677553062907679, -0.671569430017983, 100709000000, 
-1.366405068602877, -0.6786748005847671, -0.6799378433700166, 100743000000, 
-1.364897308356667, -0.6798120708066837, -0.6890703348154593, 100777000000, 
-1.363377314801036, -0.6809626999065198, -0.6990767447350245, 100811000000, 
-1.3618454347163642, -0.6821247695072211, -0.7100805075639728, 100845000000, 
-1.3603020923466327, -0.6832965871007177, -0.7222218246917242, 100879000000, 
-1.358747816682441, -0.6844766725802862, -0.7356608779864086, 100913000000, 
-1.357183257026555, -0.68566373332367, -0.7505823650973068, 100947000000, 
-1.355609205564421, -0.6868566491661561, -0.7672006590477879, 100981000000, 
-1.3540266126316154, -0.6880544522195515, -0.7857665270508135, 101015000000, 
-1.3524366070667913, -0.689256313033086, -0.8065751138691831, 101049000000, 
-1.350840512947939, -0.6904615245697362, -0.829975941406898, 101083000000, 
-1.3492398705522133, -0.6916694896850355, -0.8563848762472301, 101117000000, 
-1.3476364560103515, -0.692879707035647, -0.8862986012999189, 101151000000, 
-1.3460323042021491, -0.6940917579792344, -0.9203113900029845, 101185000000, 
-1.3444297311561757, -0.6953052915198408, -0.9591338622412781, 101219000000, 
-1.3428313583860823, -0.6965200085578604, -1.0036119178453191, 101253000000, 
-1.3412401366840354, -0.6977356440729982, -1.0547420682560176, 101287000000, 
-1.340324267738634, -0.697741781724728, -1.112178494733912, 101321000000, 
-1.3397134178128074, -0.697206615211809, -1.1736968395385095, 101355000000, 
-1.3390881096778038, -0.6967174275384022, -1.239799160300084, 101389000000, 
-1.3384521853729627, -0.6962747289632915, -1.3110885186153414, 101423000000, 
-1.3378092880650148, -0.6958789298673558, -1.3882313158078068, 101457000000, 
-1.3371628723551015, -0.6955303428101797, -1.4719381711770636, 101491000000, 
-1.3365162189161282, -0.6952291914545929, -1.562923255565645, 101525000000, 
-1.3358724466486946, -0.6949756117806101, -1.66183275784855, 101559000000, 
-1.3352345277366138, -0.694769654065285, -1.7691327423788272, 101593000000, 
-1.334605299094836, -0.6946112802129042, -1.8849545105587362, 101627000000, 
-1.3339874731436716, -0.6945003621661558, -2.0089123217332863, 101661000000, 
-1.333383644804122, -0.6944366791107928, -2.1399376990340433, 101695000000, 
-1.3327962964017084, -0.6944199168778883, -2.2762033100718035, 101729000000, 
-1.3322277994110707, -0.6944496682339809, -2.415212812684128, 101763000000, 
-1.331680414948295, -0.6945254356969532, -2.5540837272848544, 101797000000, 
-1.3311562931744239, -0.6946466354739097, -2.6899591053597867, 101831000000, 
-1.330657473324123, -0.6948126026294896, -2.820409992476908, 101865000000, 
-1.3286909658703816, -0.694558136523495, -2.939456567518161, 101899000000, 
-1.3263478082719167, -0.6942211165923257, -3.0435051347868716, 101933000000, 
-1.324023194089992, -0.693909377373889, -3.134036548641398, 101967000000, 
-1.321725062362827, -0.6936113324323061, 3.0704809470699757, 102001000000, 
-1.319460207493789, -0.6933162446935517, 3.001960261637864, 102035000000, 
-1.3172343599913197, -0.6930142041051675, 2.942004801833947, 102069000000, 
-1.315052267868901, -0.6926960920225825, 2.889243120531832, 102103000000, 
-1.3129177679758746, -0.6923535488424924, 2.842524805460089, 102137000000, 
-1.3108338512789672, -0.6919789356227609, 2.800902403175477, 102171000000, 
-1.3088027194976757, -0.6915653017116017, 2.763603207541045, 102205000000, 
-1.3068258383927371, -0.6911063537325738, 2.7300004734558403, 102239000000, 
-1.3049039846758292, -0.6905964328245068, 2.6995875828475304, 102273000000, 
-1.3030372775048389, -0.690030536923477, 2.6719565223204174, 102307000000, 
-1.301225154202399, -0.6894044837650825, 2.646780443809895, 102341000000, 
-1.299466692617365, -0.688714126776283, 2.6238000668746193, 102375000000, 
-1.2977603515788243, -0.687956259742794, 2.6028133295753215, 102409000000, 
-1.296104120100694, -0.6871283005837684, 2.5836676936569543, 102443000000, 
-1.2944955591360263, -0.6862283071989909, 2.5662548293517258, 102477000000, 
-1.2929318534932261, -0.6852549838987513, 2.550507401699329, 102511000000, 
-1.291410026186345, -0.6842075309978902, 2.5363980594912445, 102545000000, 
-1.2899264014800886, -0.6830862408289192, 2.523940365465763, 102579000000, 
-1.288477160552442, -0.6818919547292579, 2.513192411478237, 102613000000, 
-1.2870582148714356, -0.6806262582931337, 2.5042637999300363, 102647000000, 
-1.2856651943155903, -0.6792915357173681, 2.497326608973318, 102681000000, 
-1.2842934541760984, -0.6778910023362443, 2.4926329748283917, 102715000000, 
-1.28293806611014, -0.6764287558121053, 2.4905417676743844, 102749000000, 
-1.2815938132653613, -0.6749098258566479, 2.4915601155335385, 102783000000, 
-1.2802551804170361, -0.6733402391673446, 2.496408312505455, 102817000000, 
-1.2789163505273542, -0.6717270871004302, 2.506124434953603, 102851000000, 
-1.2775712043588359, -0.6700786046927962, 2.522237585361571, 102885000000, 
-1.276213325636993, -0.6684042527843956, 2.5470656823831908, 102919000000, 
-1.274836015802503, -0.6667148062076604, 2.5842458906468573, 102953000000, 
-1.2734323186042322, -0.6650224415924665, 2.6397127131499434, 102987000000, 
-1.2719950528705286, -0.6633408250430152, 2.7235276858509327, 103021000000, 
-1.2705168541446044, -0.6616851943139508, 2.8531059436615824, 103055000000, 
-1.2698560020250658, -0.6599075524139478, 3.0544762583132306, 103089000000, 
-1.270272542447982, -0.6579566160945066, -2.9390215138879228, 103123000000, 
-1.2706796920658936, -0.6560361405947541, -2.566729382151882, 103157000000, 
-1.2710743047448678, -0.6541474060051327, -2.18673061824407, 103191000000, 
-1.2714528880301603, -0.6522918702852186, -1.8828954550411567, 103225000000, 
-1.2722103896721393, -0.6519585528679831, -1.676108564233103, 103259000000, 
-1.2730644293469564, -0.6519906869882997, -1.5454267372241182, 103293000000, 
-1.2739103022588971, -0.6519984474959267, -1.4610458803431725, 103327000000, 
-1.2747452687138172, -0.6519846841143974, -1.4050962529677387, 103361000000, 
-1.2755668752776046, -0.6519521011606696, -1.367332981456715, 103395000000, 
-1.2763729372596198, -0.651903259594657, -1.3417404271866087, 103429000000, 
-1.2771615171108126, -0.6518405823313376, -1.3246374849798066, 103463000000, 
-1.2779309066843012, -0.6517663559537037, -1.313674597471567, 103497000000, 
-1.2786796079907765, -0.6516827352781014, -1.3072934874411881, 103531000000, 
-1.2794063171614383, -0.6515917455757412, -1.3044251523434431, 103565000000, 
-1.2801099083357566, -0.651495286404857, -1.3043143970722058, 103599000000, 
-1.2807894199488445, -0.6513951341770859, -1.3064138619982413, 103633000000, 
-1.2814440414020776, -0.6512929458933194, -1.3103178555680193, 103667000000, 
-1.2820731013084687, -0.6511902625111977, -1.3157196914828908, 103701000000, 
-1.2826760560446036, -0.6510885134230033, -1.3223834554212595, 103735000000, 
-1.2832524791593818, -0.6509890211934357, -1.3301248338544585, 103769000000, 
-1.2838020508932757, -0.650893007371601, -1.3387978342787443, 103803000000, 
-1.2843245481175265, -0.6508015988100756, -1.3482853946472309, 103837000000, 
-1.284819834343607, -0.6507158348194386, -1.3584926393896957, 103871000000, 
-1.2852878500661942, -0.6506366746704034, -1.369341952102441, 103905000000, 
-1.2857286033626578, -0.6505650054427312, -1.3807693281151998, 103939000000, 
-1.2861421610056623, -0.6505016497631017, -1.3927216313930182, 103973000000, 
-1.2865286401438962, -0.6504473732692078, -1.4051545046487335, 104007000000, 
-1.2868882007569347, -0.650402891421308, -1.4180307508171883, 104041000000, 
-1.2872210389426886, -0.6503688755007404, -1.431319061563455, 104075000000, 
-1.2875273811369607, -0.6503459575757554, -1.4449930010751515, 104109000000, 
-1.2878074792468306, -0.6503347343986894, -1.459030181988683, 104143000000, 
-1.2880616066718789, -0.6503357702215907, -1.4734115867551358, 104177000000, 
-1.2882900551048242, -0.6503495986625976, -1.4881210025901837, 104211000000, 
-1.2884931319938604, -0.6503767237939526, -1.5031445466213529, 104245000000, 
-1.2886711585126738, -0.6504176207085356, -1.518470265413053, 104279000000, 
-1.2888244678993797, -0.6504727358286043, -1.5340877970762106, 104313000000, 
-1.288953404034437, -0.6505424872355141, -1.5499880876161272, 104347000000, 
-1.2890583201682386, -0.650627265257093, -1.5661631546544401, 104381000000, 
-1.2891395777446848, -0.6507274335039492, -1.582605892856822, 104415000000, 
-1.2891975453140219, -0.6508433304675281, -1.59930991561914, 104449000000, 
-1.289232597562755, -0.6509752717168736, -1.6162694277827134, 104483000000, 
-1.2892451145179984, -0.6511235526466537, -1.6334791240207445, 104517000000, 
-1.2892354809952624, -0.6512884516596633, -1.6509341076079735, 104551000000, 
-1.2892040863586354, -0.651470233608991, -1.6686298243573048, 104585000000, 
-1.2891513246467698, -0.6516691532919547, -1.686562006856539, 104619000000, 
-1.289077595094472, -0.6518854587765874, -1.7047266246203305, 104653000000, 
-1.288983303049726, -0.6521193943564885, -1.7231198364936904, 104687000000, 
-1.2888688612570278, -0.6523712029651714, -1.7417379424710977, 104721000000, 
-1.28873469145308, -0.6526411279337817, -1.7605773330329433, 104755000000, 
-1.2885812262052794, -0.6529294140372583, -1.7796344350213043, 104789000000, 
-1.2884089109184986, -0.6532363078368671, -1.7989056539360853, 104823000000, 
-1.2882182059429255, -0.6535620573826926, -1.818387313229307, 104857000000, 
-1.28800958873384, -0.6539069113823104, -1.8380755916760507, 104891000000, 
-1.2877835560411341, -0.6542711179666475, -1.8579664601630537, 104925000000, 
-1.287540626138288, -0.6546549231898364, -1.8780556192769402, 104959000000, 
-1.2872813411331685, -0.6550585693876195, -1.8983384389206763, 104993000000, 
-1.2870062694316875, -0.6554822934923664, -1.9188099009042117, 105027000000, 
-1.2867160084459695, -0.6559263253670217, -1.9394645451100119, 105061000000, 
-1.286411187648013, -0.6563908861812003, -1.9602964195003254, 105095000000, 
-1.2860924720662708, -0.6568761868156638, -1.9812990339670442, 105129000000, 
-1.2857605663063483, -0.6573824262510569, -2.0024653178676717, 105163000000, 
-1.285416219150034, -0.6579097898760924, -2.0237875810557986, 105197000000, 
-1.285060228752638, -0.6584584476405487, -2.0452574782936184, 105231000000, 
-1.2846934484215888, -0.6590285519790346, -2.066865977097001, 105265000000, 
-1.2843167929242456, -0.6596202354403993, -2.088603329266417, 105299000000, 
-1.2839312452443985, -0.6602336079717191, -2.1104590465464033, 105333000000, 
-1.283537863688518, -0.6608687538211363, -2.132421880979791, 105367000000, 
-1.2831377892366727, -0.6615257280365304, -2.154479810536072, 105401000000, 
-1.2827322530396954, -0.6622045525439502, -2.176620030468566, 105435000000, 
-1.2823225839825725, -0.6629052117889784, -2.1988289505887293, 105469000000, 
-1.2819102162614477, -0.663627647915664, -2.221092198262274, 105503000000, 
-1.281496696954261, -0.6643717554431513, -2.243394626482457, 105537000000, 
-1.281083693598204, -0.665137375383207, -2.2657203259340637, 105571000000, 
-1.2806730018158872, -0.6659242887271279, -2.2880526396101466, 105605000000, 
-1.2804977328277911, -0.6687154610726327, -2.3101069256979017, 105639000000, 
-1.2803315658121663, -0.6719853387684139, -2.33189633068726, 105673000000, 
-1.2801764945231195, -0.6752142033152575, -2.3534446095071337, 105707000000, 
-1.280035232565947, -0.6784030163829031, -2.3747311066602506, 105741000000, 
-1.2799104951664844, -0.6815528632335468, -2.395733414850644, 105775000000, 
-1.2798049877957387, -0.6847096527952411, -2.4164194632207012, 105809000000, 
-1.2801087119853125, -0.6879918141344995, -2.43672422970978, 105843000000, 
-1.2850765292297313, -0.691839225773118, -2.4564048927849256, 105877000000, 
-1.2900369257558584, -0.6956369952042623, -2.475711408624826, 105911000000, 
-1.2950119125354336, -0.6993798099242294, -2.494637548113979, 105945000000, 
-1.300055872051127, -0.7031213525650879, -2.5131698948785353, 105979000000, 
-1.3050947025074875, -0.7067737614482967, -2.5313118606991742, 106013000000, 
-1.3101706011571639, -0.710400505973566, -2.5490474272356978, 106047000000, 
-1.3153457413717455, -0.7140219917449413, -2.5663591644347736, 106081000000, 
-1.3205190505456508, -0.717553284846994, -2.5832566152804373, 106115000000, 
-1.325782640427592, -0.7210564075851511, -2.5997903114428653, 106149000000, 
-1.3310959357045726, -0.724503809101228, -2.6159428232166406, 106183000000, 
-1.3364616244886707, -0.7278867211967343, -2.6317046125603687, 106217000000, 
-1.341902468366714, -0.7312172143913731, -2.647037059419816, 106251000000, 
-1.3474227755605852, -0.7344887339672725, -2.6619036825173605, 106285000000, 
-1.3530265729132478, -0.7376947393153725, -2.676269745713687, 106319000000, 
-1.3585497029094844, -0.7407424793149597, -2.689997484600683, 106353000000, 
-1.36270699846488, -0.7430153451068702, -2.688944714978235, 106387000000, 
-1.366813643910886, -0.7452622125666349, -2.6737411402828295, 106421000000, 
-1.3713863914412092, -0.7479108037718748, -2.6577580932729714, 106455000000, 
-1.3758606427009046, -0.7506399796234658, -2.64128371664318, 106489000000, 
-1.3802385118061793, -0.7534429552966141, -2.6243523627163814, 106523000000, 
-1.3845223733932046, -0.7563133315253401, -2.606995131409, 106557000000, 
-1.388714713237255, -0.7592449456849134, -2.5892405864894497, 106591000000, 
-1.3925591763244813, -0.7621708483748004, -2.5711337776221894, 106625000000, 
-1.3965282173393176, -0.7652004857349464, -2.5531040124156825, 106659000000, 
-1.3977306738103652, -0.7676441881657977, -2.5349706778762977, 106693000000, 
-1.3970128331724019, -0.7696597001048905, -2.516414769192412, 106727000000, 
-1.3962233022824393, -0.771670010390463, -2.4975932485696255, 106761000000, 
-1.39537378279558, -0.7736743127089378, -2.4785452041381335, 106795000000, 
-1.39447503138437, -0.7756721709398977, -2.459308742720305, 106829000000, 
-1.3935369507522102, -0.7776634809961815, -2.4399210529956696, 106863000000, 
-1.392568599608119, -0.779648429755038, -2.420418315124879, 106897000000, 
-1.3915782336717533, -0.7816274575023502, -2.40083566475367, 106931000000, 
-1.3905733266871825, -0.7836012203189802, -2.3812070664106884, 106965000000, 
-1.3895606103538976, -0.7855705576895741, -2.361565210623391, 106999000000, 
-1.3885461009922386, -0.7875364600756763, -2.3419413573812027, 107033000000, 
-1.3875351371958438, -0.7895000397281563, -2.322365206562162, 107067000000, 
-1.3865324086576074, -0.7914625021242494, -2.302864736436941, 107101000000, 
-1.3855419908439242, -0.793425120250949, -2.2834660632270687, 107135000000, 
-1.3845673735194945, -0.7953892093729321, -2.2641932885565352, 107169000000, 
-1.3836114917695204, -0.7973561039660004, -2.2450683663474824, 107203000000, 
-1.382676752262363, -0.799327135225146, -2.226110968051561, 107237000000, 
-1.3817650597250224, -0.801303610088697, -2.2073383659902497, 107271000000, 
-1.3808778392880097, -0.8032867904393137, -2.1887653230371855, 107305000000, 
-1.3800160575541764, -0.8052778728450845, -2.170404001092883, 107339000000, 
-1.3791802399057576, -0.8072779675804576, -2.1522638828296663, 107373000000, 
-1.3783704858034187, -0.8092880768468418, -2.1343517148778837, 107407000000, 
-1.3775864808281473, -0.8113090710876609, -2.1166714699095013, 107441000000, 
-1.3768275066964382, -0.8133416632055979, -2.0992243318734145, 107475000000, 
-1.376092448780144, -0.8153863799852397, -2.082008701390823, 107509000000, 
-1.3753798020447159, -0.8174435308103313, -2.0650202206642985, 107543000000, 
-1.3746876752851869, -0.8195131736216141, -2.0482518118288313, 107577000000, 
-1.3740137942122428, -0.821595078700402, -2.0316937228035035, 107611000000, 
-1.3733555032364937, -0.8236886908308624, -2.0153335711065967, 107645000000, 
-1.372709766066902, -0.8257930907487081, -1.9991563762714215, 107679000000, 
-1.3720731647857796, -0.8279069566028561, -1.9831445705485575, 107713000000, 
-1.3714418972312774, -0.8300285261121465, -1.9672779795223394, 107747000000, 
-1.3708117723896418, -0.832155559661052, -1.9515337663032009, 107781000000, 
-1.3712981566318636, -0.8354227611499841, -1.9360572401082539, 107815000000, 
-1.3740196591314113, -0.8410373712420062, -1.921484953773028, 107849000000, 
-1.3766586293288314, -0.8466703255244324, -1.9075321118957895, 107883000000, 
-1.3791796627570387, -0.852279812785055, -1.8940469822075028, 107917000000, 
-1.3816260148429247, -0.8579034722178664, -1.8808790628866683, 107951000000, 
-1.383994287115943, -0.8635483737812369, -1.8677434137220614, 107985000000, 
-1.3862628219302733, -0.8691502694679528, -1.8545817425846252, 108019000000, 
-1.3884610412959748, -0.8747790758985815, -1.8413569675175683, 108053000000, 
-1.3905572129460484, -0.8803752469673048, -1.8280411731875246, 108087000000, 
-1.3925919737587076, -0.8860124020157171, -1.8146180258158235, 108121000000, 
-1.3945319675791987, -0.8916302970647693, -1.8010563912829973, 108155000000, 
-1.3963796657987857, -0.897234600632314, -1.7873386246007232, 108189000000, 
-1.3981519560646536, -0.902854787531803, -1.7734482178324043, 108223000000, 
-1.3998103873847612, -0.9084237512408034, -1.7593604087681805, 108257000000, 
-1.4013477987413598, -0.9139213810960214, -1.7450546086075254, 108291000000, 
-1.4027973975354053, -0.9194144028035792, -1.7305147297045793, 108325000000, 
-1.404157822752639, -0.9249017717880986, -1.7157198583401392, 108359000000, 
-1.4054270592141458, -0.9303815489223792, -1.700649815319625, 108393000000, 
-1.4066030014858877, -0.9358534624410834, -1.6852865905155157, 108427000000, 
-1.4076824640982954, -0.9413158040045011, -1.6696140520968228, 108461000000, 
-1.4086623261798832, -0.9467672816954799, -1.653616899098036, 108495000000, 
-1.4095390340669969, -0.9522066107903228, -1.63728158609606, 108529000000, 
-1.4103085898999992, -0.9576324963792072, -1.6205965455413927, 108563000000, 
-1.4109665483798093, -0.9630436183440575, -1.6035524297874144, 108597000000, 
-1.4115080415231709, -0.968438578242742, -1.5861423660540843, 108631000000, 
-1.411909886180333, -0.9737060114357166, -1.5687269219982758, 108665000000, 
-1.4122154086075847, -0.9787916220895456, -1.5536114699472185, 108699000000, 
-1.4125361725746788, -0.98400517246665, -1.5388529626825176, 108733000000, 
-1.4128549652794078, -0.9892407827469445, -1.5241197536241256, 108767000000, 
-1.4131667690421144, -0.9944960957392641, -1.509431356397889, 108801000000, 
-1.413466520995056, -0.9997695827194278, -1.4948076639875, 108835000000, 
-1.413749349772454, -1.0050597430178192, -1.480267161561239, 108869000000, 
-1.4140106504176155, -1.0103650633932566, -1.4658268457394867, 108903000000, 
-1.414246083238802, -1.0156840285994995, -1.4515022637497266, 108937000000, 
-1.414451531147053, -1.0210151555633658, -1.4373075540253828, 108971000000, 
-1.4146453466938649, -1.0263266581854742, -1.4232578982995252, 109005000000, 
-1.4148192328907427, -1.0316242194421177, -1.4093653356037508, 109039000000, 
-1.4149535184227522, -1.03693049503362, -1.3956377388397057, 109073000000, 
-1.4150448342650517, -1.0422439248425128, -1.3820828497830635, 109107000000, 
-1.41508153452701, -1.047574383902183, -1.3687015344506916, 109141000000, 
-1.4150685894440835, -1.0529075242324715, -1.355499857122174, 109175000000, 
-1.4150010488659284, -1.0582444468811114, -1.3424863685179071, 109209000000, 
-1.4148784205837641, -1.0635776130545538, -1.329659266633315, 109243000000, 
-1.4147032961825199, -1.0689024696800467, -1.3170257950544058, 109277000000, 
-1.4144605825174563, -1.0742288860205251, -1.3045815590491365, 109311000000, 
-1.4141602916758604, -1.079543878932918, -1.292334008711978, 109345000000, 
-1.4137970207836776, -1.0848477758053572, -1.2802780423109803, 109379000000, 
-1.4133601781904983, -1.0901477515937463, -1.2684144245566376, 109413000000, 
-1.4128562773922835, -1.095434522921504, -1.2567468664706427, 109447000000, 
-1.4122859587766246, -1.1007025405834452, -1.245272546046071, 109481000000, 
-1.411641534215306, -1.105957454488739, -1.23398852603846, 109515000000, 
-1.4109223917390485, -1.1111963959986941, -1.222896536954648, 109549000000, 
-1.4101275585281023, -1.1164176147632416, -1.2119949609128264, 109583000000, 
-1.4092560638371692, -1.1216195122309978, -1.2012817921921717, 109617000000, 
-1.4083065813287163, -1.1268005417705638, -1.1907569911276734, 109651000000, 
-1.407278320579576, -1.1319592305266744, -1.1804182943978518, 109685000000, 
-1.4061713373734954, -1.1370943094702597, -1.1702635399033952, 109719000000, 
-1.4049830161808012, -1.142204836493367, -1.160289087793787, 109753000000, 
-1.403717479188969, -1.1472825093492038, -1.1504966392964318, 109787000000, 
-1.4023680090438864, -1.1523358938936878, -1.140883002275154, 109821000000, 
-1.400936268786977, -1.1573625106342316, -1.131442088062134, 109855000000, 
-1.399425724445126, -1.1623518838948743, -1.1221767528693896, 109889000000, 
-1.3978313202798245, -1.167313189428977, -1.1130828061065707, 109923000000, 
-1.3961547611741847, -1.1722418087605675, -1.1041593181163714, 109957000000, 
-1.3943981366737948, -1.1771335926718038, -1.0954012724355993, 109991000000, 
-1.392558765895486, -1.1819919245288975, -1.086812986853513, 110025000000, 
-1.3906382645003357, -1.186815650582659, -1.0783889860084204, 110059000000, 
-1.3886372996750496, -1.1916033655033842, -1.0701282836614296, 110093000000, 
-1.3865567009682993, -1.196352529638267, -1.0620312197706425, 110127000000, 
-1.3843974339818177, -1.201061800746548, -1.0540971803548338, 110161000000, 
-1.382160149560976, -1.2057309000613354, -1.0463259623343824, 110195000000, 
-1.3798459757464725, -1.2103601870053868, -1.0387151412571083, 110229000000, 
-1.377456034137276, -1.2149474691224047, -1.0312661023569045, 110263000000, 
-1.3749916084622418, -1.219496552088796, -1.0239766446959135, 110297000000, 
-1.3724545104613777, -1.2240038415059544, -1.0168466005359906, 110331000000, 
-1.3698463034681667, -1.2284690214054568, -1.0098761174851316, 110365000000, 
-1.3671682011054633, -1.2329002889818688, -1.0030647954471206, 110399000000, 
-1.3644232384902082, -1.237282649447012, -0.9964169488466141, 110433000000, 
-1.361612499198355, -1.2416312238703342, -0.9899266090625221, 110467000000, 
-1.358739337685761, -1.2459376475442956, -0.983602432039998, 110501000000, 
-1.3558049681786482, -1.2502048758423383, -0.9774392338654048, 110535000000, 
-1.3528128123335745, -1.2544309801758433, -0.9714458761616578, 110569000000, 
-1.349764514409323, -1.2586267330593093, -0.9656188631716254, 110603000000, 
-1.346664068766241, -1.2627887143932328, -0.9599675014902403, 110637000000, 
-1.3435130401766857, -1.2669083884845633, -0.9544939402477931, 110671000000, 
-1.340315035668066, -1.2709988370238599, -0.9492017950797008, 110705000000, 
-1.3370723048572735, -1.2750921007643958, -0.9440939952070773, 110739000000, 
-1.3337888292088516, -1.2791700397366643, -0.9391767879464804, 110773000000, 
-1.3304674059584847, -1.283219210354737, -0.9344528865845568, 110807000000, 
-1.3271113275968904, -1.2872414493024669, -0.9299263010344804, 110841000000, 
-1.3237241342150639, -1.2912387926021953, -0.9256009511780767, 110875000000, 
-1.3203096327820196, -1.2952135815378136, -0.9214796550628016, 110909000000, 
-1.316872146886952, -1.2991687263142213, -0.9175619683143642, 110943000000, 
-1.3134159086909791, -1.3031071329694273, -0.9138498560207934, 110977000000, 
-1.3099453210984904, -1.3070320211081408, -0.9103451210577476, 111011000000, 
-1.306464988460486, -1.3109468910085254, -0.9070494298066644, 111045000000, 
-1.302979679154011, -1.31485556257988, -0.9039644231355708, 111079000000, 
-1.2994942740947972, -1.3187621557895413, -0.9010917416547071, 111113000000, 
-1.2960305049061447, -1.3226584863976514, -0.8984197206095921, 111147000000, 
-1.2926930723871959, -1.326452357817283, -0.8943681581762304, 111181000000, 
-1.2892587006734721, -1.3302282410881927, -0.8889408846027487, 111215000000, 
-1.285735178784404, -1.333956909251532, -0.8833179562888777, 111249000000, 
-1.2821486431567524, -1.3376229702366718, -0.877520860843286, 111283000000, 
-1.2785041233715404, -1.3412291392653137, -0.8715560143522922, 111317000000, 
-1.2748063898172632, -1.344778067803745, -0.8654286774038489, 111351000000, 
-1.2710598701483413, -1.3482723006531847, -0.8591436315569644, 111385000000, 
-1.267268659295341, -1.351714271304583, -0.8527052147577341, 111419000000, 
-1.263436537596002, -1.3551063018942666, -0.8461173160302379, 111453000000, 
-1.2595669901791207, -1.3584506036008135, -0.8393833915178376, 111487000000, 
-1.2556426478838438, -1.361756516882747, -0.8325076875537036, 111521000000, 
-1.251597460844384, -1.3650578817549581, -0.8254969736789016, 111555000000, 
-1.2475228137929264, -1.3683161832246455, -0.8183465439848987, 111589000000, 
-1.2434218672863377, -1.3715330176505087, -0.8110592817726378, 111623000000, 
-1.2392971642410373, -1.3747102729846878, -0.8036376588152188, 111657000000, 
-1.2351785278585108, -1.3778396560598514, -0.7960808358688587, 111691000000, 
-1.2310297040729996, -1.3809365493396142, -0.7883838276190741, 111725000000, 
-1.2268798008472326, -1.3839934266761003, -0.7805437144497275, 111759000000, 
-1.2226887121842656, -1.3870281300849887, -0.772560472083083, 111793000000, 
-1.218511288195133, -1.3900235074230618, -0.7644291141920929, 111827000000, 
-1.2142929403794647, -1.3930002700273902, -0.7561516800201143, 111861000000, 
-1.2100842767064164, -1.3959433250822504, -0.7477246688786261, 111895000000, 
-1.20584159932768, -1.3988691743394985, -0.739149986406574, 111929000000, 
-1.2016121332872605, -1.4017615007286248, -0.7304224141147301, 111963000000, 
-1.1973498515627925, -1.4046396902861034, -0.7215447778156867, 111997000000, 
-1.1930985778049632, -1.4074870877562264, -0.7125132814954356, 112031000000, 
-1.1888211064530836, -1.410320083848618, -0.7033278081263009, 112065000000, 
-1.1845406718178904, -1.4131302170287143, -0.6939876242083379, 112099000000, 
-1.18026973751061, -1.4159139502164622, -0.6844880555057626, 112133000000, 
-1.1759714795693965, -1.418688656367178, -0.6748320235294133, 112167000000, 
-1.1716711694337891, -1.4214410219281577, -0.6650170263812387, 112201000000, 
-1.1673706841942708, -1.4241723428207367, -0.6550407313952923, 112235000000, 
-1.1630709798949912, -1.4268806926903694, -0.6449006921964827, 112269000000, 
-1.1587528640741636, -1.4295794388543726, -0.634598467317154, 112303000000, 
-1.1544318835870062, -1.4322616784114064, -0.6241333201643374, 112337000000, 
-1.1501189148086788, -1.4349161505672714, -0.6135008092528897, 112371000000, 
-1.1457855948489597, -1.4375648242819212, -0.6027053802472513, 112405000000, 
-1.1414524002229276, -1.4401923927491072, -0.5917447282715753, 112439000000, 
-1.137126658669033, -1.4427919220879517, -0.5806162155920966, 112473000000, 
-1.1327757854146567, -1.4453886824833275, -0.5693255606539512, 112507000000, 
-1.128438783686812, -1.4479504281473674, -0.557868204244763, 112541000000, 
-1.1240746920239457, -1.450510824718899, -0.5462508191962905, 112575000000, 
-1.1197275588022777, -1.4530298537890791, -0.5344694825385538, 112609000000, 
-1.115351187733989, -1.4555484892646628, -0.5225322844835675, 112643000000, 
-1.110987895256212, -1.4580254402809762, -0.5104368386743316, 112677000000, 
-1.1066054828262302, -1.460487403580269, -0.4981888887512082, 112711000000, 
-1.102213340791725, -1.4629283568214333, -0.4857947659844883, 112745000000, 
-1.0978226440411283, -1.4653293747998788, -0.4732560704455845, 112779000000, 
-1.0934133290748478, -1.4677110158935593, -0.46058142431113425, 112813000000, 
-1.0889939560284825, -1.4700653052024781, -0.4477778934891566, 112847000000, 
-1.0846090374907353, -1.4723384199403964, -0.4348460228388959, 112881000000, 
-1.0802100438365179, -1.4745794243470374, -0.42179829086750104, 112915000000, 
-1.0757958904499956, -1.476786610220613, -0.40863954646956147, 112949000000, 
-1.0713655241632363, -1.478957948599666, -0.3953754354682781, 112983000000, 
-1.0669177960171083, -1.4810911010467542, -0.3820128874383947, 113017000000, 
-1.0624517971573184, -1.4831834360150957, -0.36855928524347153, 113051000000, 
-1.057965536035078, -1.485231958821078, -0.35502735674638525, 113085000000, 
-1.0534578824257264, -1.4872332541750433, -0.34142845278094586, 113119000000, 
-1.048927415401913, -1.489183755579808, -0.32777527385085176, 113153000000, 
-1.0443726490143086, -1.4910795289812313, -0.3140821977251678, 113187000000, 
-1.0397920404302952, -1.4929162685346538, -0.30036526081069126, 113221000000, 
-1.0351839941762286, -1.494689284943741, -0.28664217594669855, 113255000000, 
-1.030546866366711, -1.4963934936497156, -0.2729323451591131, 113289000000, 
-1.0258790060249816, -1.4980234334291935, -0.2592568529296117, 113323000000, 
-1.0211386081405882, -1.4995681541603105, -0.24556907330325586, 113357000000, 
-1.0163299042916312, -1.5010360615180485, -0.2313574981551164, 113391000000, 
-1.0115703835357137, -1.5024821242929693, -0.21729130399685262, 113425000000, 
-1.006814663326558, -1.503898519508527, -0.20361761487779928, 113459000000, 
-1.002058925887776, -1.5052795145642133, -0.1903227165028275, 113493000000, 
-0.9973023918248292, -1.506619337894534, -0.17739414078451585, 113527000000, 
-0.9925444071143862, -1.5079123815673432, -0.1648184141118396, 113561000000, 
-0.9877844955465739, -1.5091533232442802, -0.15258088984872858, 113595000000, 
-0.9830222593417607, -1.5103371209752101, -0.14066596204963439, 113629000000, 
-0.9782574974209488, -1.5114590367723457, -0.12905724182766976, 113663000000, 
-0.9734901272768092, -1.512514621901739, -0.11773769331542239, 113697000000, 
-0.9687201575014861, -1.5134996984730167, -0.10668972237099313, 113731000000, 
-0.9639477298140953, -1.514410378807971, -0.09589523685290956, 113765000000, 
-0.959176493232244, -1.5152435971083005, -0.08533584298754883, 113799000000, 
-0.9544833690121989, -1.5160054534111005, -0.07499747883152687, 113833000000, 
-0.9497926775700061, -1.5166829928083776, -0.0648553322912886, 113867000000, 
-0.9451016235843198, -1.5172731498603083, -0.054888802660319355, 113901000000, 
-0.9404107954231437, -1.5177733153217638, -0.04507703996209413, 113935000000, 
-0.9357208681307178, -1.5181811176556794, -0.035398679495178276, 113969000000, 
-0.9310325875465518, -1.51849445130854, -0.025831804281096344, 114003000000, 
-0.926346757982531, -1.5187114934480397, -0.016353955620771958, 114037000000, 
-0.9216642228941839, -1.518830708468051, -0.006942138347127421, 114071000000, 
-0.9169858508044486, -1.5188508519404302, 0.002427145578395672, 114105000000, 
-0.9123125124124107, -1.5187709698802823, 0.011777883440240501, 114139000000, 
-0.907613707140887, -1.5185873487760946, 0.021138235678279417, 114173000000, 
-0.9029643682248721, -1.5183044278531008, 0.030553041515706234, 114207000000, 
-0.8986294798729778, -1.5179067968099533, 0.04005844755748387, 114241000000, 
-0.8938523267619253, -1.5174018819973394, 0.049713159698951015, 114275000000, 
-0.8897858219146715, -1.5167654878501853, 0.059308974340348125, 114309000000, 
-0.8907292862670322, -1.5158565230314045, 0.06858688561206515, 114343000000, 
-0.8916526815406199, -1.5149293700486068, 0.07800498506430138, 114377000000, 
-0.8925523551077585, -1.5139806884918738, 0.08757072840565008, 114411000000, 
-0.8934272909849885, -1.5130098724414227, 0.0972890060878557, 114445000000, 
-0.8942769377452735, -1.512016665138093, 0.10716207927532358, 114479000000, 
-0.8951011918877564, -1.5110011744822718, 0.11718958207128105, 114513000000, 
-0.8959003809951747, -1.5099638933313781, 0.12736849735208078, 114547000000, 
-0.896675248040268, -1.508905723046123, 0.1376931192987642, 114581000000, 
-0.8974269360809399, -1.5078279986207574, 0.14815501218728264, 114615000000, 
-0.8981569748026966, -1.5067325153181732, 0.158742973931961, 114649000000, 
-0.8988672682661109, -1.505621556210653, 0.16944300673020263, 114683000000, 
-0.8995600849666491, -1.504497920514124, 0.18023830343338218, 114717000000, 
-0.9002380524500309, -1.5033649502281927, 0.19110927705685118, 114751000000, 
-0.9009041538681014, -1.50222655819118, 0.20203360176039262, 114785000000, 
-0.9015617280774264, -1.5010872557176689, 0.21298628461928584, 114819000000, 
-0.902214472591828, -1.499952180542199, 0.22393975839799982, 114853000000, 
-0.9028664484709885, -1.4988271250993583, 0.23486398714034953, 114887000000, 
-0.9033590360846833, -1.4977043605621996, 0.24574615980316392, 114921000000, 
-0.8984240036577793, -1.4960044773510688, 0.25766432251373217, 114955000000, 
-0.8934645046967361, -1.4942175951543228, 0.2704085119558064, 114989000000, 
-0.8885709776590363, -1.4924445442104133, 0.2835481170921803, 115023000000, 
-0.8837816286117726, -1.4906744711243884, 0.29708925116082385, 115057000000, 
-0.8790522197401294, -1.4888745912555126, 0.31103970606598447, 115091000000, 
-0.874398125550313, -1.487041901377366, 0.3253213708464487, 115125000000, 
-0.8697039013575976, -1.485165644213185, 0.3393994637176841, 115159000000, 
-0.8646790435547071, -1.4831620379103034, 0.3510727803529453, 115193000000, 
-0.8597904474765523, -1.4811305738792002, 0.3613840453103844, 115227000000, 
-0.8549278326273975, -1.479044760358013, 0.3714016576785248, 115261000000, 
-0.8500741968042683, -1.476901965066728, 0.3811666604649741, 115295000000, 
-0.845230614846501, -1.4747051625350152, 0.390713249406669, 115329000000, 
-0.84039808293829, -1.4724571482981048, 0.40007530065910785, 115363000000, 
-0.8355775941540163, -1.4701606121573028, 0.4092864510511271, 115397000000, 
-0.8307701325917716, -1.467818067375053, 0.4183801252390918, 115431000000, 
-0.8259766728110205, -1.465431854434187, 0.42738960829207306, 115465000000, 
-0.8211981779977191, -1.4630041494491886, 0.4363481429435494, 115499000000, 
-0.8164355985454962, -1.4605369728694688, 0.4452890382775717, 115533000000, 
-0.81168987164671, -1.4580321975237467, 0.4542457813015395, 115567000000, 
-0.806961922231653, -1.4554915555499985, 0.4632521443053094, 115601000000, 
-0.8022526654653471, -1.4529166439862153, 0.4723422823195516, 115635000000, 
-0.7975630108802123, -1.4503089290303701, 0.48155081698028795, 115669000000, 
-0.7928938680824947, -1.4476697491673927, 0.49091290543206695, 115703000000, 
-0.788253835529412, -1.4450051751384407, 0.5004549392761157, 115737000000, 
-0.7836325507090621, -1.4423053839669195, 0.510138143118434, 115771000000, 
-0.7789721333245895, -1.439547371421042, 0.5199790294063115, 115805000000, 
-0.7744138379011116, -1.4368045207717939, 0.529986769472859, 115839000000, 
-0.769962207933631, -1.4341266289134031, 0.5401063628319505, 115873000000, 
-0.7654152212894495, -1.4313157636554699, 0.5502075597101498, 115907000000, 
-0.760994417014991, -1.4285255689752776, 0.5602934105395138, 115941000000, 
-0.7587440886605554, -1.427302690046014, 0.5706613106528983, 115975000000, 
-0.7578137345781812, -1.4272054767939952, 0.5815744817862434, 116009000000, 
-0.7568836224540555, -1.4271197697476696, 0.5929569767116728, 116043000000, 
-0.7559545754390786, -1.4270451785123137, 0.6048329850387408, 116077000000, 
-0.7550274890036405, -1.4269811100628096, 0.6172252850889997, 116111000000, 
-0.7541033234669917, -1.4269267556513636, 0.630155066115722, 116145000000, 
-0.7531831147622322, -1.426881086323055, 0.6436417023303435, 116179000000, 
-0.7522679848149858, -1.4268428507604864, 0.6577025121241973, 116213000000, 
-0.7513591522147632, -1.4268105706511607, 0.6723524774229355, 116247000000, 
-0.7504579426715317, -1.4267825375988228, 0.68760394711651, 116281000000, 
-0.749617287782354, -1.4267998243254212, 0.7034525461892102, 116315000000, 
-0.7496042273646614, -1.4275140170251803, 0.7192774452132988, 116349000000, 
-0.749579967015669, -1.428229838669218, 0.7348468339420198, 116383000000, 
-0.7495479492325147, -1.4289460961087708, 0.7501367834806729, 116417000000, 
-0.7495112304257728, -1.429661541050443, 0.7651239484383081, 116451000000, 
-0.7494726004835272, -1.4303750949163265, 0.7797882590576529, 116485000000, 
-0.7494346750939451, -1.4310857961147716, 0.7941106968087537, 116519000000, 
-0.7493998352643573, -1.431792821853916, 0.8080748395434149, 116553000000, 
-0.7493702897294467, -1.4324954547819049, 0.8216655426023333, 116587000000, 
-0.7493480417108059, -1.4331930946395512, 0.8348698122833325, 116621000000, 
-0.7493349309772142, -1.4338852382161122, 0.8476760352077113, 116655000000, 
-0.7493326163555597, -1.4345714856725333, 0.8600744749788198, 116689000000, 
-0.7493426029963729, -1.4352515284716287, 0.8720568225377399, 116723000000, 
-0.7493662326014324, -1.4359251518555158, 0.8836164677381331, 116757000000, 
-0.7494046996396467, -1.4365922260836488, 0.894748217931765, 116791000000, 
-0.7494590447682254, -1.4372527049082824, 0.905448416326905, 116825000000, 
-0.7495301633683878, -1.4379066167971677, 0.9157147308271507, 116859000000, 
-0.7496188005458633, -1.43855405939771, 0.9255461599940704, 116893000000, 
-0.749725555284233, -1.439195189519145, 0.9349428441159364, 116927000000, 
-0.7498508770511826, -1.439830214859656, 0.9439059991814888, 116961000000, 
-0.7499950682288632, -1.4404593837171422, 0.9524377457694385, 116995000000, 
-0.7501582825235437, -1.4410829765448077, 0.960541020621282, 117029000000, 
-0.7503405269562492, -1.4417012976731365, 0.9682194467965661, 117063000000, 
-0.7505416614332465, -1.4423146695020788, 0.9754772730516068, 117097000000, 
-0.7507613999822282, -1.4429234282807826, 0.9823193131243745, 117131000000, 
-0.7509993098827087, -1.4435279225257351, 0.988750946350779, 117165000000, 
-0.7512548108031449, -1.4441285132300552, 0.9947781360109125, 117199000000, 
-0.7515271716440539, -1.444725575900485, 1.0004074939346221, 117233000000, 
-0.7518155062907388, -1.4453195033709694, 1.0056463587603692, 117267000000, 
-0.7521187670910355, -1.4459107088104743, 1.0105028958198365, 117301000000, 
-0.7524357369871882, -1.4464996278552225, 1.014986192538306, 117335000000, 
-0.7527650199557614, -1.447086719200076, 1.0191063479833224, 117369000000, 
-0.7531050306367998, -1.447672462942474, 1.0228745383518227, 117403000000, 
-0.7534539832916399, -1.4482573564197325, 1.0263030572561969, 117437000000, 
-0.7538098808434781, -1.4488419074900156, 1.0294053232591576, 117471000000, 
-0.7541705042282105, -1.44942662562721, 1.03219585962079, 117505000000, 
-0.7545334024933918, -1.4500120114309674, 1.0346902497274884, 117539000000, 
-0.7548958836653613, -1.4505985454039128, 1.0369050798662987, 117573000000, 
-0.7552550064205013, -1.4511866769104633, 1.0388578800707653, 117607000000, 
-0.7556075723162982, -1.45177681421567, 1.0405670770490585, 117641000000, 
-0.7559501183525754, -1.4523693163238542, 1.0420519702371402, 117675000000, 
-0.7562789095512025, -1.4529644870774692, 1.0433327406207467, 117709000000, 
-0.7564617636811644, -1.4533412021961174, 1.0444529773737172, 117743000000, 
-0.756226104222514, -1.4530035797216811, 1.0458971676221254, 117777000000, 
-0.7559991677987371, -1.452675686828116, 1.0478482364296027, 117811000000, 
-0.7557788603636028, -1.4523586990397237, 1.0502884954140304, 117845000000, 
-0.7553773870026578, -1.4515567554042574, 1.0531461374927422, 117879000000, 
-0.7533147323345886, -1.4472608580998467, 1.0559739331780609, 117913000000, 
-0.7512807905964624, -1.4430157073334653, 1.0590827038713535, 117947000000, 
-0.7493130537295729, -1.4388098167364403, 1.0624797039708747, 117981000000, 
-0.7473272344087561, -1.4345833164904584, 1.0661786741738153, 118015000000, 
-0.7454347376485632, -1.4304498510419783, 1.0702161658200646, 118049000000, 
-0.7434938411731203, -1.4262453218957958, 1.0745520654592713, 118083000000, 
-0.741621045175319, -1.42210959186434, 1.0792045336757876, 118117000000, 
-0.7397623246041151, -1.4179802745775834, 1.08413284711145, 118151000000, 
-0.7379195496931021, -1.4138654717986987, 1.08935660456134, 118185000000, 
-0.7360865537426763, -1.4097565480343555, 1.094845483936243, 118219000000, 
-0.7342620023709087, -1.4056532654614944, 1.1005714685934758, 118253000000, 
-0.7324444554505793, -1.40155546053935, 1.1065097429497914, 118287000000, 
-0.7306325904231099, -1.3974629011877695, 1.1126363911730373, 118321000000, 
-0.728825247965849, -1.3933752590881665, 1.1189279179756417, 118355000000, 
-0.7270214368716321, -1.3892921079407548, 1.125361130438764, 118389000000, 
-0.7252203337194569, -1.3852129252210073, 1.1319130613290447, 118423000000, 
-0.7234212826735553, -1.38113709401329, 1.138560891590091, 118457000000, 
-0.7216237958287707, -1.3770639049072086, 1.145281865269567, 118491000000, 
-0.7198275549273616, -1.3729925573322093, 1.15205320244199, 118525000000, 
-0.7180324134703704, -1.368922160387102, 1.158852010117892, 118559000000, 
-0.7162383995422694, -1.3648517335519186, 1.1656551916061908, 118593000000, 
-0.7144457194764433, -1.3607802068123127, 1.1724393578765695, 118627000000, 
-0.7126547620208428, -1.3567064204135895, 1.1791807416571587, 118661000000, 
-0.7108661029885288, -1.3526291243034712, 1.1858551143209919, 118695000000, 
-0.7090805103379645, -1.3485469773883854, 1.1924377045570418, 118729000000, 
-0.7072989496708955, -1.3444585467861174, 1.198903116469829, 118763000000, 
-0.7055225903429182, -1.34036230776779, 1.2052252375781172, 118797000000, 
-0.7037528113560749, -1.3362566422286126, 1.2113771652044762, 118831000000, 
-0.7019912085104969, -1.3321398392189912, 1.2173311023322488, 118865000000, 
-0.7002396023347827, -1.3280100967574517, 1.223058234556389, 118899000000, 
-0.6985104790911387, -1.323887173045113, 1.228462800841626, 118933000000, 
-0.6970274862652541, -1.3199770084041922, 1.2332771708441694, 118967000000, 
-0.6968092135225771, -1.3188609642586095, 1.2378387877311323, 119001000000, 
-0.6963412628048211, -1.3182105942457432, 1.2424138457614775, 119035000000, 
-0.6952716001200183, -1.3174118518547173, 1.2469676797136635, 119069000000, 
-0.6939186320531969, -1.3168712016962318, 1.2514269134845568, 119103000000, 
-0.6924419060472365, -1.3163838144117173, 1.255706804917542, 119137000000, 
-0.691335736988514, -1.3159073271864856, 1.2597712796247886, 119171000000, 
-0.6909221135782273, -1.315688568924955, 1.2635945341520451, 119205000000, 
-0.6904969512164763, -1.3153534374169613, 1.2672157298598683, 119239000000, 
-0.690401219381163, -1.3153763336613837, 1.2706145144994379, 119273000000, 
-0.6904165269672331, -1.3154627978573241, 1.2739786620020654, 119307000000, 
-0.690829706382852, -1.3158362516891553, 1.2774339600398104, 119341000000, 
-0.6912470879724116, -1.3161948325278743, 1.2810180171069878, 119375000000, 
-0.6916656910604195, -1.316529565406143, 1.2847450758859322, 119409000000, 
-0.6920881055590984, -1.3168378085316448, 1.2886271493408477, 119443000000, 
-0.6925166992416849, -1.317117512735141, 1.2926736704326987, 119477000000, 
-0.6929536081748426, -1.3173672027945098, 1.2968914512450527, 119511000000, 
-0.6934007276731822, -1.3175859650103363, 1.301284660824872, 119545000000, 
-0.693859706652346, -1.3177734341667533, 1.305854833562531, 119579000000, 
-0.6943319431764036, -1.317929785814718, 1.3106009001591732, 119613000000, 
-0.6948185835067667, -1.3180557303890255, 1.3155192538141938, 119647000000, 
-0.6953205224007395, -1.3181525125306397, 1.3206038392649533, 119681000000, 
-0.6958384050362589, -1.3182219133255393, 1.3258462638346658, 119715000000, 
-0.6963726283548222, -1.3182662570286277, 1.3312359158153262, 119749000000, 
-0.6969233412939193, -1.3182884204300218, 1.3367600826685917, 119783000000, 
-0.697490442162169, -1.3182918452117207, 1.3424040557216776, 119817000000, 
-0.6976424937899298, -1.316766831619759, 1.348271867231556, 119851000000, 
-0.6964964416842604, -1.3111208750693917, 1.3541929618964996, 119885000000, 
-0.6954112307266, -1.3054725934983669, 1.3597137355937579, 119919000000, 
-0.6943001033940571, -1.2997221522484272, 1.3649815083228591, 119953000000, 
-0.6932663973467863, -1.2940060013234649, 1.3702772184283907, 119987000000, 
-0.6922687130802211, -1.2882895072567924, 1.3755807003683131, 120021000000, 
-0.6913057796848653, -1.2825737667185098, 1.3808674277828747, 120055000000, 
-0.6903770541748387, -1.2768598159013207, 1.3861154837340879, 120089000000, 
-0.6894819913199897, -1.2711486661884075, 1.391303236543642, 120123000000, 
-0.6886199219267519, -1.2654413364935666, 1.3964089783733085, 120157000000, 
-0.6877900431334892, -1.2597388186123453, 1.4014108166752786, 120191000000, 
-0.6869914070572127, -1.2540420974260524, 1.4062866239520246, 120225000000, 
-0.6862229155984751, -1.2483521526838939, 1.4110140094884662, 120259000000, 
-0.6854833140864597, -1.242669961466435, 1.4155702990875156, 120293000000, 
-0.6847711841951271, -1.2369965024345313, 1.4199325310683764, 120327000000, 
-0.6840849364530851, -1.2313327595974355, 1.4240774588770644, 120361000000, 
-0.683422860753966, -1.2256797166990772, 1.4279815543204766, 120395000000, 
-0.6827828876982543, -1.2200383878094485, 1.4316210041545747, 120429000000, 
-0.6821818696337998, -1.2146317080326035, 1.435546659038943, 120463000000, 
-0.6816179767796376, -1.2094586132807232, 1.4451628287655323, 120497000000, 
-0.6810811141829094, -1.2041288816160196, 1.4565520937250775, 120531000000, 
-0.6806229975780593, -1.1987461169008329, 1.4671242035779013, 120565000000, 
-0.6802268444692553, -1.1933617772478107, 1.477666473646555, 120599000000, 
-0.6798899129340276, -1.1879672843032443, 1.488202713876314, 120633000000, 
-0.6796103966288848, -1.1825645097936248, 1.498757818957852, 120667000000, 
-0.6793864238576931, -1.1771553738574925, 1.5093578546928617, 120701000000, 
-0.6792163941245154, -1.1717415968971423, 1.5200292655409218, 120735000000, 
-0.6790988285166245, -1.1663248565319042, 1.5307987468326374, 120769000000, 
-0.6790318085278799, -1.1609153570722586, 1.5416513848023343, 120803000000, 
-0.679016167427185, -1.155515655971625, 1.5525808942879362, 120837000000, 
-0.6790510418688269, -1.1501211028060663, 1.5635889635698665, 120871000000, 
-0.6791338924472857, -1.1447172014032558, 1.574671844503242, 120905000000, 
-0.6792444328645465, -1.1393805195976, 1.5858242321701141, 120939000000, 
-0.6794267966906131, -1.1339486845251354, 1.5970175496327155, 120973000000, 
-0.679615811851555, -1.1286070561315018, 1.6082496899460144, 121007000000, 
-0.6798395038421964, -1.123268460811536, 1.619449067462816, 121041000000, 
-0.6800541486004809, -1.118002897187268, 1.6305329579972772, 121075000000, 
-0.6796936888144736, -1.116499223919117, 1.642030290529738, 121109000000, 
-0.6793252776905077, -1.1156021170071706, 1.653936263260993, 121143000000, 
-0.6789508385528784, -1.1147080350949976, 1.6662185563328626, 121177000000, 
-0.6785708821332378, -1.1138172655382217, 1.6788907866485083, 121211000000, 
-0.6781861171303596, -1.112930034235652, 1.6919651970938694, 121245000000, 
-0.6777974856227958, -1.1120465087447957, 1.705451956169931, 121279000000, 
-0.6774061468589364, -1.1111668162023791, 1.7193594494452409, 121313000000, 
-0.6770135012319801, -1.1102910473779406, 1.7336937798687926, 121347000000, 
-0.6766211854315781, -1.109419269300204, 1.7484588642407655, 121381000000, 
-0.6762310902013152, -1.1085515306055642, 1.763656052419964, 121415000000, 
-0.6756566817635756, -1.1086378819541287, 1.7790049935688979, 121449000000, 
-0.6749887566545578, -1.109176204889196, 1.7940426887792522, 121483000000, 
-0.6743179283201712, -1.1097117447814369, 1.8087706641992285, 121517000000, 
-0.6736461310691093, -1.1102459880558848, 1.8231747387394224, 121551000000, 
-0.6729750757611732, -1.1107803242660166, 1.837242932736799, 121585000000, 
-0.6723062533883987, -1.111316045164144, 1.8509654743268331, 121619000000, 
-0.6716409455004572, -1.1118543426032017, 1.8643347269839046, 121653000000, 
-0.6709802317460136, -1.1123963010387334, 1.8773451124395422, 121687000000, 
-0.6703250016310142, -1.112942891246187, 1.8899929750430042, 121721000000, 
-0.6696759650857281, -1.113494961279207, 1.9022764387448055, 121755000000, 
-0.6690336654288069, -1.114053229034023, 1.914195234539288, 121789000000, 
-0.6683984912230685, -1.1146182743221138, 1.925750536265157, 121823000000, 
-0.6677706885722546, -1.1151905331208514, 1.9369447991866375, 121857000000, 
-0.6671503715123065, -1.1157702926329294, 1.9477816277091728, 121891000000, 
-0.6665375311207976, -1.1163576884424713, 1.9582656708762394, 121925000000, 
-0.665932041976679, -1.1169527025315635, 1.968402559244512, 121959000000, 
-0.665333666463207, -1.117555162434019, 1.9781988781021318, 121993000000, 
-0.6647420564847457, -1.1181647403152082, 1.9876621780739852, 122027000000, 
-0.664156753351329, -1.1187809517391223, 1.996801012226587, 122061000000, 
-0.6636913794483843, -1.118593783002543, 2.00572168941748, 122095000000, 
-0.6633109038697492, -1.1153328567080425, 2.014755097018489, 122129000000, 
-0.6629161608589819, -1.1117438274007452, 2.023724424212864, 122163000000, 
-0.6625072019583599, -1.1082045129014608, 2.0326210915641028, 122197000000, 
-0.6620819525510965, -1.1047146632265947, 2.0414665545146176, 122231000000, 
-0.6616383270572159, -1.1012744395509753, 2.050283536770037, 122265000000, 
-0.6611740154522583, -1.0978837857404573, 2.059096062196946, 122299000000, 
-0.6606865858436468, -1.0945424289244303, 2.067929435323497, 122333000000, 
-0.6601734425938359, -1.0912498392745715, 2.076810199333997, 122367000000, 
-0.6617474541820227, -1.087322337791037, 2.0857727291936703, 122401000000, 
-0.6637864075437983, -1.0832785133620335, 2.0945232955289503, 122435000000, 
-0.6660491840010975, -1.0790532176558514, 2.1030210269228657, 122469000000, 
-0.6686737458706599, -1.0747461172746462, 2.111057597310838, 122503000000, 
-0.6713762475202913, -1.070491262806236, 2.1191799976307912, 122537000000, 
-0.6740968931078022, -1.0663073866989448, 2.1274433267504165, 122571000000, 
-0.6768538028080305, -1.0621663083083916, 2.135886161104832, 122605000000, 
-0.6796696831343939, -1.0580475596713685, 2.1445030928978106, 122639000000, 
-0.6824945581334025, -1.0539843523279433, 2.1533872930729765, 122673000000, 
-0.6853490504681073, -1.0499549820838396, 2.162516944351926, 122707000000, 
-0.6882318175012087, -1.0459581891952343, 2.1718663290324853, 122741000000, 
-0.6911414582825258, -1.0419926568747802, 2.181413601763308, 122775000000, 
-0.694076717942332, -1.0380571163164367, 2.191138062987463, 122809000000, 
-0.6970365370885622, -1.0341503796153142, 2.2010194812024144, 122843000000, 
-0.7000200538845169, -1.0302713483857557, 2.2110379331529493, 122877000000, 
-0.7030265991057576, -1.0264190185794144, 2.2211737158741673, 122911000000, 
-0.7060556909030616, -1.0225924848525663, 2.231407268338358, 122945000000, 
-0.7091070296848078, -1.0187909453490553, 2.24171908878842, 122979000000, 
-0.7121804937902565, -1.0150137060163433, 2.252089661068473, 123013000000, 
-0.7152761355792688, -1.0112601850878917, 2.2624993805669678, 123047000000, 
-0.7183941778958168, -1.0075299177772834, 2.2729284788060817, 123081000000, 
-0.7215350110770576, -1.0038225610764728, 2.283356949039584, 123115000000, 
-0.72469919049298, -1.0001378988106058, 2.2937644714003067, 123149000000, 
-0.7278874346485801, -0.9964758470289607, 2.304130337535131, 123183000000, 
-0.7311006238699944, -0.9928364597933249, 2.3144333751309634, 123217000000, 
-0.7343397995727924, -0.9892199354029599, 2.3246518731433463, 123251000000, 
-0.7376061640754281, -0.9856266230744796, 2.3347635087790652, 123285000000, 
-0.7409010808763857, -0.9820570300771971, 2.344745277270967, 123319000000, 
-0.7442260752646341, -0.9785118293102922, 2.354573425170414, 123353000000, 
-0.7475639502651136, -0.9750113623914004, 2.364028557900682, 123387000000, 
-0.7508291879581352, -0.9716419363177187, 2.3726179788226687, 123421000000, 
-0.7540332350615351, -0.9683992097384693, 2.3802073938017134, 123455000000, 
-0.7570476667108491, -0.9653838539936106, 2.3867836289079816, 123489000000, 
-0.7575925362811584, -0.9647947519580272, 2.3927917196431268, 123523000000, 
-0.7564734333746608, -0.96593375457478, 2.398214883204434, 123557000000, 
-0.7579040130828554, -0.963870730008296, 2.403291631038562, 123591000000, 
-0.7592587366780348, -0.9628434251965365, 2.4080503816475796, 123625000000, 
-0.7606233226928294, -0.9614335284298752, 2.4124590455785277, 123659000000, 
-0.7617614744248556, -0.9603396394443946, 2.4164456848890983, 123693000000, 
-0.7625038994757342, -0.9595676383766647, 2.42009067808937, 123727000000, 
-0.7631573000228182, -0.9588526898646478, 2.423520622420082, 123761000000, 
-0.763731107893463, -0.958240203681892, 2.426837669257654, 123795000000, 
-0.7642195041279926, -0.9580821262421756, 2.430109798566314, 123829000000, 
-0.7643593911858422, -0.9583432284296423, 2.4334422259708366, 123863000000, 
-0.7643393328725648, -0.9587887130646064, 2.4369016320472916, 123897000000, 
-0.7643421102590775, -0.959235450851033, 2.440496382318743, 123931000000, 
-0.7643709976841524, -0.9596814450788981, 2.4442280257819844, 123965000000, 
-0.7644269616391859, -0.9601268356833753, 2.448097811271061, 123999000000, 
-0.7645096415930807, -0.9605721716830842, 2.452102439254533, 124033000000, 
-0.7646221766621512, -0.9610124336108758, 2.456225387415608, 124067000000, 
-0.7647598663481024, -0.9614497491590732, 2.4604471572884608, 124101000000, 
-0.7649201585076597, -0.9618842266397342, 2.464751248282502, 124135000000, 
-0.7651167087302014, -0.9622969260749566, 2.4691087077100544, 124169000000, 
-0.7654966912673057, -0.9624591568273362, 2.4734411444826696, 124203000000, 
-0.7660887520229765, -0.9622005120009234, 2.477692238234155, 124237000000, 
-0.7684201872785045, -0.9604050506492345, 2.482101866279775, 124271000000, 
-0.7725250337590909, -0.957391981737485, 2.4872211115359653, 124305000000, 
-0.7770764800246783, -0.9540781744059447, 2.4927957479935103, 124339000000, 
-0.7816403616989992, -0.9507763164587947, 2.498707514869017, 124373000000, 
-0.7862090897944835, -0.9475197536757725, 2.504911159059729, 124407000000, 
-0.7907703940183706, -0.9443010717187508, 2.51138563920503, 124441000000, 
-0.7953245297049155, -0.9411296660812459, 2.5181111446625075, 124475000000, 
-0.799879936907484, -0.9380049277134178, 2.5250708099231765, 124509000000, 
-0.8042189406960814, -0.935061992240704, 2.5344947585614523, 124543000000, 
-0.8085729437039079, -0.9321767706826534, 2.5470750738826444, 124577000000, 
-0.8130213028584352, -0.9293058046027118, 2.5575108086855294, 124611000000, 
-0.8174185076252334, -0.9265219662371573, 2.5673669043092526, 124645000000, 
-0.82183972060656, -0.9237721794868268, 2.5771600778370956, 124679000000, 
-0.8262823758875494, -0.9210553993064102, 2.586890582245468, 124713000000, 
-0.8307448865204988, -0.9183716948343097, 2.5965852785418972, 124747000000, 
-0.8352257294891372, -0.9157210315351574, 2.6062710852677924, 124781000000, 
-0.8397234637551517, -0.9131034347059396, 2.6159748942485836, 124815000000, 
-0.844236764364376, -0.910519045096107, 2.6257234318340474, 124849000000, 
-0.8487644236532387, -0.9079681318877453, 2.6355432194189707, 124883000000, 
-0.8533053472493447, -0.9054510979854018, 2.6454605648284986, 124917000000, 
-0.8578585499955119, -0.9029684850007046, 2.655501559138806, 124951000000, 
-0.8624231524942798, -0.9005209791851372, 2.6656920727351445, 124985000000, 
-0.8669983782931786, -0.8981094187242024, 2.6760577458978623, 125019000000, 
-0.871600921957429, -0.8957285485498223, 2.686644280537765, 125053000000, 
-0.8762598003126895, -0.8933762149532475, 2.6980969520317473, 125087000000, 
-0.8809180335763348, -0.8910821556067526, 2.7098908354153144, 125121000000, 
-0.8856001690608154, -0.888838415766097, 2.72103353704593, 125155000000, 
-0.8903030386175714, -0.8866432772826842, 2.732311283397934, 125189000000, 
-0.8950352799890148, -0.8844948265097781, 2.7440276388891833, 125223000000, 
-0.8996708448815386, -0.8824358506803435, 2.7556853736751066, 125257000000, 
-0.9045147104517338, -0.8803461840423253, 2.76728830311634, 125291000000, 
-0.9092193711627902, -0.8783873104010606, 2.7788085500879323, 125325000000, 
-0.914004283625599, -0.8764659556060138, 2.7903220329082936, 125359000000, 
-0.9187050154223477, -0.8746482306746977, 2.801922108995023, 125393000000, 
-0.9233726110289927, -0.8728729411166641, 2.81370078635457, 125427000000, 
-0.9273163699325764, -0.8711910018681164, 2.82567898986905, 125461000000, 
-0.9266987941000013, -0.8708600340092688, 2.8373204641892205, 125495000000, 
-0.9258830666233208, -0.8706876127710631, 2.8487123760854365, 125529000000, 
-0.9250680755211805, -0.8705182413989253, 2.859854861827328, 125563000000, 
-0.9242532489943662, -0.870352125690362, 2.8707355276764908, 125597000000, 
-0.9234380484009356, -0.8701892717051279, 2.8813429266841806, 125631000000, 
-0.9226219667410028, -0.8700294852469657, 2.8916666526831087, 125665000000, 
-0.9218045287250708, -0.8698723695932151, 2.9016974274104186, 125699000000, 
-0.9209852933978497, -0.8697173226981204, 2.911427168424594, 125733000000, 
-0.9201638598416415, -0.8695635344635583, 2.9208490278053096, 125767000000, 
-0.9198895827459025, -0.8692900135067145, 2.929963785734057, 125801000000, 
-0.920640039932474, -0.8687976518317551, 2.939186384490964, 125835000000, 
-0.9213905218767967, -0.8683063772596812, 2.9487090734722896, 125869000000, 
-0.9221403925296351, -0.86781502613539, 2.9585368921417508, 125903000000, 
-0.9228891199916546, -0.8673225938486586, 2.9686740331349224, 125937000000, 
-0.9236363444465625, -0.8668282772274498, 2.979123271303969, 125971000000, 
-0.9243818719834033, -0.8663314805844964, 2.9898858582263856, 126005000000, 
-0.9251255518145625, -0.8658316366274161, 3.0009620294175505, 126039000000, 
-0.9258673907237288, -0.8653284071504082, 3.0123505698741972, 126073000000, 
-0.9266075290241841, -0.8648216540182682, 3.0240489111263393, 126107000000, 
-0.9273462035889443, -0.8643113973145337, 3.036053125609209, 126141000000, 
-0.9280837158027896, -0.8637977881728427, 3.0483579363133386, 126175000000, 
-0.9288205932403845, -0.8632813072282957, 3.060956681477196, 126209000000, 
-0.9295574216522766, -0.8627625689928408, 3.0738413434930427, 126243000000, 
-0.9302948726840218, -0.8622423671469809, 3.0870025031868558, 126277000000, 
-0.9310337132728945, -0.8617216944747946, 3.100429351397551, 126311000000, 
-0.9317748050710555, -0.8612017527413067, 3.1141096522915084, 126345000000, 
-0.931574094952333, -0.8607075448263176, 3.1278387472494567, 126379000000, 
-0.9307067763104656, -0.8602299226525899, 3.141205423628552, 126413000000, 
-0.9298389214604016, -0.8597522660216064, -3.1289548443469797, 126447000000, 
-0.9301604292502542, -0.8593833646992054, -3.1161455869412507, 126481000000, 
-0.9339331159661158, -0.8591828794393557, -3.103398945040158, 126515000000, 
-0.9385419287409198, -0.8592630827164459, -3.0910785599815744, 126549000000, 
-0.9431661861539679, -0.8594127407636932, -3.0793037970494805, 126583000000, 
-0.9480002267647843, -0.8596417827113507, -3.0680440648597482, 126617000000, 
-0.9528672544331985, -0.8599137783372827, -3.057303419115376, 126651000000, 
-0.9577866300667636, -0.8602961311728071, -3.0470107869709127, 126685000000, 
-0.9627141531699115, -0.8607493979501613, -3.0370775518002673, 126719000000, 
-0.9676151318095834, -0.8612465414188135, -3.027438753448327, 126753000000, 
-0.9725370392783715, -0.8618217611386142, -3.018051498533782, 126787000000, 
-0.9774664029507479, -0.8624480089898577, -3.0088903583611417, 126821000000, 
-0.982393315765658, -0.8631280344235563, -2.999995409080169, 126855000000, 
-0.987312368856537, -0.8638566487890148, -2.990844283099456, 126889000000, 
-0.9922270638721872, -0.8646345143931795, -2.9813639515732944, 126923000000, 
-0.9971342449210817, -0.8654628044500052, -2.971744056756051, 126957000000, 
-1.0020293660896227, -0.866347334383653, -2.96210445680279, 126991000000, 
-1.006910955259687, -0.8672787530088442, -2.952279081080814, 127025000000, 
-1.0117802363748456, -0.8682518552969137, -2.9423166840311135, 127059000000, 
-1.0166353529701093, -0.8692655844756247, -2.9322394760926502, 127093000000, 
-1.0214767252747308, -0.8703195016993099, -2.9220690666440805, 127127000000, 
-1.026304764257414, -0.8714132335636986, -2.9118255836430635, 127161000000, 
-1.0311198565082227, -0.8725466020815527, -2.901528976052679, 127195000000, 
-1.0359223545564193, -0.8737196534837205, -2.891199330406761, 127229000000, 
-1.0407125692304104, -0.8749326616250802, -2.8808569745520316, 127263000000, 
-1.0455001195700224, -0.8761903359018588, -2.8704453504975938, 127297000000, 
-1.0503293758266348, -0.8775144756745967, -2.8596042517461258, 127331000000, 
-1.0551109328913926, -0.8788860479863393, -2.848295348418966, 127365000000, 
-1.0598627744485936, -0.8803087343876456, -2.8379907079773043, 127399000000, 
-1.0645982606552657, -0.8817821229194042, -2.8280824569913636, 127433000000, 
-1.0693146834603133, -0.8833067204220304, -2.8176315338900544, 127467000000, 
-1.0740000569780177, -0.8848742165462725, -2.8071653702252437, 127501000000, 
-1.0786006476568966, -0.8864406204292947, -2.7971366333931065, 127535000000, 
-1.0830362345280868, -0.8879803862023166, -2.7857025887210236, 127569000000, 
-1.0868777749894802, -0.8891972430361088, -2.770780697309977, 127603000000, 
-1.0892256385727945, -0.8888503876574049, -2.7542216512268354, 127637000000, 
-1.0919504158197069, -0.8887007497934477, -2.7369639768200242, 127671000000, 
-1.094908147624066, -0.8888405741972625, -2.718953601541808, 127705000000, 
-1.0982116502301682, -0.8893751678425325, -2.6998794089143185, 127739000000, 
-1.1020897693260343, -0.8901041523276828, -2.6799043586112745, 127773000000, 
-1.103203211091617, -0.8916529945281273, -2.6601064912750387, 127807000000, 
-1.1080316283400256, -0.8932439268674771, -2.6402994725854385, 127841000000, 
-1.1109079779623523, -0.8949387908165937, -2.6210404655442128, 127875000000, 
-1.1134821589230377, -0.8965799383749847, -2.6016623281882985, 127909000000, 
-1.1161068556419078, -0.8983373184257953, -2.5822009996141824, 127943000000, 
-1.1187216562464453, -0.8999199515835616, -2.562668560084873, 127977000000, 
-1.1207887960936322, -0.9015609996451314, -2.5431127796099413, 128011000000, 
-1.1224554776057372, -0.9032970761254985, -2.523544405577118, 128045000000, 
-1.1240218075447126, -0.9050722839711909, -2.5039649516133387, 128079000000, 
-1.1255004564357334, -0.9068786012181809, -2.4843933785449948, 128113000000, 
-1.1268545598785984, -0.9087109070358274, -2.4648507704842326, 128147000000, 
-1.1281310719510638, -0.9105640545513752, -2.445349050356094, 128181000000, 
-1.129410962435531, -0.9124022870679164, -2.4258893747874137, 128215000000, 
-1.130702318607493, -0.9141764091890925, -2.406475862067985, 128249000000, 
-1.1316554223786182, -0.9160386760468566, -2.3871462791934532, 128283000000, 
-1.1323188342205697, -0.9179907660315324, -2.367875745151309, 128317000000, 
-1.133479195812788, -0.9198151588982683, -2.3486052533906028, 128351000000, 
-1.1342055742526034, -0.9216988144832657, -2.3293963697911044, 128385000000, 
-1.1354365962287623, -0.9238320355703451, -2.310132396673043, 128419000000, 
-1.1375679216826389, -0.9265615803714699, -2.2902604817569454, 128453000000, 
-1.1396748969592145, -0.9295258802070574, -2.2696914034805316, 128487000000, 
-1.1422463490623183, -0.9328027383910755, -2.2486201099470735, 128521000000, 
-1.1448225697630388, -0.9361304218377043, -2.227179401671229, 128555000000, 
-1.1473426603097336, -0.9395099124787505, -2.205415749292125, 128589000000, 
-1.1498350040051597, -0.9429421419848533, -2.1833675201842238, 128623000000, 
-1.1522401463793084, -0.9464271571287213, -2.1610693124048823, 128657000000, 
-1.154559731904238, -0.9499636454860875, -2.1385518919082416, 128691000000, 
-1.156798535982826, -0.9535552592741274, -2.11599652510394, 128725000000, 
-1.1589387027544609, -0.9571782398172526, -2.093734489320975, 128759000000, 
-1.1609917531755853, -0.960875916082356, -2.0715838184508097, 128793000000, 
-1.1631066065113829, -0.9648813020711036, -2.05207371130909, 128827000000, 
-1.1652594373485674, -0.9691176584179547, -2.037242284767856, 128861000000, 
-1.1675458040840945, -0.973750047017448, -2.0260950768060666, 128895000000, 
-1.169794755101222, -0.9784152604840403, -2.017440716970783, 128929000000, 
-1.1720036245794374, -0.9830963743395267, -2.0073454224482834, 128963000000, 
-1.1741645853899085, -0.9877967337134067, -1.9962800107680403, 128997000000, 
-1.1762779805482733, -0.9925193806030965, -1.9863234946514605, 129031000000, 
-1.178348281520983, -0.9972605342936094, -1.9766485070656672, 129065000000, 
-1.1803744813732004, -1.002018251231868, -1.9663020017777837, 129099000000, 
-1.1823537427564623, -1.0067945911366272, -1.9559900821294265, 129133000000, 
-1.1842867284395056, -1.011589529832955, -1.9460523132597227, 129167000000, 
-1.186174619961274, -1.0164010716859162, -1.9360003228695164, 129201000000, 
-1.1880163122233807, -1.021229279662066, -1.925762450426799, 129235000000, 
-1.1898108373739402, -1.0260743284475802, -1.9156255222678504, 129269000000, 
-1.191558605644421, -1.0309355393912163, -1.9055514366238568, 129303000000, 
-1.1932597123801538, -1.0358122163783066, -1.895385585706392, 129337000000, 
-1.1949134575550024, -1.0407041700353423, -1.885185326745804, 129371000000, 
-1.1965195166508635, -1.0456110899785418, -1.875019645242236, 129405000000, 
-1.1980779719003307, -1.0505323970236722, -1.864836531623873, 129439000000, 
-1.1995885974648586, -1.055467634193195, -1.8546086587533481, 129473000000, 
-1.2010510038402533, -1.0604164578842383, -1.8443705486336297, 129507000000, 
-1.2024650353816755, -1.0653784192105864, -1.8341277111604966, 129541000000, 
-1.2038305911623148, -1.0703530217820978, -1.8238586986406222, 129575000000, 
-1.205147427969109, -1.075339830406944, -1.8135654210899104, 129609000000, 
-1.2064152695107069, -1.080338441310979, -1.8032593382193647, 129643000000, 
-1.2076340663674634, -1.08534832645402, -1.792936625706555, 129677000000, 
-1.208803612156206, -1.0903690329805908, -1.7825923085096882, 129711000000, 
-1.20992370628729, -1.0954001043874546, -1.7722305194971986, 129745000000, 
-1.2109887949478932, -1.100434839782702, -1.7620394476829582, 129779000000, 
-1.2119820797466307, -1.1054721499788738, -1.7519438518600832, 129813000000, 
-1.21291323478724, -1.1104877850624328, -1.7416170051293816, 129847000000, 
-1.2136930083844761, -1.115531221661773, -1.7315265091583636, 129881000000, 
-1.214212307489769, -1.1174715632950483, -1.7220032785542962, 129915000000, 
-1.2147373703636566, -1.1182759889811662, -1.712160971135377, 129949000000, 
-1.2153481772373744, -1.1205048324720635, -1.7013712090825088, 129983000000, 
-1.2159772657113277, -1.1250126932060174, -1.6890181363527228, 130017000000, 
-1.21635697536217, -1.1256358872753216, -1.6764497249084973, 130051000000, 
-1.2167184486565041, -1.1247813450253186, -1.6642493460607584, 130085000000, 
-1.2170803688909557, -1.123927543045718, -1.652297014561203, 130119000000, 
-1.2174424195725981, -1.1246694085387383, -1.6410469137126529, 130153000000, 
-1.2178564613719631, -1.1292548289973787, -1.631219315544607, 130187000000, 
-1.2182344999769485, -1.1337525626695657, -1.621336027105984, 130221000000, 
-1.2185929249229313, -1.1382336701824478, -1.6113987091494073, 130255000000, 
-1.2189364701968302, -1.142822668568523, -1.601329374051523, 130289000000, 
-1.2192314807063334, -1.1473492012414561, -1.5911170527734757, 130323000000, 
-1.2195070503344052, -1.151880649472854, -1.581171270135508, 130357000000, 
-1.2197480291853273, -1.1565029862531198, -1.5715637141326555, 130391000000, 
-1.2199277637705503, -1.161417997787023, -1.5631946918098247, 130425000000, 
-1.2201850038317212, -1.1663103388680762, -1.5553752545822581, 130459000000, 
-1.2201382586770133, -1.1713365683479768, -1.546393046760899, 130493000000, 
-1.220066160142325, -1.176376703151946, -1.5349993453617203, 130527000000, 
-1.2201583112532235, -1.1811408510458363, -1.5238902162080608, 130561000000, 
-1.220281983664156, -1.1857930491216626, -1.5142016488856438, 130595000000, 
-1.220209976259033, -1.1906409736385184, -1.5058067588814223, 130629000000, 
-1.2198981029943556, -1.195611210974031, -1.4977970790004462, 130663000000, 
-1.21956373260615, -1.2006168145031515, -1.4866612593484625, 130697000000, 
-1.2191699450894793, -1.2056178256499819, -1.4756023549814627, 130731000000, 
-1.2187186900287617, -1.2106113959952736, -1.4663186835417399, 130765000000, 
-1.2182223705068647, -1.2155990569317452, -1.4565176020894899, 130799000000, 
-1.2176775551267307, -1.220579676834364, -1.445757677455313, 130833000000, 
-1.2170751912346445, -1.2255532102848021, -1.4355300441318135, 130867000000, 
-1.2164192955305613, -1.2305194735298082, -1.425719827786045, 130901000000, 
-1.2157138622376715, -1.2354776003785568, -1.4155174811624363, 130935000000, 
-1.2149558707062473, -1.2404268582085984, -1.4051878934069228, 130969000000, 
-1.214144203021294, -1.245366915072426, -1.395115339734304, 131003000000, 
-1.2132808810535325, -1.2502972872288205, -1.3850521955289743, 131037000000, 
-1.2123660455907521, -1.2552172060305704, -1.3748433604805752, 131071000000, 
-1.2113990521704, -1.2601262453184203, -1.3646639760142631, 131105000000, 
-1.2103800725634764, -1.2650238344462719, -1.3545548844821131, 131139000000, 
-1.2093097513918625, -1.2699094755205187, -1.344405700157066, 131173000000, 
-1.2081877870075566, -1.2747826335995744, -1.334219480332939, 131207000000, 
-1.2069996491107913, -1.2796821700101195, -1.3238173487195974, 131241000000, 
-1.2057590404060161, -1.2845881329649038, -1.3126638899106293, 131275000000, 
-1.2044469408102896, -1.2894742034195248, -1.3015263141616267, 131309000000, 
-1.2030990891022457, -1.2943269496767935, -1.2908302192211376, 131343000000, 
-1.2017053779612523, -1.2991420745418552, -1.2804067909928136, 131377000000, 
-1.2002639437982545, -1.3039289297202603, -1.2701282005781054, 131411000000, 
-1.1987742039482807, -1.308692706400855, -1.2599245609913943, 131445000000, 
-1.1972359079986625, -1.313435987116177, -1.249757792669553, 131479000000, 
-1.1956489347800245, -1.3181599424561714, -1.2396073989368905, 131513000000, 
-1.1940132881924062, -1.3228649574773583, -1.2294624138214711, 131547000000, 
-1.1923290414767957, -1.3275509971898898, -1.2193169994098558, 131581000000, 
-1.190596310841337, -1.3322177985696262, -1.2091680819278514, 131615000000, 
-1.188815240248132, -1.3368649755900774, -1.1990140524568473, 131649000000, 
-1.1869859929710345, -1.3414920766288552, -1.1888540594449735, 131683000000, 
-1.1851087453018363, -1.3460986148337102, -1.1786876221468414, 131717000000, 
-1.1831836836066627, -1.3506840851727462, -1.1685144206868043, 131751000000, 
-1.1812130272941197, -1.3552473262732403, -1.158316142269097, 131785000000, 
-1.1791890595423133, -1.359802143168255, -1.1479704223216174, 131819000000, 
-1.1771799478639253, -1.3642726858454592, -1.1376325810537078, 131853000000, 
-1.1751431036444175, -1.3686925683226647, -1.1276964755970378, 131887000000, 
-1.1730729150068802, -1.373085518051105, -1.118201614959424, 131921000000, 
-1.170987018209861, -1.377458482786922, -1.109132546889603, 131955000000, 
-1.1689354079830638, -1.3818003606595517, -1.1004770350084225, 131989000000, 
-1.1694292374164177, -1.3853176034980945, -1.0920476155326801, 132023000000, 
-1.1703309429005069, -1.3893568794012605, -1.0840078939044444, 132057000000, 
-1.171058203868501, -1.3941517028668977, -1.0757266822459721, 132091000000, 
-1.1712829292176483, -1.3988786694525146, -1.0666989549085104, 132125000000, 
-1.1711737434294203, -1.4033666420085837, -1.0569582135970819, 132159000000, 
-1.17065144691175, -1.4077162348830776, -1.0464339612587394, 132193000000, 
-1.1704222554159855, -1.41012541701443, -1.035371149253011, 132227000000, 
-1.1691747395787992, -1.4144833999629112, -1.0243837482584366, 132261000000, 
-1.1677459070562262, -1.4169437789783879, -1.014060239452807, 132295000000, 
-1.1665342505863117, -1.419968924090987, -1.004061041676231, 132329000000, 
-1.1653303853756245, -1.4234344754315362, -0.9943799694098836, 132363000000, 
-1.163961241366787, -1.4262213670538912, -0.9851272411411325, 132397000000, 
-1.1628076654947008, -1.4277516806465884, -0.9762376424888315, 132431000000, 
-1.161828697993183, -1.4299005988354703, -0.967453756545148, 132465000000, 
-1.1606141164804449, -1.4323427639388162, -0.9588113824888334, 132499000000, 
-1.1595599204019031, -1.4331776547250752, -0.9503371610075182, 132533000000, 
-1.1585366264851078, -1.4354409756079498, -0.941833495263943, 132567000000, 
-1.1575130754321405, -1.4365992867226176, -0.9335076404612875, 132601000000, 
-1.1556864835505773, -1.4395359444980107, -0.9254656911592621, 132635000000, 
-1.1536351957614175, -1.4423152755151234, -0.9182495059477418, 132669000000, 
-1.1514043626020105, -1.445359955624114, -0.9118144242038475, 132703000000, 
-1.1493252137879817, -1.4482327287477792, -0.9059682945343254, 132737000000, 
-1.1465924565596313, -1.4518565233946077, -0.9007277308811454, 132771000000, 
-1.143675354018521, -1.455539700021989, -0.8960060809683486, 132805000000, 
-1.1407539526359167, -1.4592074244929618, -0.8917537048616306, 132839000000, 
-1.1377560842468641, -1.4630162156363469, -0.8873933614360066, 132873000000, 
-1.1344994608576242, -1.4670137691272522, -0.8791044009196906, 132907000000, 
-1.131180711934352, -1.4709629132334783, -0.8667464249809639, 132941000000, 
-1.1278181790570752, -1.4748897217564978, -0.8562313754183322, 132975000000, 
-1.1244207737319358, -1.478801916017521, -0.8474298587938264, 133009000000, 
-1.1209999518580775, -1.4826940435952853, -0.8371520984894817, 133043000000, 
-1.1175949704971264, -1.486508199955977, -0.8259719819239302, 133077000000, 
-1.1141463963915854, -1.4902704983999577, -0.8151012247728816, 133111000000, 
-1.1106250533206428, -1.4940016867227546, -0.804547968365923, 133145000000, 
-1.1070557198994382, -1.497707518731578, -0.7941585573829782, 133179000000, 
-1.103451754097661, -1.5013735036758313, -0.7838161161434266, 133213000000, 
-1.0998088350587714, -1.5050028191927964, -0.7732899049417306, 133247000000, 
-1.096135478797417, -1.508582438516119, -0.7627104136743222, 133281000000, 
-1.0924265805602398, -1.5121181985934873, -0.7521104370274788, 133315000000, 
-1.0886802474313502, -1.5156113765614405, -0.7414940638426485, 133349000000, 
-1.084898870535614, -1.5190595344563376, -0.7308707912753336, 133383000000, 
-1.0810872186440694, -1.522459853418539, -0.7202210858522983, 133417000000, 
-1.077241824476535, -1.5258152159695693, -0.7094940256190757, 133451000000, 
-1.0733543933632854, -1.5291315024085974, -0.6988231145046295, 133485000000, 
-1.0694190676890991, -1.5324199037497275, -0.6884510127610248, 133519000000, 
-1.0654424913980118, -1.535676286981806, -0.6784184689821096, 133553000000, 
-1.0614354303194409, -1.5388929087806307, -0.6683508889217528, 133587000000, 
-1.0573979125363273, -1.542069046652478, -0.6581272517232608, 133621000000, 
-1.053329579058305, -1.5452039148585033, -0.6479857213914295, 133655000000, 
-1.0492312535177588, -1.5482975307292357, -0.6379303513611748, 133689000000, 
-1.0451037778060264, -1.5513504707592283, -0.6278211958205225, 133723000000, 
-1.0409476500156307, -1.5543622215968065, -0.6176826820842815, 133757000000, 
-1.0367630587764207, -1.5573325209856892, -0.6075806152860136, 133791000000, 
-1.0325505572452358, -1.5602612063785724, -0.5974794745711339, 133825000000, 
-1.0283105682618034, -1.5631479353085285, -0.5873491922568383, 133859000000, 
-1.0240433440958971, -1.5659922925055374, -0.5772157247610138, 133893000000, 
-1.0197492628298805, -1.5687939913941886, -0.5670877821986458, 133927000000, 
-1.0154287779173963, -1.5715527653316332, -0.5569473800038799, 133961000000, 
-1.0110822618384285, -1.5742682721271881, -0.5467933261681155, 133995000000, 
-1.0067100735089944, -1.5769401804690801, -0.5366353027623404, 134029000000, 
-1.002312630067395, -1.5795682068273615, -0.5264710359778021, 134063000000, 
-0.9978903515692304, -1.582152055735596, -0.516295489551562, 134097000000, 
-0.9934436345719486, -1.5846914125899052, -0.5061111206814604, 134131000000, 
-0.9889728890348124, -1.5871859822976928, -0.49592022940392466, 134165000000, 
-0.9844785436370648, -1.5896354848993732, -0.4857211888470674, 134199000000, 
-0.9799610241838811, -1.5920396367368885, -0.47551352561960714, 134233000000, 
-0.9754207552704763, -1.5943981570644257, -0.4652987651500939, 134267000000, 
-0.97085817204116, -1.5967107782481953, -0.455077357963084, 134301000000, 
-0.9662737159069125, -1.598977238763875, -0.4448489692015702, 134335000000, 
-0.9616678288505306, -1.6011972787339743, -0.43461412067640787, 134369000000, 
-0.9570409568831437, -1.6033706446955753, -0.4243736021539881, 134403000000, 
-0.9523935522277508, -1.6054970908633024, -0.41412769380904957, 134437000000, 
-0.9477260706898825, -1.6075763754910999, -0.40387669427660294, 134471000000, 
-0.9430389709201045, -1.6096082602952448, -0.39362122691626855, 134505000000, 
-0.938332715855032, -1.611592511884558, -0.3833618690950828, 134539000000, 
-0.9336077725806623, -1.6135289009172809, -0.3730990752979014, 134573000000, 
-0.928864611445176, -1.6154172007072514, -0.36283340331824765, 134607000000, 
-0.9241037063202254, -1.6172571874310018, -0.35256549715553104, 134641000000, 
-0.9193255350214329, -1.619048640716594, -0.3422959592122837, 134675000000, 
-0.9145305789722066, -1.6207913441618953, -0.33202538175236646, 134709000000, 
-0.9097193228250794, -1.622485086806079, -0.32175439262894595, 134743000000, 
-0.9048922544250926, -1.624129665066051, -0.31148360265901154, 134777000000, 
-0.9000498647356441, -1.6257248837442129, -0.30121357051482894, 134811000000, 
-0.8951926476578556, -1.6272705560276655, -0.29094482382888476, 134845000000, 
-0.890321099985749, -1.6287665034641188, -0.2806778620915672, 134879000000, 
-0.8854357212702579, -1.6302125556294436, -0.27041313527592536, 134913000000, 
-0.8805370137196703, -1.631608550071045, -0.26015104363646524, 134947000000, 
-0.8756254819351978, -1.6329543320007331, -0.2498919453482742, 134981000000, 
-0.8706990224619785, -1.6342474623289835, -0.23978534505464352, 135015000000, 
-0.86575777360087, -1.6354888583510767, -0.22972806720494598, 135049000000, 
-0.8608078254648361, -1.6366777486780453, -0.2197008759347034, 135083000000, 
-0.8558521237558406, -1.6378152945137772, -0.20953576133924487, 135117000000, 
-0.8508860752903686, -1.6389017649997057, -0.1994220203767796, 135151000000, 
-0.8459102403685689, -1.6399374239371693, -0.18936652078981447, 135185000000, 
-0.8409254494374881, -1.6409227169229836, -0.17925798390477185, 135219000000, 
-0.835932100024324, -1.6418571651145701, -0.1691209892767947, 135253000000, 
-0.8309305561345591, -1.642740420343156, -0.15901229431851258, 135287000000, 
-0.825921426336505, -1.6435726329162685, -0.14890430063801907, 135321000000, 
-0.8209052824014582, -1.6443537622423623, -0.13877258398587206, 135355000000, 
-0.8158825764301503, -1.6450835438593112, -0.12863928633704827, 135389000000, 
-0.8108538113646377, -1.6457618893626051, -0.11851303890221505, 135423000000, 
-0.8058195451881769, -1.6463888044316484, -0.10837969684574233, 135457000000, 
-0.8007802984932778, -1.646964183953337, -0.09823838402815858, 135491000000, 
-0.7957365736895556, -1.6474879097955926, -0.08809765399112257, 135525000000, 
-0.7906888997760512, -1.6479599418119735, -0.07795621511930179, 135559000000, 
-0.7856378115134679, -1.648380240068823, -0.06780991930505795, 135593000000, 
-0.7805838302534678, -1.648748732967883, -0.0576608428232774, 135627000000, 
-0.7755274942322457, -1.6490653483636206, -0.047511069358180544, 135661000000, 
-0.770469308370683, -1.6493300943253972, -0.0373592173463179, 135695000000, 
-0.7654098141980159, -1.6495429171693523, -0.02720473665929528, 135729000000, 
-0.7603495408950491, -1.6497037778638026, -0.017048785296827598, 135763000000, 
-0.7552890192882163, -1.649812650678986, -0.006891659241934643, 135797000000, 
-0.7502287817960218, -1.649869516552375, 0.003267116512638706, 135831000000, 
-0.7451693608303499, -1.6498743559742792, 0.01342735506179585, 135865000000, 
-0.7401112892262532, -1.6498271547262626, 0.02358862422725668, 135899000000, 
-0.7350551008207918, -1.6497279074094247, 0.03375095086386354, 135933000000, 
-0.7300013299568342, -1.6495766147878559, 0.043914416617115426, 135967000000, 
-0.7249505111267918, -1.6493732836867456, 0.05407886799068366, 136001000000, 
-0.7199031791580758, -1.6491179289363014, 0.0642442165664183, 136035000000, 
-0.7148598691585779, -1.6488105730674123, 0.07441052506046532, 136069000000, 
-0.7098211106488234, -1.6484512491906496, 0.0845778189998023, 136103000000, 
-0.7047874435611491, -1.648039988162025, 0.09474608987158345, 136137000000, 
-0.6997594106583851, -1.6475768267424584, 0.10491532762266625, 136171000000, 
-0.694737541981229, -1.6470618177208485, 0.11508564679598114, 136205000000, 
-0.6897223891371056, -1.6464949668627415, 0.12525704378775854, 136239000000, 
-0.6847144580242774, -1.6458764229092728, 0.13542957549811463, 136273000000, 
-0.6797142980990631, -1.6452062012000517, 0.14560328863965707, 136307000000, 
-0.6747224445668464, -1.6444843662336952, 0.1557782288455087, 136341000000, 
-0.6697394324073874, -1.643710986955383, 0.1659544640322514, 136375000000, 
-0.6647657963137303, -1.6428861369155456, 0.17613207466836728, 136409000000, 
-0.6598020706716644, -1.642009894421765, 0.18631112604891528, 136443000000, 
-0.6548487895580373, -1.641082342971568, 0.19649169762820268, 136477000000, 
-0.6499064866415373, -1.6401035718232722, 0.20667390686402676, 136511000000, 
-0.6449756951939082, -1.639073676402558, 0.21685788293337394, 136545000000, 
-0.640056840269733, -1.6379926857701854, 0.22704442243992262, 136579000000, 
-0.6351238119398503, -1.6368536783265537, 0.2373310437607565, 136613000000, 
-0.630173842393147, -1.6356576108706973, 0.24834803530719463, 136647000000, 
-0.6252334644988486, -1.634404799645218, 0.25959536873073347, 136681000000, 
-0.6203172334969282, -1.6330979048392404, 0.27041467186724316, 136715000000, 
-0.6154177677225204, -1.6317378303668726, 0.2812053963837059, 136749000000, 
-0.6105297795664649, -1.6303229674465052, 0.2922435321440733, 136783000000, 
-0.6056594619102351, -1.6288535788159713, 0.3032530732533007, 136817000000, 
-0.60080944553981, -1.6273309340378215, 0.31414042012942495, 136851000000, 
-0.5959770592070008, -1.6257548874192733, 0.32507520336028795, 136885000000, 
-0.5911621086663036, -1.624125126091997, 0.336074883486209, 136919000000, 
-0.5863674152671942, -1.6224423123179232, 0.34704242244828093, 136953000000, 
-0.5815934324905541, -1.6207068365168513, 0.3579863985547902, 136987000000, 
-0.5768394590631047, -1.6189184064157238, 0.36895758716018007, 137021000000, 
-0.572106771391283, -1.6170771414577003, 0.37993927596376104, 137055000000, 
-0.5673963278910439, -1.615183362360576, 0.39090598160786133, 137089000000, 
-0.5627085508051659, -1.6132374221647108, 0.40187123153764, 137123000000, 
-0.558043970664368, -1.6112395851173458, 0.4128447579286914, 137157000000, 
-0.5534029826642769, -1.6091892736804911, 0.42381743538127775, 137191000000, 
-0.5487864176914733, -1.6070871553421826, 0.43478562750033595, 137225000000, 
-0.5441947959293363, -1.6049336033663262, 0.4457553293825748, 137259000000, 
-0.5396286975886897, -1.6027288688795551, 0.45672762321548394, 137293000000, 
-0.5350888313608204, -1.6004733306840855, 0.46769922061581753, 137327000000, 
-0.5305758426377093, -1.5981673508998029, 0.4786702571002875, 137361000000, 
-0.5260902111179322, -1.5958110442266709, 0.4896430815307223, 137395000000, 
-0.5216458852406815, -1.593408348652592, 0.5006003359566191, 137429000000, 
-0.5172344892417707, -1.5909629304350619, 0.5112954516641521, 137463000000, 
-0.5128865487006159, -1.5884955145652753, 0.521733905796904, 137497000000, 
-0.508631164643167, -1.5860413522235746, 0.5315792425179721, 137531000000, 
-0.5044759790373672, -1.5835914734522454, 0.5401390152290347, 137565000000, 
-0.5004150924360785, -1.5811712114854921, 0.5471962016214057, 137599000000, 
-0.4964254964681612, -1.57876928342318, 0.5530328998027991, 137633000000, 
-0.4924698003664921, -1.5763858757422764, 0.5582706550112474, 137667000000, 
-0.4884993127035045, -1.5740294838628421, 0.5631481604367553, 137701000000, 
-0.4842787685458967, -1.573846297078759, 0.5684760719834201, 137735000000, 
-0.48003729765799275, -1.5747680694917934, 0.5746275578104867, 137769000000, 
-0.47598538199873386, -1.5757168059336304, 0.581235498626552, 137803000000, 
-0.4720776991044588, -1.5762536146758939, 0.5878729242863238, 137837000000, 
-0.46790777985210885, -1.5758472093983147, 0.5950823604766816, 137871000000, 
-0.4637469517808237, -1.5762086822226629, 0.6030513389253834, 137905000000, 
-0.4595514651288116, -1.5763769706954187, 0.6117909453454556, 137939000000, 
-0.45534949048481527, -1.5759571034735924, 0.6212858827122153, 137973000000, 
-0.4512638738793994, -1.574932298195054, 0.6315753273102707, 138007000000, 
-0.447284480544311, -1.5735311138423187, 0.6426984648349321, 138041000000, 
-0.4433950173234333, -1.571874558277326, 0.6546813506542122, 138075000000, 
-0.4396187700636714, -1.569564392884947, 0.6675573042175739, 138109000000, 
-0.43588643758899914, -1.5666180480022862, 0.6808464774340351, 138143000000, 
-0.4321824096655809, -1.5634624568709778, 0.6940746304407294, 138177000000, 
-0.4284521729406992, -1.560301712235855, 0.7072178186899337, 138211000000, 
-0.4247369131696049, -1.557171262962509, 0.7201630818937158, 138245000000, 
-0.4209064807826174, -1.5538528005437833, 0.7329340678657661, 138279000000, 
-0.41706231462093585, -1.5505089397102043, 0.7455398385540394, 138313000000, 
-0.4131784399016071, -1.5469802512475572, 0.7580117418699143, 138347000000, 
-0.4093015286724703, -1.5433635384592805, 0.7704059679388203, 138381000000, 
-0.4054393396985476, -1.539635967987016, 0.782776829218018, 138415000000, 
-0.4016202180118565, -1.5358105272910387, 0.795147173190076, 138449000000, 
-0.39784644575230543, -1.5319574231822266, 0.8075307336929589, 138483000000, 
-0.39416996532360654, -1.5281234673949489, 0.8199144948892392, 138517000000, 
-0.39065813023716245, -1.5243901072271413, 0.8320727961819873, 138551000000, 
-0.38731801338785404, -1.5206977275945053, 0.8440177663678166, 138585000000, 
-0.3840512537691779, -1.5169630629361477, 0.8559967434938445, 138619000000, 
-0.38083904826085535, -1.5131854703230123, 0.868216764264053, 138653000000, 
-0.37764819474171185, -1.5093370351091606, 0.8804889472810371, 138687000000, 
-0.37444542572402756, -1.5053988074325737, 0.892262184684591, 138721000000, 
-0.37120824246223527, -1.5013659174595415, 0.9031265155376044, 138755000000, 
-0.36806110629482125, -1.497308224392095, 0.9134358484776559, 138789000000, 
-0.364956285213355, -1.4932184699763114, 0.9233716389755587, 138823000000, 
-0.3618928239762482, -1.4891003411733472, 0.9335546742906434, 138857000000, 
-0.3588677083179931, -1.4849545570724283, 0.9439034273387865, 138891000000, 
-0.3558815645619448, -1.4807786249346588, 0.9541605872238486, 138925000000, 
-0.3529382460682476, -1.4765706868120394, 0.9643744806361053, 138959000000, 
-0.35004040475342807, -1.4723320580593022, 0.9745708399320808, 138993000000, 
-0.3471810652965076, -1.4680675018519007, 0.9847245725327461, 139027000000, 
-0.34436351774663215, -1.463775209649944, 0.9949453007754057, 139061000000, 
-0.3415887572382687, -1.4594557001902009, 1.0051798793642488, 139095000000, 
-0.338857229423268, -1.4551100665846461, 1.0153682372073591, 139129000000, 
-0.33616920907279635, -1.4507388040674976, 1.0255639597939465, 139163000000, 
-0.3335251021278995, -1.4463422833904183, 1.0357853633684055, 139197000000, 
-0.33092522045375394, -1.4419208222099273, 1.0459988654163797, 139231000000, 
-0.32836979119079657, -1.4374748582521708, 1.0562037118528969, 139265000000, 
-0.3258591030588948, -1.4330048420250714, 1.066419700043549, 139299000000, 
-0.32339347429413734, -1.4285111606950942, 1.07664278879223, 139333000000, 
-0.3209731752076289, -1.4239942176850646, 1.0868633318965335, 139367000000, 
-0.3185984614975903, -1.4194544578171888, 1.097086325418744, 139401000000, 
-0.3162696130236602, -1.4148923156283832, 1.1073160115233605, 139435000000, 
-0.313986907421601, -1.4103082133293907, 1.1175484650423926, 139469000000, 
-0.3117506025533358, -1.405702590768444, 1.1277821271266204, 139503000000, 
-0.30956095453660765, -1.4010758992342216, 1.1380192890845238, 139537000000, 
-0.30741822302675226, -1.396428585585083, 1.148259835610983, 139571000000, 
-0.3053226582533657, -1.391761099269818, 1.1585020338509908, 139605000000, 
-0.3032745016260046, -1.3870739051774021, 1.168745876993989, 139639000000, 
-0.3012778617482615, -1.3823814026389276, 1.1790249242664617, 139673000000, 
-0.299339746056097, -1.3776906403370572, 1.1897246109484099, 139707000000, 
-0.29745414647135077, -1.3729856173381398, 1.200649310641868, 139741000000, 
-0.29561790145123756, -1.3682564651935734, 1.2113079203314787, 139775000000, 
-0.29383118601966524, -1.3635075657503652, 1.2218892962828278, 139809000000, 
-0.29209593030936165, -1.3587445194864864, 1.2326276147535917, 139843000000, 
-0.29041217696874505, -1.353964638873599, 1.2433711322104506, 139877000000, 
-0.28877173215987323, -1.3491560539945577, 1.2539480857118868, 139911000000, 
-0.2871826741641794, -1.3443182267310128, 1.2643095142293037, 139945000000, 
-0.2856405007253431, -1.3394553285261714, 1.2745364234041237, 139979000000, 
-0.28415213632508146, -1.3345915489085818, 1.284824828543038, 140013000000, 
-0.282717006080237, -1.3297224238629184, 1.2953360961210598, 140047000000, 
-0.2813330330059773, -1.3248436994258872, 1.305979844191593, 140081000000, 
-0.2799980175009248, -1.3199377729349826, 1.316427895903128, 140115000000, 
-0.27871238731965153, -1.315005170045194, 1.326521748383347, 140149000000, 
-0.27747661666381634, -1.310060775371846, 1.3365977089694516, 140183000000, 
-0.2762910835989154, -1.3051057589115285, 1.3468521859927287, 140217000000, 
-0.27515675853449295, -1.3001398300952662, 1.3570641981070615, 140251000000, 
-0.27407324767753427, -1.2951636232979453, 1.3671820657958682, 140285000000, 
-0.27304004451331, -1.2901780279668116, 1.377346292813238, 140319000000, 
-0.27205756124792774, -1.285183475534654, 1.3875521023608455, 140353000000, 
-0.27112609338399646, -1.280180294991978, 1.3977231603891842, 140387000000, 
-0.27024553535446516, -1.2751690723414968, 1.4078813151252363, 140421000000, 
-0.2694159463280097, -1.2701503984755882, 1.4180637983498035, 140455000000, 
-0.26863756521792953, -1.2651247261484557, 1.4282488287042288, 140489000000, 
-0.2679104843342264, -1.2600925422392981, 1.4384208609415856, 140523000000, 
-0.26723472152731925, -1.2550544042783494, 1.448595878883192, 140557000000, 
-0.2666103880723477, -1.2500108377928916, 1.4587784126895793, 140591000000, 
-0.2660376060059694, -1.24496234018008, 1.4689581582662368, 140625000000, 
-0.26551643261453317, -1.239909435691552, 1.4791349409529273, 140659000000, 
-0.2650469251058498, -1.2348526602204333, 1.4893143685069896, 140693000000, 
-0.26462916595572833, -1.2297925349370007, 1.4994949123870036, 140727000000, 
-0.26426321879158365, -1.224729580281896, 1.509673613402792, 140761000000, 
-0.26394912389956743, -1.2196643268693155, 1.519851902160519, 140795000000, 
-0.2636869241444333, -1.2145973052373915, 1.5300309384163784, 140829000000, 
-0.26347666072477605, -1.2095290421874354, 1.5402095160459843, 140863000000, 
-0.26331836069837117, -1.2044600671349808, 1.5503872102799288, 140897000000, 
-0.263212042601127, -1.199390912544656, 1.5605647597563297, 140931000000, 
-0.2631577229874907, -1.1943221103288275, 1.5707422008667087, 140965000000, 
-0.2631554121457857, -1.18925419229296, 1.5809191182633429, 140999000000, 
-0.2632051125699845, -1.1841876918360879, 1.5910956246043149, 141033000000, 
-0.26330682283544404, -1.179123143144026, 1.6012719688883472, 141067000000, 
-0.2634605383917416, -1.1740610802889218, 1.6114480824763315, 141101000000, 
-0.26366624971249947, -1.1690020379153303, 1.6216239408224324, 141135000000, 
-0.2639239432551772, -1.1639465508169422, 1.6317996776959998, 141169000000, 
-0.26423360174070665, -1.1588951542218446, 1.6419752749967578, 141203000000, 
-0.2645952034414019, -1.1538483836684466, 1.652150788994357, 141237000000, 
-0.2650087221504211, -1.1488067748970474, 1.6623263482682633, 141271000000, 
-0.2654741265695287, -1.143770863586584, 1.67250201431439, 141305000000, 
-0.2659913786946932, -1.1387411853530423, 1.6826778420846078, 141339000000, 
-0.2665604330865294, -1.1337182758103297, 1.6928539440855002, 141373000000, 
-0.2671812368443949, -1.1287026704943304, 1.7030304394231022, 141407000000, 
-0.267853729240196, -1.123694904624839, 1.7132074332912874, 141441000000, 
-0.2685778419703194, -1.118695513309902, 1.7233850510245556, 141475000000, 
-0.26935346823212897, -1.1137050443295844, 1.733563481023227, 141509000000, 
-0.2701805881754493, -1.1087240084887016, 1.743742776634753, 141543000000, 
-0.27105908020682906, -1.1037529516402207, 1.7539231535776179, 141577000000, 
-0.2719888482719009, -1.0987924081928084, 1.764104797072825, 141611000000, 
-0.27296979050281556, -1.0938429119569932, 1.7742878378947502, 141645000000, 
-0.2740017996119634, -1.0889049960922659, 1.7844724571489419, 141679000000, 
-0.27508476353595945, -1.083979193112716, 1.7946588752522916, 141713000000, 
-0.2762185657520966, -1.0790660348545928, 1.804847294749782, 141747000000, 
-0.2774030853070179, -1.0741660524415222, 1.8150379172443016, 141781000000, 
-0.27863820635653536, -1.0692797665369074, 1.82523099078094, 141815000000, 
-0.27992377895606824, -1.0644077258806839, 1.835426682171678, 141849000000, 
-0.2812596676600087, -1.0595504541025258, 1.8456252347707258, 141883000000, 
-0.28264576074180553, -1.0547084703419642, 1.8558269430487475, 141917000000, 
-0.2840818979438122, -1.0498823056339859, 1.8660319615919319, 141951000000, 
-0.28556792756010396, -1.0450724858881895, 1.8762404989228163, 141985000000, 
-0.2871036915813577, -1.0402795361437327, 1.886452809637456, 142019000000, 
-0.28868902535526436, -1.035503980236313, 1.896669097513849, 142053000000, 
-0.2903245383552208, -1.0307433362280025, 1.9068908326809986, 142087000000, 
-0.2920247901408185, -1.0259583678277917, 1.9174742241257245, 142121000000, 
-0.29378226255871, -1.02118127232553, 1.9287623571339576, 142155000000, 
-0.29559465827948195, -1.016425433672981, 1.9398976999341144, 142189000000, 
-0.29745188302568926, -1.011709048014097, 1.9506327291880603, 142223000000, 
-0.2993477134117188, -1.0070365841365956, 1.9611288709841612, 142257000000, 
-0.3012541897481981, -1.0024277371540482, 1.9713162961150636, 142291000000, 
-0.30318868184241565, -0.9978685721331266, 1.9808213213652706, 142325000000, 
-0.3051453589735862, -0.9933562515635421, 1.9896426846099087, 142359000000, 
-0.3071262587413883, -0.9888726237596736, 1.9980724598056934, 142393000000, 
-0.3091597676924386, -0.9843876310777452, 2.006640845487796, 142427000000, 
-0.31124200305933086, -0.9799113174970323, 2.015838291243531, 142461000000, 
-0.31337655210843746, -0.9754468102208919, 2.025249074728473, 142495000000, 
-0.3154874999425363, -0.9710138989813378, 2.034429347453334, 142529000000, 
-0.3168166934318067, -0.9665999943989597, 2.042888657597617, 142563000000, 
-0.31682390164648594, -0.9621795224322373, 2.0517016136216637, 142597000000, 
-0.3170866873529747, -0.957690548229844, 2.061147595069513, 142631000000, 
-0.31759304379332753, -0.953213235148916, 2.071035255634219, 142665000000, 
-0.31852142010897555, -0.9487989356662939, 2.0812494456546973, 142699000000, 
-0.3195585945651721, -0.9444517096873679, 2.091922592108402, 142733000000, 
-0.32079347179351875, -0.9401393190593483, 2.1030510060423353, 142767000000, 
-0.3224735350941674, -0.9359121453283223, 2.114683699755513, 142801000000, 
-0.32451419383879404, -0.9317429952035632, 2.1268645600050236, 142835000000, 
-0.32676189113586673, -0.9276546046638329, 2.139605351814023, 142869000000, 
-0.3292883859364509, -0.92365164612056, 2.1528559737743396, 142903000000, 
-0.33217668339894363, -0.9195969597513715, 2.166002662154656, 142937000000, 
-0.33513112797878347, -0.9154301724777597, 2.178744192130871, 142971000000, 
-0.3381084890991048, -0.9111957996579432, 2.191131822472568, 143005000000, 
-0.3411572141463666, -0.90691715398408, 2.2033625887499797, 143039000000, 
-0.34430659660572016, -0.9026472363040938, 2.2156246360233585, 143073000000, 
-0.3475276792838971, -0.8983990755717974, 2.2279431188379726, 143107000000, 
-0.35078622682145705, -0.8942035195092933, 2.240255982329406, 143141000000, 
-0.3540444367887639, -0.8900782715949656, 2.25253973428114, 143175000000, 
-0.35721578135550625, -0.8861494026479524, 2.2645722323453947, 143209000000, 
-0.3604141875892931, -0.8822878518992228, 2.276438079254916, 143243000000, 
-0.36363453018626557, -0.878529354965862, 2.2883051354752237, 143277000000, 
-0.3669251230474812, -0.8748337243666869, 2.3003481913855697, 143311000000, 
-0.3702651491806935, -0.8711824030624575, 2.3125753421649717, 143345000000, 
-0.3736728068052067, -0.8675372421822769, 2.324789619567973, 143379000000, 
-0.3771434840026051, -0.8638809026619321, 2.336718587588151, 143413000000, 
-0.3807121942304758, -0.8602076639916544, 2.3482152412450583, 143447000000, 
-0.3843748044502264, -0.8565570544578885, 2.359194142095636, 143481000000, 
-0.3880695509102281, -0.8529593516148022, 2.3699001336907846, 143515000000, 
-0.39178353275111066, -0.849419109568542, 2.3804549227791134, 143549000000, 
-0.3955147933090518, -0.8459253323547976, 2.390617953265367, 143583000000, 
-0.3992699768150421, -0.8424748443898847, 2.4006482085890335, 143617000000, 
-0.4030639927790423, -0.8390556338930835, 2.4107029957972905, 143651000000, 
-0.40689927848268603, -0.8356684058761539, 2.4208415492199573, 143685000000, 
-0.41076754971181256, -0.8323180495258617, 2.431089173012497, 143719000000, 
-0.41466631019967354, -0.8290055450104237, 2.44127953984759, 143753000000, 
-0.41859718305580246, -0.8257314598539365, 2.451433396690522, 143787000000, 
-0.42256178411181294, -0.8224957221343582, 2.4616094706612475, 143821000000, 
-0.42655897939167725, -0.8192978888065156, 2.4717718230542842, 143855000000, 
-0.43058699669695727, -0.8161396765209901, 2.4819164698442946, 143889000000, 
-0.4346452102269984, -0.8130198408503658, 2.492081000434295, 143923000000, 
-0.43873423711414733, -0.8099395811179935, 2.5022715684107664, 143957000000, 
-0.44285364827969326, -0.8068996922458438, 2.5124529877813244, 143991000000, 
-0.4470026515720401, -0.8039012504041209, 2.522617167414052, 144025000000, 
-0.45118040246769336, -0.8009448949557346, 2.532800735816895, 144059000000, 
-0.45538655343859386, -0.7980311674258354, 2.543008592082552, 144093000000, 
-0.4596207503860249, -0.7951604714031903, 2.5532103175511827, 144127000000, 
-0.46388255309128223, -0.7923330228108745, 2.563410555210882, 144161000000, 
-0.4681715363791085, -0.7895491616810341, 2.5736245113275866, 144195000000, 
-0.4724873095931994, -0.7868091952551737, 2.5838449971185007, 144229000000, 
-0.4768294642391466, -0.7841134883870822, 2.5940646155250713, 144263000000, 
-0.4811975556569568, -0.7814623027491248, 2.604288425645006, 144297000000, 
-0.4855911557781252, -0.7788559489056778, 2.6145183507766974, 144331000000, 
-0.4900098409308911, -0.7762947246590706, 2.6247501463363587, 144365000000, 
-0.49445316949243445, -0.7737789101951121, 2.634982876793367, 144399000000, 
-0.49892069287603313, -0.7713087850958044, 2.645218226121548, 144433000000, 
-0.503411965772204, -0.7688846278031263, 2.655455369583213, 144467000000, 
-0.5079265378324798, -0.7665067061960267, 2.665692680843129, 144501000000, 
-0.512462249982707, -0.7641753696194099, 2.675930582762574, 144535000000, 
-0.5169937217188509, -0.7619039505368864, 2.686376559672082, 144569000000, 
-0.521538476394241, -0.7596864757703096, 2.6972720153631373, 144603000000, 
-0.5261076362137839, -0.7575184798969505, 2.7080634523502676, 144637000000, 
-0.5307127196641639, -0.7553890943450131, 2.718570350788178, 144671000000, 
-0.5353537884013244, -0.7533068060513549, 2.7288920362536238, 144705000000, 
-0.5400231560740651, -0.751269760598456, 2.739105013509551, 144739000000, 
-0.5447166275655241, -0.7492793574455915, 2.7492548370366134, 144773000000, 
-0.5494316321266638, -0.7473364816080502, 2.759366909903204, 144807000000, 
-0.5541669351755066, -0.7454411116093885, 2.7694530675193283, 144841000000, 
-0.5589216450786627, -0.7435982395149967, 2.7795200167777425, 144875000000, 
-0.5636931327661958, -0.7418043529764055, 2.7895885768398827, 144909000000, 
-0.5684725580776545, -0.7400595214185182, 2.799698014616988, 144943000000, 
-0.5732652377855889, -0.7383643503303184, 2.8099334971638097, 144977000000, 
-0.5780669251889629, -0.7367192575352592, 2.8202616270157916, 145011000000, 
-0.5828934844690692, -0.735124640388173, 2.830469260643514, 145045000000, 
-0.5877352870031675, -0.7335798052167234, 2.840543673205239, 145079000000, 
-0.5925912097282687, -0.7320846200116199, 2.8507141820803596, 145113000000, 
-0.597460854233925, -0.7306394232248559, 2.8609331631109014, 145147000000, 
-0.6023439742750306, -0.7292443470472966, 2.871085261451819, 145181000000, 
-0.6072398824559835, -0.7278992378697784, 2.8812279918648613, 145215000000, 
-0.6121479943461631, -0.7266043103849109, 2.8914118534629547, 145249000000, 
-0.6170679284566479, -0.7253598637905012, 2.901591908308071, 145283000000, 
-0.6219991921121533, -0.7241659616646029, 2.9117513613057553, 145317000000, 
-0.6269412038061694, -0.7230226733270001, 2.921919803591664, 145351000000, 
-0.6318934603081252, -0.7219301946206205, 2.932099218302665, 145385000000, 
-0.6368554847016432, -0.7208886809726919, 2.942272565822994, 145419000000, 
-0.6418267471281918, -0.7198982207216337, 2.952443103715246, 145453000000, 
-0.6468067121999916, -0.7189589346325981, 2.9626196058911294, 145487000000, 
-0.6517948714307448, -0.7180709629016807, 2.972798060166712, 145521000000, 
-0.6567907098970494, -0.7172344100329273, 2.982974589075242, 145555000000, 
-0.6617936964096534, -0.7164493648813232, 2.993152460277812, 145589000000, 
-0.666803304173291, -0.7157159257700991, 3.003333077005338, 145623000000, 
-0.6718190113746698, -0.7150341829300566, 3.0135143240481783, 145657000000, 
-0.6768402899583935, -0.7144042093879389, 3.0236960337262233, 145691000000, 
-0.6818666080121669, -0.7138260737077275, 3.0338795147662685, 145725000000, 
-0.6868974231945052, -0.7132998619815497, 3.0440646451535858, 145759000000, 
-0.6919322254406883, -0.7128255947553774, 3.054250828732396, 145793000000, 
-0.6969704738942217, -0.7124033358784585, 3.0644383635932115, 145827000000, 
-0.7020116320491168, -0.7120331351804934, 3.074627691938025, 145861000000, 
-0.707055164561899, -0.7117150362619534, 3.0848186562913, 145895000000, 
-0.7121005348034918, -0.7114490773118644, 3.0950111955727744, 145929000000, 
-0.7171472046551334, -0.711235292876362, 3.105205576248304, 145963000000, 
-0.7221946352006896, -0.7110737146712736, 3.115401948421849, 145997000000, 
-0.7272422866798803, -0.7109643706959575, 3.125600285624047, 146031000000, 
-0.7322896272143249, -0.7109072795331092, 3.135800687541489, 146065000000, 
-0.7373361004631959, -0.7109024689661796, -3.137181993551916, 146099000000, 
-0.7423811677565255, -0.7109499486757637, -3.1269770528000773, 146133000000, 
-0.747424276447443, -0.7110497542872828, -3.116769671027947, 146167000000, 
-0.7524644560715917, -0.7112014593385245, -3.106555638369516, 146201000000, 
-0.7575030276194322, -0.711405756297913, -3.096262215982974, 146235000000, 
-0.7625401198578037, -0.7116627268367731, -3.086028307423035, 146269000000, 
-0.7675945120432951, -0.7119731074058772, -3.0758108831845767, 146303000000, 
-0.7726743176834873, -0.7123343899639369, -3.064907545111805, 146337000000, 
-0.7777298322662848, -0.712729053537481, -3.053681265223793, 146371000000, 
-0.7827404554328459, -0.7131814819463871, -3.043336027017571, 146405000000, 
-0.7876821305075085, -0.7136774066479539, -3.033935135617557, 146439000000, 
-0.7925797398579617, -0.7142138393901608, -3.02527511982481, 146473000000, 
-0.7974601001533339, -0.714783838432929, -3.01697397204466, 146507000000, 
-0.8023529685377707, -0.7153937201161827, -3.008600193500022, 146541000000, 
-0.8072845213549237, -0.7160522000148203, -2.9997420495735136, 146575000000, 
-0.8122437689664096, -0.7167687533861199, -2.9901713811639494, 146609000000, 
-0.8172195227950515, -0.7175344236983405, -2.9800938652646147, 146643000000, 
-0.8221826825060718, -0.7183559517239675, -2.969912236423948, 146677000000, 
-0.8271702907476941, -0.7191276332457025, -2.960177428321572, 146711000000, 
-0.8320126894223582, -0.7185031960445976, -2.9508294211349564, 146745000000, 
-0.8369415019020204, -0.7183199561014272, -2.9410705705114566, 146779000000, 
-0.8419301488061285, -0.7185247700972028, -2.931003437678186, 146813000000, 
-0.8468945300343391, -0.7190191410305165, -2.9207402878368227, 146847000000, 
-0.8518386071816508, -0.7198529942572622, -2.9102920482202475, 146881000000, 
-0.8567716568957887, -0.7208487282594344, -2.8996243497618175, 146915000000, 
-0.8617074489941864, -0.7220103626319931, -2.8887911568061955, 146949000000, 
-0.8666167287335176, -0.7233400609605244, -2.8780823466969054, 146983000000, 
-0.8715017030633219, -0.7247160168803639, -2.8676804107935463, 147017000000, 
-0.8763524106706087, -0.7260987861063117, -2.8573042224738527, 147051000000, 
-0.8811763409134733, -0.7275171153621508, -2.8467837795420508, 147085000000, 
-0.8859782126667143, -0.7289953295068673, -2.8361394360282475, 147119000000, 
-0.8907679325375137, -0.7305376298619354, -2.8254478137296752, 147153000000, 
-0.8955576065855646, -0.7321374662343648, -2.8147532568214397, 147187000000, 
-0.9003675132651663, -0.7338006909394859, -2.804184649170361, 147221000000, 
-0.9051602034322015, -0.7355000295247569, -2.7937111741907814, 147255000000, 
-0.9099463528663805, -0.737255573565707, -2.7832834273033855, 147289000000, 
-0.9147106142855517, -0.7390561684417434, -2.7729151602511948, 147323000000, 
-0.9194381425635639, -0.7408967069377802, -2.762619480294777, 147357000000, 
-0.9241350983734388, -0.74279276189542, -2.7522443729732817, 147391000000, 
-0.9288013384557552, -0.7447423405936281, -2.741688328810564, 147425000000, 
-0.9334499252883698, -0.7467397122647559, -2.7310993539927413, 147459000000, 
-0.9380895119896973, -0.7487883255304854, -2.720574941970715, 147493000000, 
-0.9427190387970271, -0.7508800738137941, -2.7101413506894256, 147527000000, 
-0.9473355424167459, -0.7530443409125485, -2.6998008241680242, 147561000000, 
-0.9519273590721514, -0.7552581544609922, -2.689611939830338, 147595000000, 
-0.9564971044603, -0.7575188882606279, -2.679481083621468, 147629000000, 
-0.9610442444099471, -0.7598253450394988, -2.6692751599475, 147663000000, 
-0.9655691754957628, -0.7621767581113591, -2.6590491034836283, 147697000000, 
-0.9700716212994438, -0.7645738110347263, -2.6488462812957922, 147731000000, 
-0.9745504493582706, -0.7670173795322177, -2.638645411561819, 147765000000, 
-0.9790061311314091, -0.7695070867618086, -2.628456427189288, 147799000000, 
-0.9834354411400247, -0.772041906378289, -2.618288184973847, 147833000000, 
-0.9878394833406481, -0.7746212449066536, -2.6080822302275983, 147867000000, 
-0.9922179839886248, -0.7772448736921167, -2.59786075110992, 147901000000, 
-0.9965703988640501, -0.7799128188529609, -2.587660766993088, 147935000000, 
-1.0008960736244528, -0.7826248634554839, -2.577469819171102, 147969000000, 
-1.005194627801083, -0.785380414014718, -2.5672729792367104, 148003000000, 
-1.0094658168640345, -0.7881788980395759, -2.5570730631853142, 148037000000, 
-1.0137092300439372, -0.7910201945172206, -2.5468704533359845, 148071000000, 
-1.0179242682506349, -0.7939043124947104, -2.5366661818634553, 148105000000, 
-1.0221104122027989, -0.7968309918683367, -2.5264658074837847, 148139000000, 
-1.0262666851865259, -0.7998010034583806, -2.51627401142083, 148173000000, 
-1.0303939486354572, -0.8028113292047548, -2.506091405833942, 148207000000, 
-1.0344910165195027, -0.8058630372572015, -2.4958785196719497, 148241000000, 
-1.0385574351302511, -0.8089559520515177, -2.485661382923846, 148275000000, 
-1.0425928536947826, -0.8120897474554174, -2.475460052413474, 148309000000, 
-1.0465963018197808, -0.8152638350925677, -2.465267698868452, 148343000000, 
-1.050566800893889, -0.8184770341290349, -2.45506548486763, 148377000000, 
-1.0545038012404655, -0.8217292448520379, -2.444847784306931, 148411000000, 
-1.0584069046579276, -0.8250202043588671, -2.4346373463492825, 148445000000, 
-1.062275724767838, -0.8283495616045288, -2.424431726389259, 148479000000, 
-1.0661098321129383, -0.8317169852152524, -2.414219038240418, 148513000000, 
-1.06990880538864, -0.8351221782837984, -2.4040039859144873, 148547000000, 
-1.0736722522346012, -0.8385648139110905, -2.3937923497968865, 148581000000, 
-1.0773997766831758, -0.8420445412960089, -2.3835803607461723, 148615000000, 
-1.0810909738071741, -0.8455610214521888, -2.373366107490011, 148649000000, 
-1.0847454458575378, -0.8491139102227387, -2.363152543337676, 148683000000, 
-1.0883627602532135, -0.8527028284053564, -2.352940408976071, 148717000000, 
-1.0919281413375512, -0.8563118647970095, -2.3426449922705177, 148751000000, 
-1.0954413649463428, -0.8599444772761324, -2.331877103093682, 148785000000, 
-1.0989123526002345, -0.8636124528446113, -2.3210237342706623, 148819000000, 
-1.102346786429746, -0.86732115127399, -2.310449572743048, 148853000000, 
-1.1057410998945274, -0.8710652069321995, -2.2998718329746555, 148887000000, 
-1.1090924910981859, -0.8748423567445536, -2.289144931832636, 148921000000, 
-1.1124027975028508, -0.8786553504208677, -2.2784538620015264, 148955000000, 
-1.1156744431714871, -0.8825055539171587, -2.267846569717637, 148989000000, 
-1.118910485663704, -0.8863992660150872, -2.2573258046026154, 149023000000, 
-1.122116037926688, -0.8903394139270995, -2.2470506245841677, 149057000000, 
-1.1252835631573823, -0.8943143620132217, -2.236984968957946, 149091000000, 
-1.1284099246426615, -0.8983198666286674, -2.226810467428171, 149125000000, 
-1.1314943139752365, -0.9023560462228946, -2.2165487285506056, 149159000000, 
-1.1345365004414685, -0.9064228012111155, -2.2063714664915057, 149193000000, 
-1.1375364477083394, -0.9105193871075341, -2.1962225241580478, 149227000000, 
-1.1404937086121378, -0.9146452846488726, -2.1860199271880463, 149261000000, 
-1.1434078394303762, -0.9188002753883254, -2.175816050097197, 149295000000, 
-1.146278636427389, -0.9229839330664631, -2.1656433720846553, 149329000000, 
-1.149105842155645, -0.9271957099381678, -2.1554641071004492, 149363000000, 
-1.151889083544632, -0.9314351962796975, -2.145269597516309, 149397000000, 
-1.1546280548498267, -0.9357020089818437, -2.1350831044596634, 149431000000, 
-1.1573225060996153, -0.9399956759375246, -2.124903361982862, 149465000000, 
-1.1599721414262414, -0.9443157258984225, -2.1147174784507077, 149499000000, 
-1.162576651466597, -0.9486617299341995, -2.104529275262956, 149533000000, 
-1.1651357625323953, -0.9530332415349517, -2.094344807100397, 149567000000, 
-1.1676492055519356, -0.9574297885485361, -2.084160196790248, 149601000000, 
-1.170116696732262, -0.961850908055297, -2.0739728641200252, 149635000000, 
-1.1725379612995548, -0.9662961423382938, -2.0637854746935678, 149669000000, 
-1.1749127396971009, -0.9707650211039048, -2.0535986333956164, 149703000000, 
-1.1772407737032153, -0.9752570683094022, -2.0434105216809724, 149737000000, 
-1.1795218074337426, -0.9797718104244271, -2.0332210777633772, 149771000000, 
-1.1817555958155985, -0.984308770454367, -2.0230311404948504, 149805000000, 
-1.1839419005564202, -0.9888674652939375, -2.0128403154291545, 149839000000, 
-1.1860804867281614, -0.9934474096825082, -2.002647999809767, 149873000000, 
-1.1881715642483537, -0.9980477942994166, -1.9924390302080646, 149907000000, 
-1.1902145830250253, -1.00266993802343, -1.9821344254670774, 149941000000, 
-1.1922097710397108, -1.0073138691767134, -1.971931605599718, 149975000000, 
-1.194157501429464, -1.0119786824457029, -1.9617815600092983, 150009000000, 
-1.1960573623845785, -1.0166637528646787, -1.9515587207698928, 150043000000, 
-1.1979091637250696, -1.0213685160620516, -1.9413227477175339, 150077000000, 
-1.199722100931704, -1.0260831360588971, -1.931107092546662, 150111000000, 
-1.2014858395011325, -1.0308165798800317, -1.920895358671479, 150145000000, 
-1.2032020232267147, -1.0355687556109114, -1.9106810872090778, 150179000000, 
-1.2048684705705386, -1.0403371811911346, -1.9004636628610245, 150213000000, 
-1.2064857212965394, -1.045122473579225, -1.8902493594472634, 150247000000, 
-1.2080528601692926, -1.0499272545276745, -1.8800356242299052, 150281000000, 
-1.209565658967172, -1.0547545896045385, -1.8698241782209528, 150315000000, 
-1.2110376092807476, -1.0596085852353758, -1.8596042859454514, 150349000000, 
-1.2124664746539282, -1.0644870063489387, -1.8489671414594173, 150383000000, 
-1.2138121841931224, -1.0693937319495548, -1.838669577254167, 150417000000, 
-1.21509347666376, -1.0743101173481362, -1.8286520195279705, 150451000000, 
-1.2163216153113814, -1.079256886631259, -1.8184242364955567, 150485000000, 
-1.217507303941574, -1.08421479119384, -1.8079818888803825, 150519000000, 
-1.2186653071516922, -1.0891750135322165, -1.7974603628824233, 150553000000, 
-1.2197819234806997, -1.0941330842884402, -1.7869609203637253, 150587000000, 
-1.2208601849298308, -1.0990756427467776, -1.7767270258392327, 150621000000, 
-1.2218889191559235, -1.1040326254896147, -1.7666051810940222, 150655000000, 
-1.2228556724289374, -1.1089953331437585, -1.7564058966884035, 150689000000, 
-1.2237704330327375, -1.1139728925766135, -1.7462601174319932, 150723000000, 
-1.2246142051365392, -1.1189787367722255, -1.7358363281721392, 150757000000, 
-1.2253986334586657, -1.123994976586303, -1.725509369760373, 150791000000, 
-1.2261285333232808, -1.1290237827553364, -1.715454153595193, 150825000000, 
-1.2268290123556431, -1.13406620096329, -1.7056265008018647, 150859000000, 
-1.227494236497128, -1.1391210380782972, -1.6956735296997296, 150893000000, 
-1.2281039253234776, -1.1441757390389224, -1.6854322699297222, 150927000000, 
-1.2286493407202128, -1.1492297616023968, -1.675101778936847, 150961000000, 
-1.229138686154969, -1.1542863615569026, -1.6649111542212836, 150995000000, 
-1.2295788405896615, -1.1593472261344684, -1.6548260837257505, 151029000000, 
-1.2299708340811837, -1.1644169436960325, -1.6446056654908021, 151063000000, 
-1.2303112786053996, -1.1694950283255063, -1.6342930716258481, 151097000000, 
-1.230597547787356, -1.174576398653147, -1.624068975333295, 151131000000, 
-1.2308302128079167, -1.179658121748293, -1.6139149221328553, 151165000000, 
-1.2310119438958045, -1.18474175251435, -1.6037342090713618, 151199000000, 
-1.2311445000985217, -1.189829495245863, -1.5935156318920394, 151233000000, 
-1.2312268548172385, -1.194920628192442, -1.5832862617832313, 151267000000, 
-1.2312569667658233, -1.2000125107255948, -1.5730681808808429, 151301000000, 
-1.2312344791068222, -1.205103719809884, -1.5628773741419058, 151335000000, 
-1.231160705068428, -1.2101948070387032, -1.5526995293738861, 151369000000, 
-1.2310364325576693, -1.2152864305228304, -1.542503088987681, 151403000000, 
-1.2308612868982003, -1.220377854325662, -1.5322868735970077, 151437000000, 
-1.2306343452295356, -1.2254675568372337, -1.5220771400600792, 151471000000, 
-1.2303554427242527, -1.2305546934851548, -1.5118855389629609, 151505000000, 
-1.2300250888609394, -1.235639278167625, -1.5016993572902066, 151539000000, 
-1.2296437988467936, -1.240721307386256, -1.4915043104975934, 151573000000, 
-1.2292115398476093, -1.2458000936988185, -1.4813001596668256, 151607000000, 
-1.2287279176322203, -1.250874655803647, -1.4710967009086915, 151641000000, 
-1.2281928316873263, -1.2559443660832526, -1.4609006886192644, 151675000000, 
-1.227606506558178, -1.2610089594622018, -1.450708961949321, 151709000000, 
-1.2269692704343718, -1.266068125484084, -1.4405135993556761, 151743000000, 
-1.2262805319069932, -1.271121252213136, -1.430312438306292, 151777000000, 
-1.2255406436283696, -1.2761675174140783, -1.420129131590506, 151811000000, 
-1.2247507558523538, -1.2812064161290577, -1.4099383556603968, 151845000000, 
-1.223910038730321, -1.286237401971042, -1.3997241774525784, 151879000000, 
-1.22301853296793, -1.291260013016611, -1.3895186898985783, 151913000000, 
-1.2220763872514036, -1.2962737510328137, -1.3793226053490535, 151947000000, 
-1.2210837000267771, -1.3012780721892925, -1.369117834916846, 151981000000, 
-1.2200403937120081, -1.306272125419603, -1.3589175668736064, 152015000000, 
-1.218947220044776, -1.3112543264085956, -1.3487308409737995, 152049000000, 
-1.2178040770710536, -1.3162240185426777, -1.3385213402606464, 152083000000, 
-1.2166109573243342, -1.3211807005762872, -1.3283070079428316, 152117000000, 
-1.2153679800264037, -1.3261238988257968, -1.318105255991579, 152151000000, 
-1.2140752964537886, -1.3310530859663718, -1.3079019014019986, 152185000000, 
-1.212732994004451, -1.3359677304373054, -1.297691055915354, 152219000000, 
-1.2113411717279314, -1.3408673324236018, -1.2874824897553265, 152253000000, 
-1.2098999766221026, -1.3457513881246024, -1.2772773778539284, 152287000000, 
-1.2084095519625087, -1.350619377878291, -1.2670702718240345, 152321000000, 
-1.2068700282636329, -1.3554707890246918, -1.2568622157209735, 152355000000, 
-1.2052815534769659, -1.360305117941836, -1.2466563063431813, 152389000000, 
-1.2036442898594812, -1.3651218572890675, -1.2364514376214895, 152423000000, 
-1.201958396429062, -1.369920497939565, -1.2262463735307016, 152457000000, 
-1.2002240340558923, -1.3747005358180033, -1.2160422295657134, 152491000000, 
-1.1984413736187967, -1.379461469346124, -1.2058395624344291, 152525000000, 
-1.196610594816828, -1.384202791319451, -1.1956377066639245, 152559000000, 
-1.1947318675318832, -1.3889240103662608, -1.1854366517236978, 152593000000, 
-1.1928053619137127, -1.393624617976535, -1.1752368676381746, 152627000000, 
-1.1908311735590102, -1.3983040203299684, -1.1650385010145996, 152661000000, 
-1.1888094208360869, -1.4029617790304134, -1.154841590391066, 152695000000, 
-1.1867402850909163, -1.4075973626019247, -1.1446464770823828, 152729000000, 
-1.1846239971828918, -1.4122103181176984, -1.1344528967305985, 152763000000, 
-1.1824608456924552, -1.416800122548973, -1.1242605858655175, 152797000000, 
-1.1802511478475965, -1.4213663298128734, -1.114069121988023, 152831000000, 
-1.1779952132931901, -1.4259085160441123, -1.1038785745140045, 152865000000, 
-1.1756932911889921, -1.4304262064207833, -1.0936887984887942, 152899000000, 
-1.1733456176539516, -1.434918924422147, -1.0834996052381225, 152933000000, 
-1.1709524459098783, -1.4393861857065875, -1.0733110003613493, 152967000000, 
-1.168514023714553, -1.4438275189584049, -1.0631229486071965, 153001000000, 
-1.1660306069934443, -1.448242452743314, -1.0529353059578124, 153035000000, 
-1.1635024566205223, -1.452630518168123, -1.042747909188092, 153069000000, 
-1.160929838249991, -1.4569912489321424, -1.0325606351588712, 153103000000, 
-1.1583130221707607, -1.4613241807934456, -1.022373326634139, 153137000000, 
-1.1556524857294013, -1.465629613834772, -1.0121473401687124, 153171000000, 
-1.1529469495814988, -1.4699072095516719, -1.0018787392620636, 153205000000, 
-1.1501969393055664, -1.4741572774101332, -0.9917156756733303, 153239000000, 
-1.147403237892528, -1.4783794803866752, -0.9815539831226681, 153273000000, 
-1.1445660335729417, -1.482573144006334, -0.9713308441184911, 153307000000, 
-1.141685443538764, -1.4867378503171942, -0.9611203965381717, 153341000000, 
-1.1387618959921648, -1.4908732695224294, -0.9509390677366166, 153375000000, 
-1.1357959974818383, -1.4949792925734864, -0.940741401625934, 153409000000, 
-1.1327935323453813, -1.4990590225493396, -0.9304983597187957, 153443000000, 
-1.1297488228170274, -1.5031021033654568, -0.9202627862495023, 153477000000, 
-1.1266618922507747, -1.5071118176242764, -0.9101173346025123, 153511000000, 
-1.1235346902056087, -1.5110931344457526, -0.8999634048168005, 153545000000, 
-1.1203656220531732, -1.5150456645504011, -0.8897182697331883, 153579000000, 
-1.1171564498742357, -1.5189654098556131, -0.8794626571291346, 153613000000, 
-1.1139056568015182, -1.5228498684107994, -0.8692700602063856, 153647000000, 
-1.1106105712958414, -1.5267001296163485, -0.8591034178582935, 153681000000, 
-1.1072707438969807, -1.530518487604781, -0.848910085920242, 153715000000, 
-1.1038866268074665, -1.5343051945044541, -0.8386911450636433, 153749000000, 
-1.1004588307741079, -1.5380584461820819, -0.8284740569829908, 153783000000, 
-1.0969885806861475, -1.5417770013894965, -0.8183040947070945, 153817000000, 
-1.093488732628638, -1.545461306565659, -0.8082326514999498, 153851000000, 
-1.0899595893525762, -1.549110663840287, -0.7980281779184089, 153885000000, 
-1.086400881685961, -1.5527248719496483, -0.787763469530908, 153919000000, 
-1.0828060835156965, -1.5563025653057452, -0.7774800640176986, 153953000000, 
-1.0791680563639703, -1.5598428099298145, -0.7672463919607646, 153987000000, 
-1.0754885646528654, -1.5633457944575102, -0.7570909343412602, 154021000000, 
-1.0717683860837808, -1.5668117737518346, -0.7469009906714156, 154055000000, 
-1.0680090831472384, -1.570241469271563, -0.73671947726545, 154089000000, 
-1.064222369607253, -1.5736345198296313, -0.726604254297712, 154123000000, 
-1.0604079980024645, -1.5769884351841712, -0.7163615040698029, 154157000000, 
-1.0565571119854293, -1.5803027812139392, -0.7060436897696508, 154191000000, 
-1.0526666290561144, -1.583578878867762, -0.6958578017825218, 154225000000, 
-1.0487396840588494, -1.5868162959824939, -0.6857416510453449, 154259000000, 
-1.0447825659039942, -1.5900138477289907, -0.6755643940026597, 154293000000, 
-1.0407964774991911, -1.5931713347887544, -0.6653281348761855, 154327000000, 
-1.0367778459023773, -1.596288904956866, -0.6550945056939765, 154361000000, 
-1.0327242674184678, -1.599366109543977, -0.6448933815649326, 154395000000, 
-1.0286376438543088, -1.6024022497970443, -0.6347182510790241, 154429000000, 
-1.0245213037291114, -1.6053969821945178, -0.6245386608827552, 154463000000, 
-1.0203761381598595, -1.60835030227731, -0.6143313764959073, 154497000000, 
-1.0162007084265068, -1.6112621101089197, -0.6041105039236702, 154531000000, 
-1.0119941087159232, -1.614131922225188, -0.5939045807534828, 154565000000, 
-1.0077574131510108, -1.6169591101093028, -0.5837163616524211, 154599000000, 
-1.0034923895565684, -1.6197433628236215, -0.5735264914439214, 154633000000, 
-0.9991997459044503, -1.6224846969681612, -0.5633232891770903, 154667000000, 
-0.9948777366236357, -1.6251820152231717, -0.5531228678950605, 154701000000, 
-0.9905291871552354, -1.6278366206573138, -0.5429374666610128, 154735000000, 
-0.9861537038369951, -1.6304472773090632, -0.5327294115931247, 154769000000, 
-0.9817516659402065, -1.6330136622961844, -0.5225162331958931, 154803000000, 
-0.9773235160102485, -1.6355355661979496, -0.5123162806752175, 154837000000, 
-0.9728697513346991, -1.638012754731584, -0.5021151694651149, 154871000000, 
-0.9683908280222464, -1.6404449449997272, -0.4919062169439441, 154905000000, 
-0.9638871840692946, -1.642831882680759, -0.48169878191132787, 154939000000, 
-0.9593592067056324, -1.6451732010506004, -0.47149500683127765, 154973000000, 
-0.9548084292067246, -1.647468417163983, -0.4613097334250667, 155007000000, 
-0.950235828031042, -1.6497169885420775, -0.45110873041090255, 155041000000, 
-0.9456417743412067, -1.6519185221629977, -0.4408917582714101, 155075000000, 
-0.9410266799960415, -1.6540727872426062, -0.4306876767394684, 155109000000, 
-0.9363910498039587, -1.6561795969890816, -0.420489495773755, 155143000000, 
-0.9317353750234559, -1.6582386969830356, -0.41028302519291804, 155177000000, 
-0.9270601046948445, -1.6602498339597376, -0.4000759985055364, 155211000000, 
-0.9223657118153789, -1.6622128034237158, -0.3898745938322376, 155245000000, 
-0.9176526932668154, -1.6641273987653116, -0.37967306589973104, 155279000000, 
-0.9129215327498216, -1.6659933962509892, -0.36946954412601346, 155313000000, 
-0.9081727094168637, -1.667810587190199, -0.359267834693248, 155347000000, 
-0.903406716283175, -1.6695787786425214, -0.3490681070497577, 155381000000, 
-0.8986240568681653, -1.6712977745879678, -0.3388682421737523, 155415000000, 
-0.8938252135401185, -1.672967380412746, -0.32866876989048993, 155449000000, 
-0.8890106886881833, -1.6745874117736155, -0.31847079443174764, 155483000000, 
-0.8841809855188841, -1.6761576896923989, -0.3082737742734887, 155517000000, 
-0.8793366064747209, -1.677678030130857, -0.2980772915938931, 155551000000, 
-0.8744780471154523, -1.6791482255095578, -0.2878818574648703, 155585000000, 
-0.869605813811173, -1.6805680967786822, -0.2776876445158787, 155619000000, 
-0.8647204236466537, -1.6819374980108326, -0.26749434517247656, 155653000000, 
-0.8598224002303899, -1.68325631108733, -0.2573018751198306, 155687000000, 
-0.8549122639619005, -1.6845244114005566, -0.24711032768769892, 155721000000, 
-0.849990532912902, -1.6857416640020333, -0.23691961625839392, 155755000000, 
-0.8450577269140839, -1.6869079402818896, -0.22672959487366304, 155789000000, 
-0.8401143614019296, -1.6880231177256593, -0.21654022691076125, 155823000000, 
-0.8351609707428508, -1.6890870818319426, -0.20635141425349662, 155857000000, 
-0.8302116261221492, -1.6900972269229066, -0.19607187180527494, 155891000000, 
-0.8252718025979285, -1.6910565981169556, -0.18541308196781273, 155925000000, 
-0.8202983883141175, -1.6919626146471085, -0.17471341894928036, 155959000000, 
-0.8153029638569878, -1.69281676776272, -0.1647054671795012, 155993000000, 
-0.8102986028746765, -1.6936213314090676, -0.15474186996415462, 156027000000, 
-0.8052864834001875, -1.6943747010986927, -0.144377393593452, 156061000000, 
-0.8002661509341866, -1.6950759211491186, -0.13408771600187053, 156095000000, 
-0.7952379931649801, -1.6957258971485356, -0.12400356471038881, 156129000000, 
-0.7902031002165526, -1.6963247565990354, -0.11383385750787352, 156163000000, 
-0.7851619585862264, -1.6968719364864417, -0.10357429532704839, 156197000000, 
-0.7801152896223217, -1.6973676205904566, -0.09338107112680064, 156231000000, 
-0.7750658463156441, -1.697815376426379, -0.0832073076949171, 156265000000, 
-0.7700071979096259, -1.6982110303703029, -0.07294993129557015, 156299000000, 
-0.7649414773001263, -1.6985543790475264, -0.06272949986433786, 156333000000, 
-0.7598739351019097, -1.6988423130566126, -0.05256418331805309, 156367000000, 
-0.7548058470294753, -1.699074230953734, -0.042361976003721546, 156401000000, 
-0.7497345127172169, -1.6992520489127483, -0.03219823713072006, 156435000000, 
-0.7446583321929017, -1.6993859934898579, -0.022114987432199994, 156469000000, 
-0.7395795258896383, -1.6994732480357087, -0.011850728934588656, 156503000000, 
-0.7345007224910701, -1.6995059788405944, -0.001496393776873703, 156537000000, 
-0.7294221413101644, -1.6994823204002427, 0.008683622525567506, 156571000000, 
-0.7243428124135234, -1.699405728204929, 0.018767255744535628, 156605000000, 
-0.7192627368418886, -1.6992798430411813, 0.028945723489139652, 156639000000, 
-0.7141832212397543, -1.6991049616788505, 0.039205042912449514, 156673000000, 
-0.7091056535799057, -1.6988782461076106, 0.04944822121701305, 156707000000, 
-0.7040304426029301, -1.6985975354266671, 0.0596447904184583, 156741000000, 
-0.6989573627919523, -1.6982639348976274, 0.06981307368850291, 156775000000, 
-0.6938866663037981, -1.6978798162111857, 0.07999105147888168, 156809000000, 
-0.6888193491929842, -1.697445683962657, 0.09020601908904878, 156843000000, 
-0.6837563747023917, -1.6969601404064816, 0.10043707403942823, 156877000000, 
-0.6786981322587822, -1.6964220723230463, 0.11064451198801897, 156911000000, 
-0.6736447742473769, -1.6958318711054605, 0.12082727301957899, 156945000000, 
-0.6685967489078627, -1.6951906620973927, 0.1310155369111138, 156979000000, 
-0.6635548147780809, -1.6944989038794442, 0.141224119551394, 157013000000, 
-0.6585197603252425, -1.6937545493899526, 0.15142423140054478, 157047000000, 
-0.6534920190228714, -1.6929603044961008, 0.16161437376304869, 157081000000, 
-0.6484722085247883, -1.6921150449073525, 0.171824494963925, 157115000000, 
-0.6434608243590247, -1.691218802580363, 0.18203519465160226, 157149000000, 
-0.6384583537585139, -1.69027171440082, 0.1922345051402453, 157183000000, 
-0.6334653319565475, -1.6892739141530408, 0.20243614440468, 157217000000, 
-0.6284822859265745, -1.6882254840307998, 0.21264345210912575, 157251000000, 
-0.6235097160941411, -1.6871265242787368, 0.22284823900541337, 157285000000, 
-0.6185481313324591, -1.685977164672747, 0.2330508398206104, 157319000000, 
-0.613598051147166, -1.6847775241495615, 0.2432558180247726, 157353000000, 
-0.6086599860509455, -1.6835277142606688, 0.25346202884953084, 157387000000, 
-0.603734466564889, -1.682227709848228, 0.2636666783921396, 157421000000, 
-0.5988229253343846, -1.680878146714613, 0.27384913655740606, 157455000000, 
-0.593926494400001, -1.6794793502763725, 0.2840466314168101, 157489000000, 
-0.5890457236264107, -1.6780312518373235, 0.2942635704582709, 157523000000, 
-0.5841810683509779, -1.6765339481832626, 0.3044669843587817, 157557000000, 
-0.5793330238188799, -1.6749876490143891, 0.31466261082972985, 157591000000, 
-0.5745021300347211, -1.6733925012438757, 0.32486734643265447, 157625000000, 
-0.56968889346388, -1.671748615475841, 0.33507352179790034, 157659000000, 
-0.5648938013064652, -1.6700561586643843, 0.34527342396394867, 157693000000, 
-0.560117361868924, -1.668315316155604, 0.35547313951233656, 157727000000, 
-0.5553600870070685, -1.666526247469569, 0.36567529309213537, 157761000000, 
-0.550622473079509, -1.6646891171883837, 0.3758756709201796, 157795000000, 
-0.5459050150973876, -1.6628041118012973, 0.38607377010678345, 157829000000, 
-0.5412082142910226, -1.6608714182083484, 0.3962720133993459, 157863000000, 
-0.5365325684538209, -1.6588912198307877, 0.4064700281213034, 157897000000, 
-0.5318785698651848, -1.6568637101507449, 0.41666653820657223, 157931000000, 
